104.47,-0,0,0
104.47,15.708,0,0
104.47,15.708,0,0
104.47,12.763,-7.3843e-16,-1.6163e-20
104.47,8.6855,-1.1466e-15,-2.2277e-19
104.47,4.8079,-8.3988e-16,-7.7856e-19
104.47,1.6935,-1.6333e-15,2.8319e-18
104.47,-0.5272,-9.9749e-16,-4.0966e-18
104.47,-1.9437,-1.8215e-15,-1.2326e-17
104.47,-2.7367,-1.22e-15,-1.6673e-17
104.47,-3.0908,-1.6929e-15,-2.1247e-17
104.47,-3.1624,-1.8412e-15,-2.7631e-17
104.47,-3.07,-2.0028e-15,-3.4949e-17
105.47,-2.8938,-1.0098e-15,-3.91e-17
105.47,-2.6866,-1.0122e-15,-3.9344e-17
105.47,-2.4804,-1.8001e-15,-4.2813e-17
105.47,-2.2884,-2.3327e-15,-5.1634e-17
105.47,-2.1167,-2.548e-15,-6.2816e-17
105.47,-1.9629,-2.3742e-15,-7.2677e-17
105.47,-1.8248,-2.1301e-15,-7.8977e-17
106.47,-1.7001,-1.4106e-15,-7.9194e-17
106.47,-1.5891,-9.2943e-16,-7.283e-17
106.47,-1.4885,-1.1659e-15,-6.6256e-17
106.47,-1.3975,-2.763e-16,-5.7073e-17
106.47,-1.3131,-1.6675e-17,-4.2795e-17
107.47,-1.2323,-5.6183e-16,-3.3121e-17
107.47,-1.1569,-1.6905e-15,-3.5943e-17
107.47,-1.0846,-1.8771e-15,-4.6601e-17
107.47,-1.0172,-1.2524e-15,-5.2142e-17
108.47,-0.95552,-1.6623e-15,-5.5103e-17
108.47,-0.89627,-2.1684e-15,-6.3615e-17
108.47,-0.84177,-1.547e-15,-6.944e-17
108.47,-0.79104,-1.1401e-15,-6.6844e-17
108.47,-0.7425,-6.3415e-16,-5.8461e-17
109.67,-0.69626,-0.02602,-4.7065e-17
109.67,-0.65286,-0.026312,-4.1435e-17
109.67,-0.6126,-0.020784,2.6313e-05
109.67,-0.57445,-0.011556,0.00016607
110.67,-0.53877,-0.0018017,0.00041744
110.67,-0.50568,0.0083052,0.00074327
110.67,-0.4748,0.016642,0.0010909
110.67,-0.44684,0.022419,0.0013928
110.67,-0.41968,0.024829,0.0016269
110.67,-0.39437,0.024475,0.0017292
111.67,-0.3693,0.022205,0.0016912
111.67,-0.347,0.015739,0.0015057
111.67,-0.32629,0.0087974,0.0012005
111.67,-0.30666,0.0024075,0.00080075
111.67,-0.28812,-0.0038636,0.00039751
111.67,-0.27051,-0.0096971,-2.0772e-05
112.87,-0.25345,-0.042285,-0.00036498
112.87,-0.23847,-0.044562,-0.0006364
112.87,-0.22319,-0.039209,-0.00075903
112.87,-0.20969,-0.027861,-0.00069219
112.87,-0.19548,-0.013786,-0.0003896
112.87,-0.1828,0.00035647,0.00010904
112.87,-0.17233,0.012352,0.00067693
112.87,-0.16168,0.021099,0.0012103
112.87,-0.15093,0.026843,0.0016401
112.87,-0.14132,0.029235,0.0019331
113.87,-0.13213,0.027496,0.0020324
113.87,-0.1233,0.022935,0.0019703
114.07,-0.11517,-0.013059,0.0017123
114.07,-0.10806,-0.020249,0.0013623
114.07,-0.10119,-0.020639,0.00097228
114.07,-0.095016,-0.015877,0.00067765
114.07,-0.089172,-0.009859,0.00052016
114.07,-0.084184,-0.0023102,0.00053062
114.07,-0.07934,0.0043701,0.00061807
114.07,-0.074911,0.010041,0.0007469
114.07,-0.07064,0.013263,0.00089371
114.07,-0.065985,0.014525,0.00099357
114.07,-0.060097,0.013645,0.0010153
114.07,-0.055729,0.011308,0.00089486
114.27,-0.05283,-0.022621,0.00071232
114.27,-0.04966,-0.025536,0.0005026
114.27,-0.047131,-0.022319,0.00034368
114.27,-0.044222,-0.016524,0.00027387
114.27,-0.041626,-0.0093142,0.00031387
115.27,-0.038623,-0.00061774,0.00044926
115.27,-0.035438,0.0065087,0.0006679
115.27,-0.033553,0.01163,0.0009096
115.27,-0.031583,0.01529,0.0011057
115.27,-0.02923,0.016152,0.0012163
115.47,-0.027343,-0.015431,0.0012274
114.47,-0.026144,-0.017718,0.0011351
114.47,-0.025185,-0.0132,0.0010078
114.47,-0.023125,-0.0077637,0.00094471
115.47,-0.021437,-0.0018477,0.00094965
115.47,-0.020479,0.0043403,0.00098508
115.47,-0.019442,0.0090204,0.00107
115.47,-0.018179,0.013328,0.0011611
114.47,-0.017411,0.014577,0.0011929
114.47,-0.016189,0.013304,0.0011661
114.47,-0.015225,0.011837,0.0010372
115.67,-0.014139,-0.020952,0.00083948
115.67,-0.011946,-0.023714,0.00059949
115.67,-0.010581,-0.019565,0.0004057
114.67,-0.010157,-0.012093,0.00032924
114.67,-0.010738,-0.0048334,0.00040087
114.67,-0.0096438,0.0012413,0.00054314
115.67,-0.008048,0.0074471,0.00072271
115.67,-0.0074843,0.012591,0.00088846
115.67,-0.007955,0.014983,0.0010115
114.67,-0.0082205,0.015045,0.0010563
114.87,-0.0083803,-0.016949,0.0010223
114.87,-0.0075469,-0.020127,0.00085778
114.87,-0.0063963,-0.017786,0.00068461
114.87,-0.0054503,-0.011632,0.00061948
114.87,-0.004458,-0.0033825,0.00065617
115.87,-0.0035237,0.0041271,0.00078899
115.87,-0.0041885,0.0096341,0.00094418
114.87,-0.0038935,0.014071,0.0010636
114.87,-0.0042505,0.41763,0.0011416
114.87,-0.0041915,0.41925,0.0011772
114.87,-0.0049118,0.32335,0.00034442
115.07,-0.005791,0.14979,-0.002311
115.07,-0.0054107,-0.0071485,-0.0067054
115.07,-0.0059942,-0.14514,-0.012087
115.07,-0.0058665,-0.25364,-0.01744
115.07,-0.0042568,-0.32273,-0.021866
116.07,-0.0022335,-0.34767,-0.024662
116.07,-0.0022208,-0.3302,-0.025389
115.07,-0.0026299,-0.27479,-0.024003
115.07,-0.0027481,-0.1937,-0.020661
115.07,-0.0018676,-0.096913,-0.015744
115.27,-0.00072262,-0.028386,-0.0098585
115.27,-0.00036859,0.06297,-0.0036707
115.27,0.00075308,0.14325,0.0022443
115.27,0.00026811,0.20146,0.0073676
115.27,-4.3379e-05,0.23251,0.011257
115.27,-0.00031864,0.23641,0.013636
115.27,-0.00020861,0.21355,0.014397
115.27,-0.0012907,0.16824,0.013567
115.27,-0.002288,0.10833,0.011385
115.27,-0.0027563,0.041624,0.0082108
115.27,-0.0022006,-0.023364,0.0044778
115.47,-0.0019229,-0.11034,0.00068026
115.47,-0.002065,-0.15386,-0.0028015
115.47,-0.0022939,-0.17448,-0.0055488
115.47,-0.0021621,-0.1728,-0.0072857
115.47,-0.002316,-0.15074,-0.0078294
115.47,-0.00069956,-0.115,-0.0072395
115.47,0.00046009,-0.067863,-0.0057024
115.47,0.00065462,-0.018398,-0.0034907
115.47,0.00064908,0.029924,-0.00090681
115.47,0.00022317,0.069861,0.0017149
115.47,6.9509e-05,0.09829,0.0040626
115.67,-2.7885e-05,0.084757,0.0058611
115.67,-0.00011366,0.085525,0.0069626
115.67,0.00071865,0.08062,0.0073278
115.67,0.0017867,0.068845,0.0070576
115.67,0.0016537,0.051358,0.0062763
115.67,0.0010949,0.029819,0.0050897
115.67,0.00095786,0.0063071,0.0036509
115.67,0.00090821,-0.016267,0.002099
115.67,0.00034168,-0.035263,0.00058847
115.67,-0.0011172,-0.049125,-0.00072138
115.67,-0.001531,-0.057537,-0.0017506
115.87,-0.00081203,-0.088117,-0.0024175
115.87,0.00018753,-0.082885,-0.0026698
115.87,-4.3232e-06,-0.064552,-0.0024848
115.87,-8.3694e-05,-0.039551,-0.0018164
114.87,0.00077672,-0.012398,-0.00080317
114.87,0.0014976,0.013254,0.00043637
114.87,0.0016786,0.034526,0.0016908
114.87,0.00045769,0.0499,0.0028118
114.87,0.00017152,0.056607,0.0036311
114.87,8.0672e-05,0.05867,0.0040852
115.87,-0.0012599,0.053349,0.0041582
115.87,-0.001635,0.041996,0.0038727
115.07,-0.0027219,-0.0037096,0.0032548
115.07,-0.0040033,-0.020287,0.002397
115.07,-0.004453,-0.030443,0.0014403
115.07,-0.0038169,-0.034926,0.00059578
115.07,-0.0038231,-0.034658,-6.13e-05
115.07,-0.0030506,-0.03116,-0.00045517
115.07,-0.0020705,0.087926,-0.00056048
115.07,-0.0019158,0.097247,-0.00041947
115.07,-0.0019333,0.080609,-0.00034051
115.07,-0.0010736,0.051626,-0.00064751
115.07,-0.00052168,0.018437,-0.0013671
115.07,-0.00039346,-0.014447,-0.0024028
115.27,0.00055917,-0.073597,-0.003558
116.27,0.00043665,-0.094691,-0.0046146
115.27,0.0004499,-0.099307,-0.0053589
115.27,0.00049186,-0.090592,-0.0055669
115.27,0.00016138,-0.071872,-0.0051562
115.27,0.00011376,-0.045508,-0.0041998
115.27,0.00012495,-0.016234,-0.0028426
115.27,0.0014401,0.012117,-0.0012444
115.27,0.0014208,0.036763,0.00040059
115.27,0.00056891,0.055415,0.0018891
115.27,-0.00012275,0.066177,0.0030831
115.27,-0.001564,0.067952,0.0038387
115.47,-0.0024682,0.031375,0.0041236
115.47,-0.0022162,0.019376,0.0039727
115.47,-0.0013175,0.0097171,0.0034405
115.47,-0.00024013,0.0011601,0.0027391
115.47,5.8573e-06,-0.0070172,0.0020003
115.47,7.7602e-05,-0.013201,0.0012766
115.47,0.00011355,-0.017075,0.00065549
115.47,0.00014138,-0.019166,0.00018364
115.47,0.00016819,-0.018951,-0.00014006
115.47,0.00019462,-0.016321,-0.00032817
115.47,-0.00015792,-0.012882,-0.00036714
115.47,-0.0011435,-0.007589,-0.00027166
115.67,-0.0013909,-0.033764,-0.00010739
115.67,-0.0014847,-0.028929,0.0001068
115.67,-0.0010104,-0.016994,0.00042035
115.67,-0.0013064,-0.0037762,0.00082771
115.67,-0.0010236,0.009247,0.001304
115.67,-0.00060157,0.020328,0.0017691
115.67,-0.00013222,0.029142,0.0021944
115.67,-1.3391e-05,0.033154,0.0025065
115.67,-0.00034661,0.033661,0.0026469
115.67,0.00012249,0.029166,0.0025719
115.67,0.0011637,0.022191,0.0022905
115.67,0.0014534,0.012923,0.001816
115.87,0.001587,-0.027449,0.0012518
115.87,0.0016882,-0.036727,0.00065641
115.87,0.0021615,-0.037859,0.00011986
115.87,0.0014358,-0.034285,-0.00023459
114.87,0.0013319,-0.025251,-0.00032952
114.87,0.00082104,-0.013846,-0.00018518
114.87,0.00073591,-0.0031811,0.00012183
114.87,-0.00017335,0.0062061,0.00050971
114.87,-0.00076484,0.014531,0.00087983
114.87,-0.00093044,0.021849,0.0012364
114.87,0.00028328,0.025397,0.001526
115.87,0.00093565,0.024656,0.0016702
115.87,0.0011112,0.022339,0.0016705
114.87,0.00080836,0.017202,0.0015258
115.07,0.00076618,-0.019835,0.0012358
115.07,-0.00013509,-0.02754,0.00084476
115.07,0.00056626,-0.027751,0.00045664
115.07,0.0011117,-0.023786,0.00021438
115.07,0.0012649,-0.016346,0.00012292
115.07,0.0013359,-0.0083757,0.00019163
115.07,0.0013901,0.00018233,0.00039981
115.07,0.0010626,0.0068789,0.0006636
115.07,0.00010195,0.011998,0.00094325
115.07,-0.00012223,0.014162,0.0011495
116.07,0.0010984,0.014275,0.001252
116.07,0.0013922,0.012342,0.0012331
115.07,0.0014933,0.0099893,0.0011242
115.27,0.0015537,-0.023927,0.0009425
115.27,0.0016054,-0.027431,0.00069907
115.27,0.00036313,-0.023113,0.00050523
115.27,-0.00029804,-0.015914,0.00043643
115.27,-0.00047826,-0.0075707,0.00049709
115.27,-0.0018503,0.00086404,0.00068441
115.27,-0.0022417,0.0087782,0.00091059
115.27,-0.0024287,0.01504,0.001159
115.27,-0.0021946,0.019874,0.0013522
115.27,-0.00094054,0.021563,0.0014427
115.27,0.0002108,0.020529,0.001454
115.27,0.0010067,0.016579,0.0013421
115.27,0.0025118,0.012483,0.001122
115.27,0.0042277,0.0073125,0.00081377
115.47,0.0038449,-0.028696,0.00047862
115.47,0.0033583,-0.033845,0.00011624
115.47,0.002066,-0.031485,-0.00015046
115.47,0.001836,-0.025232,-0.00025482
115.47,0.0018272,-0.016272,-0.0002088
115.47,0.0018642,-0.0069036,3.3616e-07
115.47,0.0015323,0.002875,0.00030264
115.47,0.0014837,0.012776,0.00066574
115.47,0.001494,0.020553,0.001001
115.47,0.0015165,0.023725,0.0012935
115.47,0.0015419,0.023924,0.0014665
115.47,0.0019464,0.021059,0.0014708
115.47,0.0020697,0.016875,0.0013263
115.47,0.00122,0.011398,0.0010485
115.67,0.00065902,-0.025682,0.00069679
115.67,0.00051855,-0.032475,0.00028253
115.67,0.00084439,-0.031258,-7.6605e-05
115.67,-8.0929e-06,-0.025332,-0.00028394
115.67,0.00067938,-0.016424,-0.00027351
115.67,0.0011959,-0.0063199,-7.3081e-05
115.67,2.2177e-05,0.0031863,0.00023186
115.67,-0.00027252,0.010004,0.00055684
115.67,-5.255e-06,0.015225,0.0008613
115.67,1.8579e-05,0.017927,0.0010796
115.67,0.0012856,0.018666,0.0011914
115.67,0.0024955,0.016955,0.0011936
115.67,0.0019084,0.013429,0.0010602
114.67,0.00090269,0.0082073,0.00081655
114.67,0.0010591,0.0027866,0.00051245
114.87,0.00056271,-0.032544,0.00016953
115.87,0.00043843,-0.036109,-0.00016578
115.87,0.00039178,-0.032428,-0.00037987
114.87,-0.00017477,-0.023849,-0.00040773
114.87,-0.00033995,-0.013391,-0.00023414
114.87,-0.00042169,-0.0026981,5.1267e-05
114.87,-0.00048603,0.00734,0.00039443
114.87,0.00036552,0.017597,0.0007782
114.87,0.00091844,0.025038,0.0011495
115.87,0.0019619,0.028065,0.0014377
115.87,0.0022401,0.0264,0.0015608
114.87,0.0010649,0.022352,0.0014993
114.87,0.00043837,0.016399,0.0012728
114.87,-0.00062588,0.0097985,0.00091719
114.87,-0.0012911,0.002337,0.00048854
115.07,-0.00060129,-0.035602,1.7127e-05
115.07,-0.00049624,-0.041142,-0.00044052
116.07,-0.00051352,-0.036388,-0.00075147
116.07,0.00035654,-0.027226,-0.00085458
115.07,0.00054351,-0.014093,-0.00070365
115.07,0.00058683,-0.00031692,-0.00029114
115.07,0.0006003,0.011405,0.00019905
115.07,0.00060733,0.020599,0.00066799
115.07,-0.00030004,0.026765,0.0010635
115.07,-0.00052961,0.029111,0.0013637
115.07,-0.00061751,0.02926,0.0014943
115.07,0.00061571,0.02607,0.0014571
115.07,0.00089637,0.019742,0.0012338
115.07,0.0013569,0.011783,0.00087128
115.07,0.00058209,0.0032229,0.00041663
115.07,0.0013313,-0.0046963,-5.7499e-05
115.27,0.00099536,0.068096,-0.00052357
115.27,0.00094158,0.061793,-0.00096921
115.27,0.00094702,0.038769,-0.0014866
115.27,0.0018793,0.010221,-0.0022282
115.27,0.0026711,-0.017296,-0.0031533
115.27,0.0029249,-0.040327,-0.0040999
115.27,0.0017738,-0.057217,-0.0049304
115.27,0.0011809,-0.066231,-0.0055047
115.27,0.0014414,-0.066767,-0.0057259
115.27,0.00098438,-0.05918,-0.0055631
115.27,0.00050855,-0.044901,-0.0049835
115.27,-0.00052607,-0.025997,-0.0040673
115.27,-0.0021009,-0.0058106,-0.0029258
115.27,-0.0021805,0.013245,-0.0016563
115.27,-0.0019302,0.028956,-0.00040971
115.47,-0.0010571,0.010285,0.00070615
115.47,-9.4957e-06,0.015875,0.0015605
115.47,0.00020542,0.023518,0.0021383
115.47,0.00024633,0.42888,0.002506
115.47,-0.00012708,0.43069,0.0026888
115.47,-0.00022469,0.33692,0.0019363
115.47,0.00065089,0.1939,-0.00073185
115.47,0.00086408,0.036717,-0.0051856
115.47,0.0013182,-0.1115,-0.010763
115.47,0.0014592,-0.23475,-0.016525
115.47,0.001533,-0.32095,-0.021537
115.47,0.0015956,-0.36215,-0.025045
115.47,0.0016499,-0.35702,-0.026508
115.47,0.0017057,-0.31048,-0.025721
115.47,0.0017572,-0.23355,-0.02276
115.47,0.0008988,-0.1359,-0.018043
115.47,0.0007154,-0.030146,-0.012111
115.67,0.00067696,0.038916,-0.005612
115.67,0.00067006,0.12272,0.00076775
115.67,0.00066911,0.18875,0.0063881
115.67,0.0010478,0.23053,0.010838
115.67,-0.0001498,0.24289,0.013776
115.67,-0.0004457,0.22802,0.015073
115.67,-0.00093266,0.18838,0.014722
115.67,-0.00072114,0.13015,0.012876
115.67,-0.00072127,0.062559,0.0098766
115.67,-0.00039052,-0.0058625,0.0061586
115.67,0.00056391,-0.067809,0.0021789
115.67,0.0016926,-0.11587,-0.0015542
115.67,0.0010723,-0.14863,-0.004674
114.67,4.2511e-05,-0.1623,-0.006917
114.67,-0.00020134,-0.15716,-0.0081287
114.67,0.0010093,-0.13514,-0.0082228
115.67,0.0025864,-0.098978,-0.007299
115.87,0.0021022,-0.085803,-0.0055344
115.87,0.00076341,-0.039383,-0.0032387
114.87,0.00047702,0.010808,-0.0005985
114.87,0.0004096,0.057493,0.0021311
114.87,0.00038781,0.094237,0.0046382
114.87,0.0012878,0.11795,0.0066761
114.87,0.0024244,0.12629,0.0080343
114.87,0.0027429,0.11984,0.0085841
114.87,0.0032659,0.099453,0.0083141
115.87,0.0016483,0.068533,0.0072953
115.87,0.0013179,0.03199,0.0056381
114.87,0.0012568,-0.0057804,0.0035902
114.87,0.00033672,-0.039287,0.0013989
114.87,-1.3093,-0.064706,-0.00065246
114.87,-2.9092,-0.080626,-0.0023567
114.87,-4.2374,-0.48716,-0.0035598
115.87,-5.1662,-0.48288,-0.0041795
115.87,-5.706,-0.26328,-0.0034197
115.07,-5.9297,-0.13104,-0.0004742
115.07,-5.924,0.026172,0.004278
115.07,-5.7663,0.17009,0.0097467
115.07,-5.1179,0.28443,0.014945
115.07,-4.8246,0.36,0.018992
115.07,-4.5964,0.39152,0.021229
115.07,-3.9913,0.3819,0.021396
115.07,-3.7892,0.33771,0.019516
114.07,-3.2683,0.26788,0.015913
114.07,-2.7648,0.18547,0.011055
114.07,-2.3346,0.10262,0.0055603
113.07,-1.5906,0.027741,3.6163e-05
113.07,-1.3261,-0.03092,-0.0050324
112.07,-0.80946,-0.06964,-0.0092488
112.07,-0.36114,-0.087069,-0.012409
111.07,-0.021454,-0.08577,-0.014458
111.07,0.61075,-0.068549,-0.015465
110.07,1.1532,-0.039101,-0.015547
110.07,1.5462,-0.0054182,-0.014904
110.07,1.7877,0.028492,-0.01372
109.07,1.9042,0.060305,-0.012175
109.07,2.3271,0.088471,-0.010386
108.07,2.6877,0.11102,-0.0084356
108.07,2.927,0.12923,-0.0063743
108.07,3.041,0.14405,-0.0041962
107.07,3.4504,0.15703,-0.0018794
107.07,3.7833,0.1691,0.00062787
107.07,3.5822,0.18077,0.0033085
107.07,3.6471,0.19299,0.0061776
107.07,4.0855,0.20434,0.0092724
107.07,4.0676,0.21748,0.012566
107.07,3.908,0.23167,0.016108
107.07,4.0806,0.24749,0.019866
106.07,4.2291,0.26475,0.023827
106.07,3.8963,-0.11768,0.027972
106.07,3.8711,-0.099731,0.032296
107.07,3.8506,-0.0054487,0.036409
107.07,3.7971,0.098712,0.039767
107.07,3.701,0.18116,0.042299
107.07,3.5683,0.23433,0.044207
107.07,3.4085,0.26189,0.045793
107.07,3.2316,-0.12792,0.047255
106.87,3.0484,-0.14444,0.048767
106.87,2.8621,-0.072763,0.049886
106.87,2.6802,0.0078747,0.050045
106.87,2.5073,0.066281,0.049243
106.87,1.9448,-0.30631,0.047658
106.87,1.793,-0.30447,0.045547
106.87,1.7348,-0.24341,0.042738
106.87,1.3092,-0.58375,0.038987
106.87,1.2853,-0.55096,0.034395
105.87,0.93467,-0.46673,0.028937
105.87,0.99396,-0.39183,0.02259
105.87,0.71808,-0.74733,0.015663
105.87,0.43586,-0.73116,0.0085145
105.87,0.20205,-0.65622,0.0012585
105.87,0.033644,-0.978,-0.0060189
105.87,-0.071503,-0.91536,-0.013083
105.87,-0.12498,-0.90969,-0.01973
105.87,-0.54121,-1.18,-0.025832
105.87,-0.53277,-1.0423,-0.031102
105.87,-0.82585,-0.83414,-0.035386
105.87,-0.69046,-0.62161,-0.038489
105.87,-0.88055,-0.83142,-0.040184
104.87,-1.0736,-0.6681,-0.040338
104.87,-1.2198,-0.44443,-0.038949
104.87,-1.307,-0.2157,-0.036056
104.87,-1.742,-0.0055692,-0.031775
104.67,-1.7381,-0.22288,-0.026291
104.67,-1.6277,-0.073072,-0.01993
104.67,-1.8817,0.13194,-0.012966
104.67,-1.7376,0.33523,-0.0055723
104.67,-1.9332,0.38966,0.0019199
104.67,-2.1252,0.52238,0.0091253
104.67,-1.8628,0.63734,0.015727
104.67,-1.9348,0.71995,0.021482
104.67,-2.029,1.1639,0.026142
104.67,-2.0955,1.1705,0.029528
104.67,-2.1164,1.0587,0.031327
104.67,-2.0917,0.89253,0.031277
104.67,-2.0298,0.71011,0.029447
104.67,-1.9408,0.93181,0.026117
105.67,-1.8364,0.77012,0.021698
105.67,-1.7238,0.54438,0.016389
105.67,-1.6093,0.31575,0.010393
105.67,-1.4978,0.51509,0.0040634
104.67,-1.3898,0.35693,-0.0021714
104.67,-0.88972,0.036928,-0.008091
104.67,-0.79746,-0.1499,-0.013641
104.67,-0.79587,0.12739,-0.018577
104.47,-0.82578,0.067753,-0.022608
105.47,-0.85207,-0.040348,-0.025721
105.47,-0.86467,-0.14493,-0.028145
105.47,-0.46008,0.17616,-0.029852
104.47,-0.44018,0.12864,-0.030879
104.47,-0.49319,0.025976,-0.031358
104.47,-0.16013,-0.078437,-0.03146
104.47,-0.2154,0.24062,-0.031234
104.47,0.067217,0.18993,-0.030692
104.47,-0.050046,0.083525,-0.02987
104.47,0.17755,-0.024122,-0.028878
104.47,0.41649,0.29181,-0.027739
104.47,0.21024,0.23757,-0.026406
104.47,0.343,0.12775,-0.024955
104.47,0.50082,0.015441,-0.023416
105.47,0.63575,-0.07247,-0.021768
105.47,0.72806,0.27059,-0.019978
104.47,0.77823,0.24265,-0.018126
104.47,0.79307,0.15352,-0.016224
104.47,0.78333,0.057745,-0.014286
104.47,0.75629,-0.021572,-0.012287
104.47,1.1189,-0.07469,-0.01029
104.27,1.0748,-0.10622,-0.0082958
104.27,0.94753,0.28188,-0.0063702
104.27,0.79798,0.28282,-0.0045666
104.27,1.0599,0.20991,-0.0028479
104.27,0.94643,0.12011,-0.0011516
104.27,0.77467,0.040615,0.00051871
105.27,1.0022,-0.017831,0.0021492
105.27,0.85341,-0.055596,0.003686
104.27,1.0552,-0.077067,0.0050847
104.27,0.86609,-0.086102,0.0062781
104.27,0.62793,-0.089355,0.007234
104.27,0.80894,-0.090064,0.0079639
105.27,0.63512,-0.089916,0.008466
105.27,0.82354,-0.090327,0.0087414
105.27,0.6319,-0.091708,0.0088049
104.27,0.79833,-0.093524,0.0086691
104.27,0.58788,-0.096612,0.0083726
104.27,0.74012,-0.10006,0.0079523
104.27,0.519,-0.10483,0.0074064
104.27,0.26674,-0.11115,0.0067334
104.27,0.4459,-0.11873,0.0059778
105.27,0.2793,-0.12557,0.0051808
105.07,0.08346,-0.13426,0.0043083
105.07,0.31206,-0.13879,0.0033518
104.07,0.18459,-0.14122,0.0023784
104.07,0.017202,-0.54357,0.0013795
104.07,0.26465,-0.54631,0.00039522
104.07,0.14984,-0.46599,-0.0006217
105.07,-0.0075664,-0.36406,-0.0017058
105.07,-0.15153,-0.26987,-0.0027932
105.07,0.13886,-0.19447,-0.0038374
104.07,0.068533,-0.14061,-0.0047862
104.07,-0.052588,-0.10508,-0.0055956
104.07,-0.17047,-0.4804,-0.0062501
104.07,-0.26215,-0.46504,-0.006743
105.07,-0.32304,-0.37215,-0.0070855
105.07,-0.35517,-0.25942,-0.0072819
105.07,-0.36401,-0.15517,-0.0073353
104.07,-0.35758,-0.071422,-0.0072798
104.07,-0.34278,-0.0096683,-0.0070704
104.07,-0.32407,0.032895,-0.0067309
104.07,-0.30368,0.061226,-0.006283
105.07,-0.2835,-0.32101,-0.0057558
105.07,-0.26431,-0.30977,-0.0051804
104.87,-0.64674,-0.21802,-0.0045732
103.87,-0.63075,-0.10843,-0.0038839
103.87,-0.53313,-0.008057,-0.0031681
103.87,-0.41523,0.071477,-0.0024303
104.87,-0.30659,0.12772,-0.0016812
104.87,-0.22014,0.16265,-0.00096563
104.87,-0.5576,0.18135,-0.00034735
104.87,-0.51764,0.18852,0.00018509
103.87,-0.40885,0.18668,0.00058977
103.87,-0.28649,0.17956,0.00090534
103.87,-0.18055,0.16825,0.0010856
104.87,-0.49899,0.15685,0.0011451
104.87,-0.44107,0.1448,0.0011315
104.87,-0.32153,0.13234,0.0010399
104.87,-0.19575,0.11987,0.00089991
104.87,-0.48899,0.1093,0.00072022
104.87,-0.40957,0.49946,0.00050593
103.87,-0.27286,0.49031,0.00026103
103.87,-0.13626,0.39691,-5.2462e-05
103.87,-0.02313,0.28177,-0.00045999
104.87,-0.3404,0.17511,-0.00093144
104.87,-0.28559,0.090085,-0.0014463
104.67,-0.17115,0.029005,-0.0019576
104.67,-0.050515,-0.012655,-0.0024496
104.67,0.050377,-0.0381,-0.0028262
104.67,0.12396,-0.051506,-0.0030994
104.67,0.17033,-0.056324,-0.003296
103.67,0.19516,0.34447,-0.003419
103.67,-0.19667,0.3483,-0.0034525
104.67,-0.19756,0.27011,-0.003471
104.67,-0.12104,0.16918,-0.0034842
104.67,-0.025055,0.076616,-0.003451
104.67,0.061597,0.0046589,-0.0034128
104.67,0.12695,-0.045203,-0.0033088
104.67,0.17029,-0.074714,-0.0031821
104.67,0.19483,-0.088498,-0.0030117
103.67,0.20448,-0.093249,-0.0028104
103.67,0.2025,-0.090658,-0.0026001
104.67,0.19448,-0.085632,-0.0023758
104.67,0.1843,-0.077645,-0.0021542
104.67,0.17234,-0.069865,-0.0019265
104.67,0.15929,-0.06236,-0.0017107
104.67,0.14835,-0.055734,-0.0014823
104.67,0.53792,0.34977,-0.0012992
104.67,0.52815,0.35416,-0.0011312
103.47,0.43508,0.27392,-0.00096917
103.47,0.32205,0.17202,-0.00077566
104.47,0.21759,0.078941,-0.00054626
104.47,0.13469,0.0065224,-0.0002904
104.47,0.074347,-0.044714,-2.2502e-05
104.47,0.034554,-0.075445,0.00021129
104.47,0.010119,-0.092052,0.00040613
104.47,-0.0052607,-0.098392,0.00057006
104.47,0.38683,-0.097658,0.00071643
104.47,0.38252,-0.093732,0.00080018
104.47,0.29796,-0.088051,0.00083953
104.47,0.19225,-0.082635,0.00082096
104.47,0.096134,-0.478,0.00077013
104.47,0.021289,-0.47481,0.00072364
104.47,-0.031364,-0.38866,0.00064082
104.47,-0.063037,-0.28108,0.00048083
104.47,-0.078679,-0.18298,0.00027398
104.47,-0.084199,-0.10433,3.9731e-05
104.47,-0.082712,-0.04868,-0.00020555
104.47,0.32217,-0.012937,-0.00044884
104.47,0.32913,0.0076249,-0.00064969
104.47,0.2522,0.017927,-0.00079331
104.47,0.15226,0.022335,-0.00088726
104.27,0.060444,0.023225,-0.00096149
104.27,-0.013028,0.021706,-0.0010062
104.27,-0.064424,0.019057,-0.0010493
104.27,-0.096674,0.017275,-0.0010514
104.27,-0.11268,0.015653,-0.0010338
104.27,-0.11862,0.014411,-0.00098616
104.27,-0.11842,0.013764,-0.0009524
104.27,-0.11368,0.014866,-0.00089756
104.27,-0.10675,0.016448,-0.00082908
104.27,-0.099387,0.016974,-0.00077996
104.27,-0.092564,0.017266,-0.00072824
104.27,-0.085701,0.017127,-0.00068495
104.27,-0.079077,0.016347,-0.00060703
104.27,-0.074051,0.01536,-0.00054589
104.27,-0.069443,0.013871,-0.00049918
104.27,-0.064157,0.012151,-0.00045187
104.27,-0.059703,0.010983,-0.00040082
104.27,-0.056346,-0.38877,-0.0003609
104.27,-0.053491,-0.38865,-0.00030512
104.27,-0.050565,-0.30469,-0.00026362
104.27,-0.046847,-0.19793,-0.00020208
104.27,-0.043495,-0.099262,-0.00011296
104.27,-0.040563,-0.021528,-1.4003e-05
104.27,-0.43837,0.033005,8.4944e-05
104.07,-0.43571,0.067474,0.00020687
104.07,-0.3502,0.086146,0.00029083
104.07,-0.24289,0.094859,0.00037835
104.07,-0.14416,0.09688,0.00044448
104.07,-0.066302,0.093898,0.00048037
104.07,-0.011916,0.48835,0.00048201
104.07,0.023378,0.48326,0.000479
104.07,0.043304,0.39246,0.00043724
104.07,0.05394,0.27975,0.00035597
104.07,0.05721,0.17524,0.00025638
104.07,0.056647,0.092929,0.00013585
104.07,0.054337,0.033847,1.5749e-05
104.07,0.051081,-0.0050373,-0.00010924
104.07,0.047421,-0.027598,-0.00022168
104.07,0.044008,-0.038771,-0.0003152
104.07,0.04015,-0.043089,-0.00037131
105.07,0.036573,-0.043437,-0.00039972
105.07,0.033841,-0.041221,-0.00041734
105.07,0.031748,-0.038264,-0.00044348
104.07,0.030695,-0.035178,-0.00043698
104.07,0.029579,-0.031589,-0.00041855
104.07,0.02818,-0.029935,-0.0003933
104.07,0.026421,-0.028353,-0.00036229
105.07,0.024288,-0.026442,-0.00032593
105.07,0.021781,-0.024117,-0.00028443
105.07,-0.37937,-0.021349,-0.00026881
104.07,-0.38009,-0.019043,-0.00024118
103.87,-0.29849,-0.017279,-0.00022355
103.87,-0.1944,-0.015758,-0.00019042
103.87,-0.098057,-0.014789,-0.00016606
104.87,-0.022515,-0.013671,-0.00014098
104.87,0.031747,-0.012282,-0.00011307
104.87,0.064976,-0.0093845,-0.00011295
104.87,0.083129,-0.0075409,-0.00010258
104.87,0.091134,-0.0063094,-8.843e-05
103.87,0.49131,-0.0051134,-7.204e-05
103.87,0.48805,-0.0042023,-6.9417e-05
103.87,0.39934,-0.0042377,-5.3825e-05
104.87,0.28682,-0.0045908,-3.4343e-05
104.87,0.18409,-0.0042456,-2.8756e-05
104.87,0.10214,-0.003776,-2.6568e-05
104.87,0.042437,-0.0032833,-2.5576e-05
104.87,0.0027158,-0.0027584,-2.5345e-05
103.87,-0.021692,-0.0021754,-2.5788e-05
103.87,-0.034744,-0.0015112,-2.6872e-05
103.87,-0.039392,-0.00075505,-2.8558e-05
104.87,-0.037763,-0.001637,-3.0664e-05
104.87,-0.034335,-0.002868,-3.3003e-05
104.87,-0.03167,-0.0037959,-1.9998e-05
104.87,-0.029727,-0.0049895,-1.8558e-05
104.87,-0.02765,-0.0062332,-1.9775e-05
103.87,-0.025253,-0.0074796,-2.1683e-05
103.87,-0.022491,-0.0087181,-2.3841e-05
103.87,-0.020257,-0.0078269,-1.0739e-05
104.87,-0.018759,-0.0067179,-9.2976e-06
104.87,-0.017216,-0.0054714,-1.0647e-05
104.67,-0.01544,-0.005266,-1.2761e-05
104.67,-0.014288,-0.0054333,4.1786e-07
104.67,-0.012236,-0.0042947,2.032e-06
104.67,-0.0097774,-0.002779,9.4416e-07
103.67,-0.008265,-0.0016169,-3.1955e-05
103.67,-0.0080569,-0.00099554,-4.2359e-05
104.67,-0.0076943,-0.00030263,-3.2383e-05
104.67,-0.0071924,0.0004633,-1.7238e-05
104.67,-0.0086669,0.00042078,-1.57e-05
104.67,-0.01058,0.0001986,-1.7191e-05
104.67,-0.01259,-6.3283e-05,-1.9356e-05
104.67,-0.011986,-0.00068996,-6.1217e-06
104.67,-0.0098003,-0.0010403,-4.2836e-06
104.67,-0.007095,-0.0013244,-4.9587e-06
103.67,-0.0058606,-0.00159,-6.1922e-06
103.67,-0.0066213,-0.0018502,-7.5537e-06
104.67,-0.005707,-0.0012265,6.5305e-06
104.67,-0.0043204,-0.00035153,2.4728e-05
104.67,-0.0048369,-0.00024558,2.9099e-05
104.67,-0.0057759,-0.00031043,3.0398e-05
104.67,-0.0068082,-0.00041296,3.1018e-05
104.67,-0.0078609,-0.00052382,3.1487e-05
104.67,-0.0089182,-0.00063653,3.1922e-05
103.67,-0.0099764,-0.00074968,3.2346e-05
103.67,-0.010156,-0.0012318,1.7226e-05
104.67,-0.0085023,-0.0014516,1.349e-05
104.67,-0.0063232,-0.0016102,1.2243e-05
104.67,-0.0063798,-0.0017535,1.1544e-05
104.67,-0.006933,-0.0018933,1.0964e-05
104.47,-0.0075955,-0.0020788,1.041e-05
104.47,-0.0082822,-0.0022164,9.8596e-06
104.47,-0.0068547,-0.001469,2.4833e-05
104.47,-0.0044951,-0.001353,2.8433e-05
104.47,-0.0018091,-0.0013724,2.9529e-05
104.47,0.0007063,-0.00053495,4.5595e-05
104.47,0.0024097,0.00090532,5.0157e-05
104.47,0.40151,0.0018001,2.1094e-05
104.47,0.40039,0.0017033,-1.3548e-06
104.47,0.31569,0.0016665,-7.5492e-06
104.47,0.20849,0.0015192,-1.0174e-05
104.47,0.11004,0.00086966,-2.7467e-05
104.47,0.033378,0.00036776,-3.3268e-05
104.47,-0.020143,-0.00014953,-3.6501e-05
104.47,-0.052734,-0.00069102,-3.9143e-05
104.47,-0.47078,-0.0012388,-4.1628e-05
104.47,-0.47909,-0.00089278,-2.848e-05
104.47,-0.39901,-0.0010999,-2.6581e-05
104.47,-0.29016,-0.00040121,-1.1561e-05
104.47,-0.18665,-0.00019327,-8.3039e-06
104.47,-0.10417,1.2128e-05,-7.6386e-06
104.47,-0.045293,0.00028904,-7.5548e-06
104.47,-0.0052392,0.00062635,-7.617e-06
104.47,0.018711,0.0001274,7.7459e-06
104.47,0.032212,0.00029322,1.1646e-05
104.47,0.036811,0.00060383,1.3008e-05
104.47,0.037489,0.00093857,1.3794e-05
104.47,0.03701,0.0012696,1.4438e-05
104.47,0.035985,0.0015909,1.5034e-05
104.27,0.034546,0.0020332,1.5606e-05
104.27,0.032725,0.0023206,1.6159e-05
104.27,0.02805,0.0025956,1.6696e-05
104.27,0.022332,0.0028562,1.7217e-05
104.27,0.018965,0.0018743,4.8735e-05
104.27,0.01709,4.769e-05,5.7462e-05
104.27,0.015701,-0.0011858,4.5586e-05
104.27,0.014593,-0.001465,4.3923e-05
104.27,0.013375,-0.0015386,4.4518e-05
104.27,0.011963,-0.0015715,4.5619e-05
104.27,0.010336,-0.0016001,4.6838e-05
104.27,0.0084914,-0.0016325,4.8088e-05
104.27,0.0081811,-0.0016692,4.9352e-05
104.27,0.0090008,-0.0013509,3.5105e-05
104.27,0.010027,-0.00094893,1.6695e-05
104.27,0.011055,-0.00052322,-3.3789e-06
104.27,0.011165,-0.00044527,-9.0487e-06
104.27,0.010109,-7.7954e-05,3.9808e-06
104.27,0.0086674,0.00037872,2.1894e-05
104.27,0.0078899,0.00051228,2.6125e-05
104.27,0.0071732,0.00057222,2.7339e-05
104.27,0.0081388,0.00061473,2.7888e-05
104.27,0.009475,0.00065342,2.829e-05
104.27,0.010016,0.0010483,1.3138e-05
104.27,0.0094612,0.0011687,9.324e-06
104.27,0.0085796,0.0012261,8.0081e-06
104.27,0.0075405,0.0012672,7.2425e-06
104.27,0.0072582,0.00094534,2.2122e-05
104.27,0.0079772,0.00089417,2.5683e-05
104.27,0.0089167,0.00090266,2.6751e-05
104.27,0.0099049,0.0009243,2.727e-05
104.07,0.0091495,0.00093281,2.7667e-05
104.07,0.0079241,0.00095242,2.8038e-05
104.07,0.0057851,0.00096894,2.8404e-05
104.07,0.0033234,0.00098163,2.8768e-05
104.07,0.00066935,0.00099035,2.9132e-05
104.07,-0.001785,0.00012466,4.501e-05
104.07,-0.0021828,-9.594e-05,4.9566e-05
104.07,-0.00088731,-0.00069808,2.0607e-05
104.07,0.00084217,-0.0014304,-1.7252e-05
104.07,0.0014885,-0.0017137,-2.7565e-05
104.07,0.0010194,-0.0015298,-1.6292e-05
104.07,-0.00010156,-0.0003445,-1.5021e-05
104.07,-0.0014268,0.0011203,-1.5974e-05
104.07,-0.0016182,0.001467,-1.7427e-05
104.07,-0.00068292,0.0012101,-3.479e-06
105.07,0.00090663,-6.6786e-05,-8.738e-07
105.07,0.0014616,-0.00038887,-7.6094e-07
105.07,0.0017885,-0.00050046,-1.1974e-06
104.07,0.0020649,-0.00056537,-1.7553e-06
104.07,0.0023301,-0.00062002,-2.3398e-06
104.07,0.00083855,-0.00067351,-2.9298e-06
104.07,-0.0011243,-0.00072898,-3.5209e-06
104.07,-0.001524,-0.00078599,-4.1121e-06
105.07,-0.001579,-0.00084335,-4.7034e-06
105.07,-0.00068147,-0.00054292,-2.0807e-05
105.07,-0.00040692,-0.0005138,-2.5594e-05
104.07,-0.00027049,-0.00054483,-2.7872e-05
104.07,-0.00016445,-0.00058909,-2.9598e-05
104.07,-6.5093e-05,-0.00063626,-3.1202e-05
104.07,3.2807e-05,-0.00068407,-3.2779e-05
104.07,0.00013039,-0.00073202,-3.4351e-05
105.07,0.00022789,-0.00078,-3.5921e-05
105.07,0.00032539,-0.00082799,-3.7491e-05
105.07,0.00042287,-0.00087598,-3.9061e-05
104.07,0.00052036,-0.00092397,-4.0631e-05
104.07,0.00061785,-0.00097197,-4.2201e-05
104.07,-0.0001618,-0.00065157,-2.8251e-05
104.07,-0.0011768,-0.00022241,-1.0144e-05
104.87,-0.0014103,-0.00014019,-5.8734e-06
104.87,-0.0014713,-9.6956e-05,-4.6547e-06
104.87,0.00062668,0.00081628,1.1431e-05
103.87,0.0033044,0.0019779,3.1536e-05
103.87,0.0032113,0.00023617,2.2179e-05
103.87,0.0033457,-0.00012932,2.1173e-05
104.87,0.0035297,-0.00019388,2.1992e-05
104.87,0.0037247,-0.00019213,2.3215e-05
104.87,0.0014377,-0.0001772,2.4526e-05
104.87,-0.0015186,-0.00016225,2.5857e-05
104.87,-0.0043788,0.00072327,1.1626e-05
103.87,-0.0030764,7.3391e-05,-6.785e-06
103.87,-0.00039148,-8.0496e-05,-1.1305e-05
103.87,0.00022996,-0.00012386,-1.2771e-05
104.87,0.00040023,-0.00014306,-1.3569e-05
104.87,0.00047108,-0.00015693,-1.4219e-05
104.87,-0.00035841,0.00019934,7.035e-07
104.87,-0.0014296,0.00066533,1.9816e-05
104.87,-0.0017175,0.00081413,2.5046e-05
103.87,0.00028927,9.7157e-06,1.1674e-05
103.87,0.0029038,-0.0010557,-6.5275e-06
103.87,0.0036312,-0.0013457,-1.0969e-05
104.87,0.003946,-0.0014663,-1.2403e-05
104.87,0.0041698,-0.0015495,-1.3172e-05
104.87,0.002253,-0.00075307,-2.9349e-05
104.87,-0.00023999,0.00026626,-4.9704e-05
104.87,-0.003327,0.00048969,-5.6186e-05
103.87,-0.0033,0.00019024,-1.294e-05
103.87,-0.00093831,0.0001413,-3.1605e-06
103.87,-0.00043061,0.00014896,-7.4113e-07
104.87,-0.00032829,0.00016898,6.8722e-08
104.87,-0.00031531,0.00019173,5.2389e-07
104.87,-0.00032202,0.00021509,9.0084e-07
104.87,-0.00033312,0.00023857,1.2604e-06
103.87,-0.00034517,0.00026209,1.6162e-06
103.87,-0.00035744,0.00028561,1.9712e-06
103.87,-0.00036975,0.00030914,2.3259e-06
104.87,-0.00038207,0.00033266,2.6806e-06
104.87,-0.0003944,0.00035619,3.0354e-06
104.87,-0.00040672,0.00037972,3.3901e-06
104.87,-0.00041905,0.00040325,3.7448e-06
104.67,-6.7223e-05,-0.00049054,-1.1449e-05
103.67,0.00038239,-0.0015995,-3.0802e-05
103.67,0.00050704,-0.0019319,-3.6258e-05
104.67,0.00092306,-0.0012121,-2.317e-05
104.67,0.00054575,0.00016075,1.0216e-05
104.67,0.00048063,0.0005127,1.8638e-05
104.67,0.00048483,0.00063792,2.1515e-05
104.67,0.00050431,0.00071317,2.3171e-05
104.67,0.00052716,0.00077742,2.4558e-05
104.67,0.00055074,0.00083925,2.5886e-05
103.67,0.00057449,0.00090055,2.7201e-05
103.67,0.00059828,0.00096174,2.8513e-05
104.67,0.00062207,0.0010229,2.9824e-05
104.67,0.00064587,0.0010841,3.1135e-05
104.67,0.00066966,0.0011452,3.2446e-05
104.67,0.00069345,0.0012064,3.3757e-05
104.67,0.00071725,0.0012675,3.5068e-05
104.67,0.00074104,0.0013287,3.6378e-05
104.67,0.00076484,0.0013899,3.7689e-05
104.67,0.00078863,0.001451,3.9e-05
103.67,0.00081243,0.0015122,4.0311e-05
103.67,0.00083622,0.0015734,4.1622e-05
104.67,0.000347,0.00038459,1.1949e-05
104.67,-0.00028011,-0.0011625,-2.6027e-05
104.67,-0.00045061,-0.0016242,-3.6395e-05
104.67,-0.00051971,-0.0018449,-4.0633e-05
104.67,-0.00056646,-0.0020124,-4.3519e-05
104.67,-0.00060829,-0.0021683,-4.6108e-05
104.67,-0.00064903,-0.0023216,-4.8632e-05
103.67,-0.00068954,-0.0024743,-5.1141e-05
103.67,-0.00073,-0.0026269,-5.3647e-05
104.67,-0.00040768,-0.001898,-4.0664e-05
104.67,1.2135e-05,-0.00092102,-2.3534e-05
104.67,0.00010908,-0.00071494,-2.0212e-05
104.67,0.00013433,-0.00068007,-1.9956e-05
104.67,0.00014377,-0.00068294,-2.0375e-05
104.67,0.00014973,-0.00069412,-2.0944e-05
104.67,0.00015493,-0.00070712,-2.1545e-05
104.67,0.00015995,-0.00072053,-2.2154e-05
103.67,0.00016495,-0.00073403,-2.2764e-05
103.47,0.00016993,-0.00078088,-2.3375e-05
104.47,0.00017491,-0.00079442,-2.3985e-05
104.47,0.00017989,-0.00080796,-2.4596e-05
104.47,0.00018487,-0.0008215,-2.5206e-05
104.47,0.00018985,-0.00083504,-2.5817e-05
104.47,0.00019483,-0.00084858,-2.6427e-05
104.47,0.00019981,-0.00086212,-2.7038e-05
104.47,0.00020479,-0.00087567,-2.7649e-05
104.47,0.00057337,-5.6962e-06,-1.2734e-05
104.47,0.0010397,0.0011131,6.338e-06
104.47,0.0011818,0.0014574,1.1541e-05
104.47,1.1025e-05,0.00038939,1.3703e-05
104.47,-0.0015093,-0.0010509,1.522e-05
104.47,-0.0019258,-0.0013929,1.6609e-05
104.47,-0.00085793,-0.00025117,1.7956e-05
104.47,0.00059737,0.0012786,1.9269e-05
104.47,0.0018349,0.0020717,5.025e-06
104.47,0.0016754,0.0010987,-2.8929e-05
104.47,0.00081962,-0.0012188,-5.3168e-05
104.47,-0.0014737,-0.0026954,-4.4929e-05
104.47,-0.0025819,-0.0018947,-1.3251e-05
104.47,-0.0020624,0.00035106,-2.1531e-05
104.47,9.9794e-05,0.001778,-8.3311e-06
104.47,0.0023634,0.0021972,-5.1852e-06
104.47,0.0029795,0.00064,-4.2362e-06
104.47,0.0011137,-0.00055517,1.1789e-05
104.47,-0.001402,-0.0017038,3.191e-05
104.47,-0.0020451,-0.0020026,3.8167e-05
104.47,-0.001398,-5.5326e-07,2.5814e-05
104.47,-0.000424,0.0026002,8.5638e-06
104.47,0.00066476,0.0036699,-1.0548e-05
104.47,0.0018217,0.0019384,2.5826e-07
104.47,0.0012808,-0.00051249,-1.2615e-05
104.47,-4.0299e-05,-0.0023536,-1.5893e-05
104.47,-0.0012302,-0.0025113,-1.5138e-06
104.47,-0.0015562,-0.00088368,1.9549e-06
104.47,-0.00081424,0.0015804,-1.2552e-05
104.47,0.00056928,0.0034492,-1.6275e-05
104.47,0.0017911,0.0018937,-2.0804e-06
104.47,0.0012645,-0.00051849,-1.4208e-05
104.47,-5.3436e-05,-0.0023511,-1.7321e-05
104.47,-0.0012427,-0.0025069,-2.906e-06
104.27,-0.0015685,-0.00091206,5.706e-07
104.27,-0.0008265,0.0015522,-1.3935e-05
104.27,-0.00068443,0.0021789,-1.7642e-05
104.27,-0.00068637,0.1224,-1.8975e-05
104.27,-0.00070534,0.12255,-1.9784e-05
104.27,0.00014598,0.097636,-4.7119e-06
104.27,0.0012319,0.066001,1.5121e-05
104.27,0.0014829,0.036272,2.1709e-05
104.27,0.00064564,0.014084,4.1241e-05
104.27,0.0003868,-0.0031643,4.9068e-05
104.27,0.00023927,-0.014774,5.4441e-05
104.27,0.00010413,-0.021802,5.9313e-05
104.27,-3.5705e-05,-0.024313,6.4041e-05
104.27,-0.0010575,-0.025301,5.3143e-05
104.27,-0.0014412,-0.025409,5.348e-05
104.27,-0.00080736,-0.024759,4.0682e-05
104.27,9.4925e-05,-0.02373,2.4141e-05
104.27,0.0011018,-0.022405,5.9307e-06
104.27,0.0013009,-0.02116,2.0342e-06
104.27,0.00044824,-0.020097,-1.4304e-05
104.27,-0.00067489,-0.018899,-3.4216e-05
104.27,-0.0018956,-0.017494,-5.5752e-05
104.27,-0.0014208,-0.015857,-4.7438e-05
104.27,-0.0005233,-0.013969,-3.1869e-05
104.27,0.0005169,-0.011826,-1.402e-05
104.27,0.00076105,-0.0097955,-1.0508e-05
104.27,0.00083675,-0.0076201,-1.0222e-05
104.27,0.00088051,-0.0069964,-1.0699e-05
104.27,0.00091828,-0.0083837,-1.1358e-05
104.27,0.00095361,-0.010214,-1.2052e-05
104.27,0.00062509,-0.01126,2.7653e-06
104.27,0.00056433,-0.011207,6.2106e-06
104.27,0.00020417,-0.0099564,-8.4158e-06
104.27,-0.00023348,-0.0083258,-2.7838e-05
104.27,-0.00033741,-0.0073666,-3.3603e-05
104.27,-0.00072808,-0.0073419,-2.0862e-05
104.27,-0.00083561,-0.0083523,-1.8817e-05
104.27,-0.00088124,-0.0095907,-1.9127e-05
104.27,-0.00091373,-0.010879,-1.9956e-05
104.27,-0.00094134,-0.010425,-2.0918e-05
104.27,-0.00059879,-0.0086188,-6.438e-06
104.27,-0.00051424,-0.0072582,-3.3659e-06
104.27,-0.00048177,-0.0059109,-2.848e-06
104.27,-0.00045844,-0.0062356,-2.9123e-06
104.27,-0.00043732,-0.0069287,-3.1038e-06
104.27,-0.00041687,-0.007703,-3.3224e-06
104.27,-0.00039677,-0.0084951,-3.5457e-06
104.27,-0.00037694,-0.0092912,-3.7691e-06
104.27,-0.00035474,-0.40833,-4.0121e-06
104.27,-0.0003271,-0.52695,-4.2999e-06
105.27,-0.00016619,-0.44039,-5.6482e-06
105.07,0.00052165,-0.30696,-9.5869e-06
104.07,0.0012864,-0.17537,-1.6547e-05
104.07,0.0018586,-0.06873,-1.045e-05
104.07,0.0023443,0.0071137,-2.0468e-06
104.07,0.0030343,0.056696,-8.5308e-06
105.07,0.0027217,0.084633,-3.3945e-05
105.07,0.0013319,0.098339,-7.962e-05
105.07,0.00092481,0.10281,-9.9892e-05
104.07,0.00075036,0.10091,-0.00011404
104.07,0.00062711,0.096629,-0.0001263
104.07,0.00067367,0.089678,-0.00010659
104.07,0.00056117,0.083216,-6.2271e-05
104.07,-0.00086074,0.077172,-4.0825e-05
105.07,-0.0017829,0.070701,-3.8727e-05
105.07,-0.0022647,0.4659,-2.4953e-05
105.07,-0.0012587,0.45983,-2.2987e-05
104.07,-0.0011235,0.37085,-6.6801e-06
104.07,-0.0012665,0.26154,1.2336e-07
104.07,-0.0012146,0.16293,6.827e-06
104.07,-0.0009266,0.083333,1.5039e-05
105.07,-0.00046902,0.025659,2.4641e-05
105.07,7.5123e-05,-0.011947,3.5173e-05
105.07,0.00063788,-0.033038,4.6188e-05
104.07,0.0011744,-0.042208,5.7337e-05
104.07,0.0016613,-0.04361,6.8383e-05
104.07,0.00085145,-0.042424,4.8166e-05
104.07,1.7543e-05,-0.03937,3.4848e-05
104.07,-0.00090234,-0.035437,2.2043e-05
105.07,-0.0010391,-0.032953,2.3882e-05
105.07,-0.0010288,-0.032168,2.877e-05
105.07,-0.0010094,-0.028958,3.4144e-05
104.07,-0.00101,-0.02481,3.9415e-05
104.07,-0.0006682,-0.022689,2.8908e-05
104.07,-0.00062457,-0.02061,2.9619e-05
104.07,-0.00072608,-0.018243,3.2633e-05
105.07,-0.0008404,-0.017274,3.6029e-05
105.07,-0.00059444,-0.01729,2.3902e-05
105.07,-0.00061415,-0.017202,2.3013e-05
104.07,-0.00069276,-0.016925,2.4531e-05
104.07,-0.00078431,-0.016436,2.6494e-05
104.07,-0.00087872,-0.016773,2.8483e-05
104.07,-0.00097374,-0.017166,3.0418e-05
105.07,-0.0010689,-0.017452,3.2282e-05
105.07,-0.00080101,-0.016722,1.8549e-05
105.07,-0.00079815,-0.015448,1.6044e-05
104.07,-0.00085406,-0.013887,1.5951e-05
104.07,-0.00092289,-0.012093,1.631e-05
104.07,-0.00099455,-0.011119,1.6702e-05
104.07,-0.0010668,-0.010201,1.7047e-05
104.07,-0.0011393,-0.0091747,1.7327e-05
105.07,-0.0012117,-0.0080042,1.7539e-05
105.07,-0.0012842,-0.0066817,1.7682e-05
105.07,-0.0013566,-0.0076818,1.7782e-05
104.07,-0.0014291,-0.009197,1.7871e-05
104.07,-0.0015016,-0.010826,1.7955e-05
104.07,-0.001574,-0.0099985,1.801e-05
104.07,-0.0016465,-0.0085119,1.8007e-05
105.07,-0.001719,-0.0067594,1.794e-05
105.07,-0.00091504,-0.0051962,2.3028e-06
105.07,-0.00075079,-0.0056912,-2.0499e-06
104.07,-0.00072838,-0.0066424,-3.9006e-06
104.07,-0.00073719,-0.0076941,-5.2011e-06
104.07,-0.00075285,-0.0062873,-6.4056e-06
104.07,-0.00078213,0.11578,-7.6385e-06
105.07,-0.00079962,0.11812,-8.9269e-06
105.07,-0.00081718,0.095263,-1.0026e-05
104.87,0.00092341,0.063854,-1.0631e-05
103.87,0.0013782,0.033666,-1.0653e-05
103.87,0.0015501,0.0087693,-1.0196e-05
103.87,0.001593,-0.0096291,-9.3942e-06
104.87,0.0015768,-0.020322,-8.4033e-06
104.87,0.0015409,-0.025899,-7.3591e-06
104.87,0.0011291,-0.0269,-2.1904e-05
104.87,0.00097669,-0.025769,-2.5202e-05
103.87,0.00088006,-0.02388,-2.6139e-05
103.87,0.0007961,-0.021532,-2.6672e-05
103.87,0.00071564,-0.02057,-2.7216e-05
104.87,0.0006365,-0.0197,-2.7844e-05
104.87,0.00055923,-0.018644,-2.8573e-05
104.87,0.00012021,-0.018198,-1.385e-05
104.87,-0.00041463,-0.017718,4.9751e-06
104.87,-0.0006224,-0.01794,9.8376e-06
103.87,-0.000757,-0.018197,1.1581e-05
103.87,-0.00087376,-0.018341,1.2588e-05
103.87,-0.00098335,-0.017323,1.3372e-05
104.87,-0.00021014,-0.015508,2.9531e-05
104.87,-6.9442e-05,-0.013685,3.4265e-05
104.87,-6.3376e-05,-0.012707,3.642e-05
104.87,-8.3154e-05,-0.011797,3.7953e-05
104.87,-0.00010428,-0.010783,3.9299e-05
103.87,-0.00012107,-0.0096262,4.0553e-05
103.87,-0.00013201,-0.0083169,4.1736e-05
103.87,-0.00013742,-0.0075892,4.2859e-05
104.87,0.00022369,-0.0077832,2.8442e-05
104.87,0.0006848,-0.0081486,9.8242e-06
104.87,0.00082679,-0.0069057,4.9746e-06
104.87,0.00090372,-0.0051882,3.1282e-06
104.87,0.00097224,-0.0032463,1.8901e-06
103.87,0.001045,-0.0011347,7.3209e-07
103.87,0.00024528,0.00077586,1.5099e-05
103.87,9.3267e-05,0.00062651,1.8045e-05
104.87,8.2729e-05,2.6768e-05,1.8495e-05
104.87,0.00010321,-0.00067222,1.8395e-05
104.87,0.00013037,-0.0013931,1.8176e-05
104.87,-0.00020408,-0.0012457,2.3649e-06
104.87,0.00061134,0.000367,-1.7668e-05
103.87,0.0017279,0.0023938,-3.9436e-05
103.87,0.00083325,0.0019829,-1.5688e-05
103.87,0.00067919,0.0015373,-1.1547e-05
104.87,0.00068701,0.001084,-1.1692e-05
104.87,0.00073044,0.00062914,-1.2782e-05
104.87,-0.00046227,-0.0010686,-1.4064e-05
104.87,-0.0028705,-0.0027322,1.9152e-07
104.87,-0.0026463,-0.0014303,-1.2507e-05
103.87,-0.00091605,0.00025741,-1.6378e-05
103.87,0.0015986,0.0012431,-2.7831e-06
103.87,0.0022662,-0.39876,-1.6816e-07
104.87,0.00253,-0.39901,4.6725e-08
104.87,0.0019408,-0.3173,-1.6786e-05
104.87,0.0022173,-0.21111,-2.4671e-05
104.87,0.0028548,-0.11246,-3.2459e-05
104.87,0.003646,-0.036233,-4.163e-05
103.87,0.0044568,0.016676,-5.1968e-05
103.87,0.0051983,0.048594,-6.2966e-05
103.87,0.0049453,0.066316,-5.8662e-05
104.87,0.0048346,0.073534,-5.008e-05
104.87,0.0027134,0.07542,-7.0478e-05
104.87,0.00215,0.074536,-8.216e-05
104.87,0.0019489,0.072354,-9.1512e-05
104.87,0.0018393,-0.050812,-9.996e-05
103.87,0.0017355,-0.054907,-0.00010782
103.87,0.00062166,-0.034798,-9.9919e-05
103.87,-1.1635e-05,-0.0074984,-0.0001036
104.87,0.3994,0.018465,-0.00011002
104.67,0.39816,0.036932,-0.00010161
104.67,0.3147,0.048708,-0.00010428
104.67,0.20849,0.45578,-7.665e-05
104.67,0.11066,0.45852,-6.8859e-05
104.67,0.034158,0.37454,-4.6458e-05
104.67,-0.019016,0.26683,-1.9379e-05
103.67,-0.053788,0.16631,-9.1126e-06
103.67,-0.472,0.085692,-8.0718e-06
104.67,-0.47856,0.02799,-1.5641e-05
104.67,-0.39535,-0.0095905,-3.0882e-05
104.67,-0.285,-0.030817,-3.6264e-05
104.67,-0.18221,-0.04174,-5.5764e-05
104.67,-0.099696,-0.045134,-6.2344e-05
104.67,-0.041367,-0.04487,-7.9141e-05
104.67,-0.0035374,-0.043339,-9.6091e-05
103.67,0.018386,-0.040188,-9.5273e-05
103.67,0.029055,-0.037062,-0.00010313
104.67,0.033867,-0.03389,-9.5413e-05
104.67,0.03458,-0.029911,-9.7207e-05
104.67,0.033688,-0.026885,-8.3981e-05
104.67,0.032485,-0.024601,-8.095e-05
104.67,0.030907,-0.022175,-7.9046e-05
104.67,0.028942,-0.019415,-7.6394e-05
104.67,0.025861,-0.018037,-7.2749e-05
103.67,0.022562,-0.017623,-5.2704e-05
103.67,0.018886,-0.01724,-2.7747e-05
104.67,0.016917,-0.015829,-1.6002e-05
104.67,0.01512,-0.013976,-6.6792e-06
104.67,0.014015,-0.013913,1.8014e-05
104.67,0.012903,-0.014132,4.7147e-05
104.67,0.012505,-0.013938,6.2732e-05
104.67,0.012507,-0.012657,6.0051e-05
104.67,0.012493,-0.010982,5.284e-05
104.67,0.012009,-0.0099387,5.963e-05
103.67,0.0113,-0.0089118,6.9669e-05
103.67,0.01042,-0.0077665,8.0573e-05
104.67,0.010117,-0.0072086,9.1793e-05
104.67,0.0098524,-0.0066913,0.00010319
104.67,0.008765,0.11464,0.00011471
104.67,0.0086327,0.11502,9.5261e-05
104.67,0.0081335,0.089282,9.8519e-05
104.67,0.007468,0.056585,0.00010667
104.67,0.0068312,0.027507,0.0001003
103.67,0.0059713,0.0039588,0.00010565
103.67,0.0046126,-0.011394,9.8152e-05
104.67,0.003412,-0.021823,0.00010277
104.67,0.0038591,-0.027035,0.00011018
104.67,0.0037422,-0.029579,0.00010279
104.67,0.0022173,-0.030113,9.1498e-05
104.67,0.00027336,-0.02821,7.8661e-05
104.67,-0.00099015,-0.02509,4.9232e-05
104.67,0.00031903,-0.023127,1.4663e-05
103.67,0.0018898,-0.022046,-6.9626e-06
103.67,0.002682,-0.021303,-1.092e-05
104.67,0.002941,-0.019574,-2.6452e-05
104.67,0.0030679,-0.017386,-4.5277e-05
104.67,0.0017578,-0.01571,-5.0114e-05
104.67,4.8088e-05,-0.013947,-5.1845e-05
104.67,-7.4526e-05,-0.012687,-5.2896e-05
104.67,0.00015565,-0.011367,-5.381e-05
104.67,0.00046755,-0.009862,-5.4708e-05
104.67,0.001165,-0.0090182,-4.0072e-05
103.67,0.0012389,-0.0099367,-2.1254e-05
103.67,0.0011578,-0.011189,-7.4968e-07
104.67,0.0013909,-0.010868,5.3208e-06
104.67,0.0016964,-0.01008,8.2167e-06
104.67,0.0016585,-0.0089126,-5.138e-06
104.67,0.0015317,-0.0075477,-2.2867e-05
104.47,0.0015547,-0.0077948,-1.1239e-05
104.47,0.0017358,-0.0091954,-7.9347e-06
104.47,0.0019933,-0.0083725,-6.4698e-06
104.47,0.0022723,-0.0069396,-5.4398e-06
104.47,0.0025611,-0.0052518,-4.5387e-06
104.47,0.0019791,-0.0037453,1.1835e-05
104.47,0.0011671,-0.0021649,3.2342e-05
104.47,0.00026616,-0.00045443,5.4482e-05
104.47,-0.001057,0.00051505,6.2179e-05
104.47,-0.0016536,0.001012,5.1143e-05
104.47,-0.00050268,3.8877e-05,1.9687e-05
104.47,0.0010921,-0.0013049,-1.7766e-05
104.47,0.001603,-0.0022522,-2.698e-05
104.47,0.00063514,-0.0018713,-2.9984e-05
104.47,-0.00035129,-0.00025479,-1.6118e-05
104.47,-0.0013796,0.0017474,2.1782e-06
104.47,-0.0015796,0.0018239,6.6536e-06
104.47,-0.0003574,0.00023554,8.0987e-06
104.47,0.0012353,-0.0017789,8.9038e-06
104.47,0.001727,-0.0027059,9.5832e-06
104.47,0.00073645,-0.0021525,1.0224e-05
104.47,-0.00027332,-0.00033021,2.6357e-05
104.47,-0.0013248,0.0018851,4.6613e-05
104.47,-0.001548,0.0021765,5.298e-05
104.47,-0.00034796,0.0015189,2.5225e-05
104.47,0.0021019,-0.39975,3.9925e-06
104.47,0.0031725,-0.40125,-1.6542e-05
104.47,0.0037003,-0.31764,-2.3084e-05
104.47,0.004314,-0.2112,-2.844e-05
104.47,0.0051001,-0.1126,-3.531e-05
104.47,0.0059871,-0.036431,-4.3863e-05
104.47,0.0068757,0.016436,-5.3648e-05
104.47,0.0055701,0.049943,-4.8618e-05
104.47,0.004818,0.069837,-7.0755e-05
104.47,0.0031585,0.078512,-8.3967e-05
104.47,0.002729,0.079985,-9.4915e-05
104.47,0.002235,0.076542,-8.9453e-05
104.47,0.0017277,-0.048799,-7.9187e-05
104.47,0.0015321,-0.052758,-8.2224e-05
104.47,0.00033527,-0.032045,-7.2589e-05
104.47,-0.0011718,-0.0053736,-5.962e-05
104.47,-0.0019924,0.018527,-6.0828e-05
104.47,-0.0027422,0.038599,-6.5198e-05
104.47,-0.0031872,0.052113,-5.4658e-05
104.47,-0.0036104,0.060521,-3.9905e-05
104.47,-0.0035462,0.46376,-2.3237e-05
104.47,-0.003001,0.46276,-2.0619e-05
104.47,-0.0034223,0.3771,-1.9866e-05
104.47,-0.0037792,0.26813,-1.7379e-05
104.47,-0.0020856,0.16558,-1.2599e-05
104.47,-0.0013955,0.085264,-5.7215e-06
104.47,-0.00079754,0.027622,2.6278e-06
104.47,-0.00016316,-0.0097707,1.1912e-05
104.47,0.00048446,-0.031589,2.1692e-05
104.47,0.0011089,-0.041794,3.1641e-05
104.47,0.0016881,-0.04581,4.1548e-05
104.47,0.0013341,-0.044305,3.5744e-05
104.47,0.00068713,-0.041118,2.5501e-05
104.47,-0.000107,-0.037094,1.3293e-05
104.47,-0.00049611,-0.033661,-3.182e-07
104.47,-0.00047805,-0.032579,3.4591e-07
104.47,-0.00039322,-0.031724,4.0055e-06
104.47,-0.00031446,-0.03063,8.1765e-06
104.47,-0.00025572,-0.029193,1.2313e-05
104.47,-0.00021807,-0.02739,1.6297e-05
104.47,-0.00019992,-0.025216,2.0103e-05
104.47,-0.00019917,-0.02267,2.3726e-05
104.47,-0.00021375,-0.019752,2.7168e-05
104.27,-0.00037158,-0.016498,3.043e-05
104.27,-0.00040275,-0.01459,3.3533e-05
104.27,-0.00044322,-0.013512,3.6509e-05
104.27,-0.0004915,-0.012446,3.9375e-05
104.27,-0.00054662,-0.011212,4.2134e-05
104.27,-0.00060778,-0.0097709,4.479e-05
104.27,-0.0010584,-0.0089971,3.1832e-05
104.27,-0.0012486,-0.0091255,3.0141e-05
104.27,-0.0010169,-0.010251,1.5378e-05
104.27,-0.0006746,-0.011564,-3.0454e-06
104.27,-0.00065347,-0.012005,-7.5411e-06
104.27,-0.00033987,-0.011286,6.5044e-06
104.27,-0.00030735,-0.0093019,9.8076e-06
104.27,-0.00033678,-0.008622,1.0687e-05
104.27,-0.00039196,0.11186,1.0994e-05
104.27,-7.4708e-05,0.1115,-4.3769e-06
104.27,-2.3763e-05,0.08617,-8.1968e-06
104.27,-3.1396e-05,0.054172,-8.9856e-06
104.27,-5.1951e-05,0.026559,-8.6892e-06
104.27,-7.536e-05,0.0040516,-7.8603e-06
104.27,-9.94e-05,-0.010169,-6.7514e-06
104.27,-0.00012358,-0.018534,-5.5407e-06
104.27,-0.00020968,-0.023854,-4.3287e-06
104.27,-0.0003221,-0.026665,-3.1731e-06
104.27,-0.00044694,-0.028026,-2.1116e-06
104.27,-0.00058194,-0.028862,-1.1595e-06
104.27,0.00051591,-0.028148,-3.1378e-05
104.27,0.00070319,-0.025597,-3.9052e-05
104.27,-0.00055116,-0.023545,-1.0832e-05
104.27,-0.0018206,-0.022199,1.1181e-05
104.27,-0.0022593,-0.021143,1.697e-05
104.27,-0.0016369,-0.020302,3.4618e-05
104.27,-0.00073675,-0.019311,5.5557e-05
104.27,0.00026943,-0.018086,7.7902e-05
104.27,0.00046704,-0.016979,8.5721e-05
104.27,-0.00038752,-0.015372,7.4747e-05
104.27,-0.0015126,-0.013477,5.8797e-05
104.27,-0.0018586,-0.011701,5.644e-05
104.27,-0.0020282,-0.0097809,5.7006e-05
104.27,-0.0021539,-0.007659,5.8144e-05
104.27,-0.0019036,-0.0079589,4.3838e-05
104.27,-0.0015523,-0.0087614,2.5355e-05
104.27,-0.0011604,-0.0096433,5.1769e-06
104.27,-0.00074116,-0.010511,-1.6148e-05
104.27,-0.0006598,-0.010462,-2.2985e-05
104.27,-0.00065014,-0.010126,-2.6662e-05
104.27,-0.00065333,-0.0096418,-2.9677e-05
104.27,-0.00065623,-0.0090396,-3.258e-05
104.27,-0.00065581,-0.0083263,-3.5492e-05
104.27,-0.00065126,-0.0075036,-3.8442e-05
104.27,-0.0010066,-0.0074431,-2.5902e-05
104.27,-0.0010951,-0.0083795,-2.4723e-05
104.27,-0.0011252,-0.0095355,-2.6047e-05
104.27,-0.0011408,-0.0089859,-2.7939e-05
105.27,-0.0011494,-0.0079754,-2.9993e-05
105.27,-0.0011526,-0.0067782,-3.2119e-05
104.27,-0.0011497,-0.0047195,-3.4305e-05
104.27,-0.0011396,-0.0023522,-3.6557e-05
104.27,-0.001125,-0.002289,-3.8849e-05
104.27,-0.0011096,-0.002729,-4.1149e-05
104.27,-0.001094,-0.0032795,-4.3451e-05
104.27,-0.0010786,-0.0038544,-4.5753e-05
104.27,-0.0010632,-0.0044347,-4.8054e-05
105.27,-0.0010479,-0.0050162,-5.0354e-05
105.27,-0.0010328,-0.005598,-5.2654e-05
104.27,-0.00013534,-0.0040503,-3.9407e-05
104.27,0.00012482,-0.00156,-3.7604e-05
104.27,0.00024785,-0.0012344,-3.8345e-05
104.27,0.00034094,-0.40138,-3.9641e-05
104.27,0.00042742,-0.40167,-4.1058e-05
104.27,0.0014939,-0.31984,-2.7875e-05
105.27,0.0030161,-0.21591,-1.2571e-05
105.27,0.0039496,-0.11898,-1.3314e-05
104.27,0.0048151,-0.043107,-1.8899e-05
104.27,0.0049175,0.011394,-2.6359e-05
104.27,0.0054736,0.046066,-3.475e-05
104.27,0.0047865,0.065374,-1.2398e-05
104.27,0.0048975,0.075693,-1.2708e-05
104.27,0.003228,0.079387,-1.7771e-05
104.27,0.0010746,0.077496,-2.353e-05
105.27,-0.00038113,0.073221,-4.4539e-05
105.27,-0.00093283,-0.052751,-5.3699e-05
104.27,-0.0014032,-0.057507,-5.9828e-05
104.27,-0.0010127,-0.037534,-4.9613e-05
104.27,-0.0013423,-0.010253,-5.0863e-05
104.27,-0.0019082,0.015709,-5.4812e-05
104.27,-0.0022411,0.035962,-4.3921e-05
104.27,-0.0029376,0.048952,-4.4475e-05
104.27,-0.0037688,0.45521,-4.7387e-05
105.27,-0.0043074,0.45875,-3.506e-05
105.27,-0.0032766,0.37609,-3.3024e-05
104.27,-0.0029341,0.26863,-1.5463e-05
104.27,-0.0015741,0.16781,2.3716e-05
104.27,-8.3776e-05,0.086296,5.4967e-05
104.27,0.001977,0.02748,7.0869e-05
104.27,0.0026811,-0.0097785,6.8469e-05
104.27,0.0021974,-0.030828,4.6096e-05
104.27,0.0022431,-0.040483,3.3394e-05
105.27,0.0023475,-0.042548,2.1974e-05
105.27,0.0027667,-0.041702,2.5428e-05
104.27,0.0014539,-0.038013,3.1945e-05
104.27,-0.0003655,-0.033209,3.89e-05
104.27,-0.0006524,-0.029461,4.5724e-05
104.27,-0.00063288,-0.025525,5.2303e-05
104.27,0.00030757,-0.023258,4.3122e-05
104.27,0.0014754,-0.022816,2.9576e-05
104.27,0.0018438,-0.022921,2.9727e-05
105.27,0.0011451,-0.023312,1.7279e-05
105.27,0.00015621,-0.02359,1.203e-06
104.27,-7.5208e-05,-0.021522,-1.0439e-06
104.27,-0.00015064,-0.018651,-3.756e-07
104.27,-0.00020139,-0.017093,8.0807e-07
104.27,-0.00025436,-0.016338,2.0078e-06
104.27,-0.00031438,-0.015589,3.1238e-06
104.27,-0.00038181,-0.014671,4.1353e-06
104.27,-0.00045608,-0.013546,5.0385e-06
105.27,-0.00054142,-0.012206,5.8336e-06
105.27,-0.00065263,-0.010648,6.5216e-06
104.27,-0.00076383,-0.0098895,7.1147e-06
104.27,-0.00087504,-0.0091901,7.6274e-06
104.27,-0.00098624,-0.0091204,8.0717e-06
104.27,-0.0010974,-0.0091013,8.4584e-06
104.27,-0.0012087,-0.0090081,8.7906e-06
104.27,-0.0013199,-0.0088134,9.0691e-06
104.27,-0.0010677,-0.0093941,-6.2193e-06
105.27,-0.00071778,-0.010114,-2.5717e-05
105.27,-0.0006919,-0.0099515,-3.1406e-05
104.27,-0.00074946,0.11123,-3.41e-05
104.27,-0.00081074,0.11276,-3.6185e-05
104.27,-0.00087549,0.088022,-3.7917e-05
104.27,-0.000941,0.056362,-3.9085e-05
104.27,-0.00064299,0.028156,-2.4168e-05
104.27,-0.00061094,0.0056905,-2.0195e-05
104.27,0.00060299,-0.0095777,1.2591e-05
105.27,0.00088522,-0.018038,2.2251e-05
105.27,0.00089988,-0.023245,2.6804e-05
104.27,0.00085543,-0.026914,3.0192e-05
104.27,0.00078965,-0.026603,3.3241e-05
104.27,-0.00016426,-0.026538,5.1641e-05
104.27,-0.00048372,-0.026655,5.8555e-05
104.07,0.00029572,-0.026282,4.7329e-05
104.07,0.0012633,-0.025548,3.1258e-05
104.07,0.0014541,-0.023139,2.8784e-05
105.07,0.0014757,-0.020069,2.9187e-05
105.07,0.0014632,-0.016562,3.0109e-05
105.07,0.0005671,-0.014773,1.549e-05
104.07,0.00031502,-0.013552,1.2179e-05
104.07,0.000207,-0.012286,1.1283e-05
104.07,0.0001328,-0.011881,1.0857e-05
104.07,6.7725e-05,-0.011541,1.0484e-05
105.07,6.7746e-06,-0.011094,1.0072e-05
105.07,-5.0798e-05,-0.010504,9.601e-06
105.07,-0.00010386,-0.008722,9.0548e-06
104.07,-0.00015081,-0.0065097,8.419e-06
104.07,-0.00019425,-0.0075517,7.7274e-06
104.07,-0.00023561,-0.0068284,6.9985e-06
104.07,-0.00027262,-0.0055965,6.2097e-06
105.07,-0.00030451,-0.0041319,5.3558e-06
105.07,-0.00033093,-0.0024956,4.4354e-06
105.07,-0.00035414,-0.0031776,3.4747e-06
104.07,-0.00037716,-0.0043737,2.506e-06
104.07,-0.00040066,-0.0056827,1.5364e-06
104.07,0.0004546,-0.0049049,-1.4978e-05
104.07,0.00067355,-0.0032088,-2.0197e-05
104.07,-0.00011934,-0.0015471,-7.4702e-06
105.07,-0.0011738,0.00022071,9.9273e-06
105.07,-0.0010863,0.00088657,2.9079e-05
105.07,-0.0010912,0.00048223,3.3869e-05
104.07,-0.0011167,-0.00015941,3.5474e-05
104.07,-0.0011469,-0.00085326,3.6379e-05
104.07,-0.00030081,-0.0012009,2.1603e-05
104.07,0.00078121,-0.0014659,2.6203e-06
105.07,0.001082,-0.0020636,-2.5425e-06
105.07,0.00084833,-0.0018641,-2.0175e-05
105.07,0.00084275,-0.0023276,-2.5825e-05
104.07,0.00088761,-0.0029381,-2.8818e-05
104.07,0.00094346,-0.003581,-3.1225e-05
104.07,0.00012695,-0.0021081,-1.8003e-05
104.07,-0.00091901,-5.6975e-05,-6.4047e-07
104.07,-0.0011775,0.0018671,2.841e-06
105.07,-0.0012603,-0.3979,3.2408e-06
105.07,-6.6407e-05,-0.39933,2.9749e-06
105.07,0.00032681,-0.31797,1.6401e-06
104.07,0.00072599,-0.21437,-1.7875e-06
104.07,0.0012631,-0.11746,-7.378e-06
104.07,0.0018841,-0.041992,-1.4714e-05
104.07,0.0025005,0.012266,-2.3232e-05
105.07,0.0021656,0.048237,-4.7938e-05
105.07,0.0023543,0.068318,-6.1545e-05
105.07,0.0021868,0.077892,-5.7022e-05
104.07,0.00085012,0.080829,-3.1898e-05
104.07,-0.00040257,0.078315,-1.5914e-05
104.07,-0.0011936,-0.046638,-8.323e-07
104.07,-0.001691,-0.052102,-2.3877e-07
105.07,-0.0021657,-0.032048,-2.7202e-06
105.07,-0.0018344,-0.005514,-2.1571e-05
105.07,-0.0022416,0.020876,-2.9464e-05
104.07,-0.0028944,0.039142,-3.4982e-05
104.07,-0.0019132,0.051375,-3.9902e-05
104.07,-0.0010679,0.4591,-4.4555e-05
104.07,-0.00060038,0.46217,-3.3471e-05
104.07,-0.00095504,0.37811,-3.2539e-05
105.07,-0.0012249,0.27017,-3.1759e-05
105.07,-0.0012012,0.1685,-2.9079e-05
105.07,-0.00089531,0.086271,-2.4442e-05
104.07,0.0008529,0.027372,1.2849e-05
104.07,0.0017942,-0.0088673,2.8297e-05
104.07,0.002565,-0.02993,3.9249e-05
104.07,0.003276,-0.03951,4.9298e-05
105.07,0.0039371,-0.042936,5.9086e-05
105.07,0.0033063,-0.041734,3.766e-05
105.07,0.0035289,-0.039568,3.8642e-05
104.07,0.0039052,-0.036786,4.4411e-05
104.07,0.0042836,-0.033459,5.1046e-05
104.07,0.0037585,-0.031758,4.2183e-05
104.07,0.0029697,-0.030109,2.9014e-05
105.07,0.0029366,-0.028531,2.9503e-05
105.07,0.0030522,-0.026678,3.2858e-05
105.07,0.0010632,-0.025337,2.1154e-05
104.07,-0.0011424,-0.024753,2.0805e-05
104.07,-0.0034921,-0.024131,2.2832e-05
104.07,-0.004209,-0.021559,2.5235e-05
104.07,-0.0045796,-0.018265,2.7551e-05
104.07,-0.0045197,-0.015391,4.5201e-05
105.07,-0.0043536,-0.014115,3.5857e-05
105.07,-0.0032754,-0.013409,4.2023e-06
105.07,-0.0022998,-0.011809,-1.8532e-05
104.07,-0.0021892,-0.010198,-2.4555e-05
104.07,-0.0022726,-0.0084152,-2.6984e-05
104.07,-0.0024018,-0.0074654,-2.8695e-05
104.07,-0.0025516,-0.0065746,-3.0308e-05
105.07,-0.0018373,-0.0059448,-4.7462e-05
105.07,-0.00088737,-0.0052809,-6.885e-05
105.07,-0.00071833,-0.0066261,-7.6457e-05
104.07,-0.00072244,-0.0084169,-8.1009e-05
104.07,-0.00076465,-0.010306,-8.4891e-05
104.07,-0.00081523,-0.0097356,-8.8652e-05
104.07,-0.00086764,-0.0085052,-9.244e-05
105.07,-0.00092045,-0.0070087,-9.6285e-05
105.07,-0.00097335,-0.0053333,-0.00010019
105.07,-0.0010263,-0.0059745,-0.00010414
104.07,-0.0010912,0.11287,-0.0001081
104.07,-0.0011441,0.11161,-0.00011207
104.07,-0.001197,0.087407,-0.0001158
104.07,-0.0012499,0.057048,-0.00011904
104.07,-0.0013028,0.029175,-0.00012177
105.07,-0.00011629,0.0074859,-9.307e-05
105.07,0.00016469,-0.0079115,-8.6784e-05
105.07,0.00022146,-0.016234,-8.5373e-05
104.07,0.00019016,-0.022988,-8.5039e-05
104.07,0.00013525,-0.025878,-8.4975e-05
104.07,6.7737e-05,-0.025282,-8.506e-05
104.07,-7.1812e-06,-0.023626,-8.5294e-05
105.07,-8.6489e-05,-0.021446,-8.5677e-05
105.07,-0.00016781,-0.01886,-8.621e-05
105.07,-0.00024989,-0.017616,-5.5761e-05
104.07,-0.00033322,-0.017187,-4.817e-05
104.07,-0.00041719,-0.016767,-4.5677e-05
104.07,-0.00050171,-0.017221,-4.4362e-05
104.07,-0.0005869,-0.017741,-4.3352e-05
105.07,-0.00067231,-0.018156,-4.2458e-05
105.07,-0.0011198,-0.017545,-2.6133e-05
105.07,-0.0012994,-0.016376,-2.1219e-05
104.07,-0.0014164,-0.014916,-1.8905e-05
104.07,-0.0015159,-0.013223,-1.7234e-05
104.07,-0.0016081,-0.01235,-1.5763e-05
104.07,-0.0016959,-0.011532,-1.4387e-05
104.07,-0.0017796,-0.010606,-1.3081e-05
105.07,-0.001859,-0.0095358,-1.184e-05
105.07,-0.0019336,-0.0083135,-1.0663e-05
105.07,-0.0012758,-0.0076558,-9.5464e-06
104.07,-0.0011487,-0.0087989,-8.4544e-06
104.07,-0.0011391,-0.010338,-7.3676e-06
104.07,-0.0011536,-0.0094842,-6.3057e-06
104.07,-0.0011689,-0.0079841,-5.2983e-06
105.07,-0.0011796,-0.006221,-4.352e-06
105.07,-0.0011844,-0.0042796,-3.4687e-06
105.07,-0.0011856,-0.0046549,-2.6237e-06
104.07,-1.4412,-0.0055435,-1.7863e-06
104.07,-3.2413,-0.0065452,-9.495e-07
104.07,-4.7403,-0.0071737,-1.5372e-05
104.07,-5.7822,-0.0061648,-1.8568e-05
105.07,-6.3778,-0.0053385,-2.5923e-06
105.07,-6.6091,-0.0028707,2.0634e-05
105.07,-6.1781,-0.00038095,3.3386e-05
105.07,-5.9779,0.0013071,4.6373e-05
104.07,-5.7631,0.0032748,6.4207e-05
104.07,-3.9644,0.004893,7.4539e-05
105.07,-1.9012,0.0072982,8.9511e-05
105.07,-0.14774,0.010644,0.00013071
105.07,1.1469,0.01242,0.00020642
105.07,1.9927,0.012847,0.00028282
105.07,2.4695,-0.38647,0.00037377
105.07,2.6786,-0.38391,0.00049549
105.07,2.7091,-0.30344,0.0003563
105.07,2.632,-0.21122,-0.00051594
105.07,2.4975,-0.13935,-0.0022252
105.07,2.3374,-0.096083,-0.0046401
105.07,2.1743,-0.078669,-0.0074944
105.07,2.0171,-0.080324,-0.010558
106.07,1.8719,-0.092255,-0.01365
106.07,1.74,-0.22505,-0.016724
106.07,1.6218,-0.24304,-0.01974
106.07,1.5159,-0.23864,-0.02288
106.07,1.4188,-0.23252,-0.02638
107.07,1.3301,-0.23411,-0.03028
107.07,1.2477,-0.24298,-0.034573
107.07,1.1708,-0.25964,-0.039217
107.07,1.0992,-0.28215,-0.044134
108.07,1.0312,-0.30859,-0.049341
108.07,0.96845,0.061507,-0.054841
108.07,0.90948,0.030314,-0.060685
108.07,0.8537,-0.078982,-0.066279
109.07,0.80097,-0.19461,-0.070863
109.07,0.75128,-0.28633,-0.074549
109.07,0.70496,-0.35057,-0.077742
109.07,0.66188,-0.3944,-0.080957
109.07,0.62146,-0.42574,-0.084665
110.07,0.58402,-0.053358,-0.089117
110.07,0.5492,-0.083366,-0.094403
110.07,0.51579,-0.19083,-0.099904
110.07,0.48434,-0.30639,-0.10478
111.07,0.45432,-0.3996,-0.109
111.07,0.4259,-0.067869,-0.11301
111.07,0.40003,-0.0032793,-0.11735
111.27,0.37606,-0.086919,-0.12173
111.27,0.35388,0.18042,-0.12528
111.27,0.33292,0.066652,-0.12786
112.27,0.31333,-0.088774,-0.12912
112.27,0.29394,0.1816,-0.12884
112.27,0.27662,0.097122,-0.12758
112.27,0.26032,0.37668,-0.12543
112.27,0.24386,0.27728,-0.12213
112.27,0.22955,0.14328,-0.11739
112.27,0.21599,0.44012,-0.11093
113.27,0.20356,0.3834,-0.10331
113.27,0.19173,0.69462,-0.094517
113.27,0.17944,1.0314,-0.084272
113.27,0.16756,0.93305,-0.072275
113.47,0.15581,1.2236,-0.057397
113.47,0.1454,1.1315,-0.039172
113.47,0.13503,1.4314,-0.017525
113.47,0.12531,1.8991,0.0074789
113.47,0.11512,1.8491,0.035759
113.47,0.10533,2.1578,0.068263
114.47,0.096716,2.1261,0.10554
114.47,0.087243,2.5054,0.14748
114.47,0.077773,2.9548,0.19401
114.47,0.069066,3.0084,0.24498
114.47,0.060944,3.446,0.30121
114.47,0.054408,3.6604,0.36309
114.67,0.047725,3.8014,0.43076
114.67,0.042726,4.3579,0.50462
114.67,0.039989,4.5861,0.58444
114.67,0.038733,4.8101,0.67046
114.67,0.039632,5.0886,0.76323
114.67,0.042676,4.7138,0.86268
114.67,0.048928,2.8921,0.96859
114.67,0.058787,1.0669,1.0796
115.67,0.072799,-0.42969,1.1902
115.67,0.091152,-1.5055,1.2911
115.67,0.11225,-2.1899,1.3735
115.87,0.13305,-2.5579,1.431
116.87,0.15256,-2.6957,1.46
116.87,0.16959,-2.6822,1.46
117.87,0.18029,-2.5816,1.4329
117.87,0.18627,-2.4386,1.3818
118.87,0.18692,-2.2845,1.3107
118.87,0.18237,-2.1366,1.224
118.87,0.17377,-2.0045,1.1257
120.07,0.16219,-1.8919,1.0194
120.07,0.14929,-1.7979,0.90819
120.07,0.13452,-1.7195,0.79455
121.07,0.11912,-1.6508,0.68062
121.07,0.10262,-1.5879,0.56779
121.07,0.086002,-1.53,0.45722
121.07,0.067957,-1.4735,0.34986
121.27,0.050294,-1.4164,0.24632
121.27,0.032946,-1.3594,0.14707
121.27,0.015524,-1.3019,0.05254
121.27,-0.00049105,-1.2432,-0.0369
121.27,-0.015771,-1.1848,-0.12102
121.27,-0.030725,-1.1262,-0.19961
121.47,-0.044049,-2.9412,-0.27254
122.47,-0.05613,-5.4755,-0.33973
122.47,-0.068821,-7.4124,-0.40494
122.47,-0.087933,-9.1672,-0.47801
122.47,-0.11687,-10.724,-0.56974
122.47,-0.15816,-12.076,-0.68834
122.47,-0.21331,-12.805,-0.83917
122.67,-0.28242,-14.003,-1.0249
123.67,-0.35946,-14.954,-1.2449
123.67,-0.48756,-13.566,-1.4977
123.67,-0.67945,-9.3413,-1.7794
123.67,-0.83763,-5.338,-2.0795
122.67,-0.97668,-2.0604,-2.3799
122.87,-1.0853,0.58185,-2.6668
121.87,-1.1571,2.7245,-2.9309
120.87,-1.1894,4.4787,-3.1645
119.87,-1.1854,5.9268,-3.3649
118.87,-1.1457,7.1275,-3.5301
116.87,-1.0734,8.1235,-3.6597
114.87,-0.97303,8.9447,-3.7535
112.87,-0.84865,9.6164,-3.8132
110.87,-0.7068,10.156,-3.8397
109.07,-0.55035,10.577,-3.8341
107.07,-0.38539,10.893,-3.7975
105.07,-0.214,11.114,-3.7308
103.87,-0.042962,11.248,-3.6352
102.87,0.12592,11.304,-3.5121
101.87,0.28854,11.287,-3.3617
100.87,0.43941,11.207,-3.185
99.868,0.5776,11.065,-2.9831
99.868,0.69866,10.87,-2.7572
100.87,0.80098,10.625,-2.5085
100.87,0.88261,10.336,-2.2376
101.87,0.94238,10.006,-1.9446
103.87,0.92834,9.5202,-1.6331
105.87,0.79288,8.6801,-1.3035
107.87,0.71296,7.2886,-0.95559
109.87,0.57033,5.476,-0.59249
110.87,0.37781,3.7023,-0.22433
112.87,0.16913,2.2905,0.13553
113.87,-0.020521,1.3363,0.4737
114.87,-0.17332,0.77434,0.77989
115.87,-0.28471,0.48401,1.0476
115.87,-0.35736,0.35565,1.2742
116.87,-0.39668,0.31032,1.4601
118.07,-0.40915,0.30094,1.6073
119.07,-0.41238,0.30239,1.7192
120.07,-0.41829,0.30966,1.7999
121.07,-0.42586,0.31757,1.8532
122.07,-0.42381,0.31593,1.8821
123.07,-0.38797,0.29375,1.8899
124.07,-0.33157,0.25318,1.8804
125.27,-0.2678,0.20356,1.8571
126.27,-0.20716,0.6048,1.8226
127.27,-0.15298,4.1893,1.7793
127.27,-0.10923,7.4707,1.7298
128.27,-0.087636,10.355,1.6837
129.47,-0.12079,12.115,1.6573
129.47,-0.21292,13.346,1.6643
129.47,-0.34158,14.121,1.7129
130.47,-0.49929,14.881,1.8059
130.47,-0.68682,15.541,1.9405
130.67,-0.88021,11.341,2.1115
129.67,-1.0194,7.0009,2.3131
129.67,-1.1379,3.2926,2.5273
129.67,-1.2257,0.20418,2.7405
128.87,-1.2743,-2.3639,2.9401
127.87,-1.2823,-4.5062,3.1179
126.87,-1.2483,-6.3003,3.2696
124.87,-1.1742,-7.8025,3.3925
123.87,-1.0647,-9.0571,3.485
121.87,-0.92548,-10.098,3.5474
120.07,-0.76166,-10.951,3.5791
118.07,-0.57772,-11.638,3.581
117.07,-0.379,-12.177,3.554
115.07,-0.17224,-12.584,3.4988
113.07,0.038748,-12.868,3.4154
112.07,0.24799,-13.044,3.3053
111.07,0.45268,-13.12,3.1694
110.07,0.64618,-13.106,3.0078
110.07,0.82478,-13.009,2.8209
109.07,0.9869,-12.839,2.6098
110.07,1.1275,-12.601,2.3743
110.07,1.2147,-12.235,2.1168
111.07,1.1759,-11.575,1.8367
112.07,1.0284,-10.521,1.5331
113.07,0.9635,-8.9631,1.2034
115.07,0.8764,-6.9761,0.84827
116.07,0.71405,-4.9269,0.47546
117.07,0.49804,-3.1916,0.099193
118.27,0.27224,-1.9488,-0.26432
119.27,0.074347,-1.1773,-0.60147
119.27,-0.080973,-0.75549,-0.903
120.27,-0.19502,-0.55234,-1.1641
120.27,-0.27023,-0.46917,-1.3834
121.27,-0.31315,-0.43973,-1.5622
121.27,-0.33106,-0.42963,-1.7032
122.27,-0.34022,-0.42595,-1.8101
123.47,-0.35051,-0.42958,-1.8878
123.47,-0.35884,-0.43485,-1.939
124.47,-0.36439,-0.43963,-1.966
125.47,-0.36661,-0.89403,-1.972
126.47,-0.33248,-4.4313,-1.9595
127.47,-0.27583,-8.1543,-1.9335
127.67,-0.26896,-10.85,-1.9065
128.67,-0.34225,-12.665,-1.8952
128.67,-0.49436,-13.888,-1.9133
129.67,-0.71486,-15.243,-1.968
129.67,-0.96507,-15.915,-2.0618
129.87,-1.2075,-16.38,-2.1935
129.87,-1.3902,-12.327,-2.359
129.87,-1.4696,-8.1871,-2.5508
129.87,-1.5483,-4.5939,-2.7546
128.87,-1.6161,-1.5468,-2.9569
128.07,-1.6575,1.0326,-3.1467
127.07,-1.6666,3.219,-3.3174
126.07,-1.6388,5.0801,-3.4639
124.07,-1.575,6.6611,-3.5834
122.07,-1.2048,8.0019,-3.6741
121.07,0.54092,9.1324,-3.7364
119.27,2.133,10.077,-3.77
117.27,3.1919,10.856,-3.7745
115.27,3.974,11.487,-3.7505
113.27,4.419,11.982,-3.6987
111.27,4.4645,12.355,-3.6193
109.27,4.3677,12.617,-3.5124
108.27,3.6819,12.778,-3.3783
107.27,3.24,12.847,-3.2175
106.27,2.3333,12.831,-3.0294
105.27,1.3387,12.737,-2.8149
105.27,0.21831,12.574,-2.5747
106.27,-0.74866,12.345,-2.3102
106.27,-1.6683,12.041,-2.0221
107.27,-2.5843,11.468,-1.7125
109.27,-3.7063,10.427,-1.3851
110.27,-3.3588,8.7918,-1.0382
111.27,-2.4777,6.6415,-0.67128
113.27,-1.5298,4.5111,-0.29608
114.27,-0.74948,2.7864,0.072369
115.27,-0.2212,1.5969,0.41938
115.27,0.078436,0.87998,0.73382
116.27,0.21408,0.49933,1.0091
116.27,0.25091,0.32501,1.2424
117.27,0.23722,0.26242,1.4339
117.27,0.20229,0.25098,1.5856
118.27,0.16347,0.25798,1.7009
119.27,0.1372,0.27299,1.7848
120.27,0.12147,0.2883,1.8406
121.27,0.1144,0.30167,1.8712
122.47,0.11259,0.30076,1.8794
123.47,0.11216,0.72194,1.8694
123.47,0.1139,3.8575,1.8451
124.47,0.11772,6.8238,1.8106
125.47,0.12631,9.2308,1.7752
126.47,0.97179,10.819,1.7527
126.47,1.4442,11.818,1.755
127.67,2.0719,12.932,1.7894
127.67,3.17,13.281,1.8591
127.67,3.8506,13.461,1.9638
127.67,5.0716,13.375,2.1
127.67,5.9879,9.9581,2.2604
127.87,7.3022,6.1741,2.4356
127.87,8.2242,2.8572,2.6108
126.87,9.3445,0.038624,2.773
125.87,10.01,-2.3452,2.9118
124.87,10.433,-4.3656,3.0203
123.87,11.01,-6.0798,3.093
122.87,10.9,-7.5342,3.1263
121.07,10.478,-8.763,3.1179
120.07,9.9033,-9.7918,3.0663
118.07,8.9431,-10.647,2.972
117.07,7.3439,-11.343,2.8346
116.07,5.5493,-11.895,2.6561
115.07,3.6313,-12.269,2.4378
114.07,1.569,-12.365,2.1831
114.07,-0.88385,-12.114,1.8951
113.07,-3.4551,-11.467,1.5781
113.07,-5.6367,-10.284,1.2407
114.07,-7.5238,-8.5254,0.89196
114.07,-8.5307,-6.53,0.5475
114.07,-8.935,-4.7163,0.22339
114.07,-8.8009,-3.3236,-0.069126
114.07,-8.3055,-2.3742,-0.32506
114.07,-7.523,-1.7766,-0.54359
113.07,-7.1806,-1.4185,-0.7262
113.07,-6.4789,-1.2048,-0.87525
113.07,-6.1355,-1.0707,-0.99341
113.27,-5.3377,-0.9767,-1.0835
113.27,-5.0269,-0.89965,-1.1483
113.27,-4.3883,-0.83048,-1.1907
113.27,-3.7659,-0.76539,-1.2132
113.27,-3.6057,-0.70253,-1.2187
113.27,-3.0206,-0.64399,-1.2095
114.27,-2.5534,-0.5902,-1.1881
114.27,-2.1687,-1.312,-1.1565
114.27,-1.8572,-3.2276,-1.1171
114.27,-1.6063,-5.3229,-1.0716
114.27,-0.85898,-6.5099,-1.0227
115.27,0.13025,-7.0872,-0.97377
115.27,1.0244,-7.6147,-0.92915
115.27,1.6835,-7.4659,-0.89317
115.27,2.0956,-7.5018,-0.86953
115.27,2.3024,-7.0945,-0.86081
115.27,2.5946,-6.6524,-0.86834
115.27,3.4817,-6.6767,-0.89237
115.27,4.0703,-6.5214,-0.93193
115.27,4.7873,-6.2683,-0.98553
115.27,5.3441,-5.6553,-1.0515
115.27,5.8031,-5.5059,-1.1276
115.27,6.3146,-4.9656,-1.2105
115.47,6.3004,-2.5189,-1.2966
115.47,5.9155,-0.12328,-1.3822
115.47,5.7158,1.8028,-1.4609
115.47,5.0971,3.1883,-1.5248
115.47,4.2204,4.1162,-1.5669
114.47,3.3856,4.6776,-1.5823
114.47,2.8462,4.9443,-1.5681
114.47,2.055,4.9833,-1.5239
114.47,1.2321,4.8219,-1.4508
114.47,0.31681,4.4698,-1.3508
114.47,-0.39011,4.0384,-1.2292
114.47,-0.95113,3.6152,-1.092
114.47,-1.8775,3.249,-0.94504
114.47,-2.1553,2.9562,-0.79382
114.47,-2.6295,2.7321,-0.64278
114.47,-2.7083,2.5619,-0.49544
113.47,-2.9392,2.4268,-0.35442
113.47,-3.116,2.3114,-0.22155
113.47,-2.8034,2.2047,-0.098073
112.47,-2.9268,2.0997,0.015215
112.47,-2.9463,1.9931,0.1178
112.47,-2.9101,1.8849,0.2095
111.47,-2.8192,1.7744,0.29037
111.47,-2.8049,1.6635,0.36057
111.47,-2.6387,1.5549,0.42041
111.47,-2.4264,2.3078,0.47033
111.47,-1.797,3.9414,0.51093
111.47,-1.5623,5.3986,0.54336
111.47,-1.3952,6.4556,0.57025
111.47,-1.2147,7.0963,0.59515
111.47,-1.0863,7.3994,0.62141
111.47,-0.36197,7.4525,0.65165
112.47,0.060591,7.4697,0.68765
112.47,0.46001,7.2867,0.73024
112.47,1.2598,7.0499,0.77975
112.67,2.0766,6.8214,0.83592
112.67,2.3619,6.7124,0.89784
112.67,2.8965,6.5046,0.96436
112.67,3.355,5.8899,1.0341
112.67,3.682,5.2793,1.1056
112.67,3.4528,5.2708,1.1768
112.67,3.4725,4.8448,1.2448
112.67,3.4291,2.5118,1.3076
112.67,3.2846,0.18828,1.3632
112.67,3.0152,-1.6919,1.4081
112.67,2.7364,-3.0187,1.4367
112.67,2.2477,-3.853,1.4447
112.67,1.2664,-4.2893,1.4293
112.67,0.64685,-4.4067,1.3892
112.67,0.10548,-4.283,1.3253
112.67,-0.64009,-4.0318,1.2407
112.67,-1.036,-3.7327,1.14
112.67,-1.6939,-3.4373,1.0277
112.67,-2.2664,-3.1713,0.90823
112.67,-2.1686,-2.9445,0.78572
112.67,-2.439,-2.7539,0.66348
112.67,-2.69,-2.5944,0.5442
111.67,-2.7452,-2.456,0.42992
111.67,-2.8364,-2.3312,0.32211
111.67,-2.8696,-2.215,0.22174
111.67,-2.7252,-2.1019,0.12946
110.67,-2.646,-1.9905,0.045669
110.67,-2.5529,-1.88,-0.029415
110.67,-2.3167,-1.7706,-0.09583
110.67,-2.1742,-1.6633,-0.15382
110.67,-2.0385,-1.9475,-0.20369
110.67,-1.784,-2.8196,-0.24586
110.67,-1.2333,-4.1385,-0.28108
110.67,-0.97247,-5.2357,-0.3109
110.67,-0.88685,-5.9958,-0.33778
110.67,-0.68345,-6.4232,-0.36476
110.67,-0.13314,-6.5973,-0.39457
110.67,0.1919,-6.5908,-0.42928
110.67,0.38687,-6.4839,-0.4701
111.67,1.1071,-6.3223,-0.5176
111.67,1.7478,-6.1474,-0.57165
111.67,2.0245,-5.9746,-0.63171
111.67,2.4826,-5.8187,-0.69691
111.67,3.0098,-5.2751,-0.76603
111.67,3.3298,-5.2617,-0.83778
111.67,3.6431,-4.8141,-0.9103
111.67,3.8482,-4.3589,-0.98169
111.67,3.8152,-4.3612,-1.0502
111.67,3.7782,-3.7499,-1.1135
111.67,3.6666,-3.3946,-1.1698
111.67,3.3546,-2.0424,-1.2174
111.67,2.6744,-0.14761,-1.2544
111.67,2.3504,1.4902,-1.2785
111.67,2.0529,2.6939,-1.2861
111.67,1.5995,3.4559,-1.274
111.67,1.2241,3.8478,-1.2402
111.67,0.4408,3.9643,-1.1851
111.67,0.05023,3.9003,-1.1105
111.67,-0.6369,3.7319,-1.0193
111.67,-1.2663,3.5175,-0.91561
111.67,-1.4996,3.2924,-0.8033
111.67,-1.8696,3.0779,-0.68621
111.67,-2.1686,2.8838,-0.56773
111.67,-2.3833,2.7115,-0.45078
110.67,-2.5045,2.5581,-0.33766
110.67,-2.5495,2.4181,-0.23013
110.67,-2.9339,2.2872,-0.12953
110.67,-2.8756,2.1617,-0.036722
110.67,-2.6975,2.0399,0.04763
109.67,-2.8735,2.2239,0.12315
109.67,-2.6419,3.2037,0.18966
109.67,-2.3374,4.5341,0.24736
109.67,-2.4204,5.1111,0.29696
109.67,-2.1054,5.8544,0.33992
109.67,-1.7078,6.361,0.37769
109.67,-1.6818,6.218,0.41158
109.67,-1.2506,6.2648,0.4429
109.67,-0.74402,6.2385,0.47266
109.67,-0.63286,6.1332,0.50153
109.67,-0.15555,5.9635,0.53024
110.67,0.35317,5.4711,0.55933
110.67,0.82409,5.2345,0.58921
110.67,1.2217,5.0492,0.61998
110.67,1.5316,4.4807,0.65151
110.67,1.7527,3.9135,0.68351
110.67,1.8872,3.9406,0.71544
109.67,1.9426,3.5441,0.74635
109.67,1.9261,3.1276,0.77549
109.67,2.2458,2.3499,0.80217
109.67,2.2244,2.1474,0.82553
109.67,1.9556,1.5628,0.84459
109.67,1.5962,1.0148,0.85837
109.67,1.6016,0.68077,0.86617
109.67,1.2057,-0.15912,0.86721
109.67,0.73731,-1.2762,0.8611
109.67,0.38109,-2.2057,0.84748
108.67,-0.063107,-2.8591,0.82568
108.67,-0.085766,-3.2429,0.79518
108.67,-0.46104,-3.4068,0.75594
108.67,-0.73575,-3.4126,0.70861
108.67,-1.0875,-3.3168,0.65442
108.67,-1.3862,-3.1639,0.59504
108.67,-1.6093,-2.9856,0.53212
108.67,-1.6371,-2.8022,0.4674
108.67,-1.7106,-2.6239,0.40243
108.67,-1.7506,-2.5518,0.33858
108.67,-1.6326,-3.212,0.27694
108.67,-1.598,-3.7705,0.2183
108.67,-1.5529,-4.3041,0.16278
108.67,-1.3635,-4.668,0.10984
108.67,-1.2543,-4.869,0.058745
108.67,-1.1281,-5.3317,0.008788
108.67,-0.85323,-5.2887,-0.040615
108.67,-0.65951,-5.3817,-0.090047
108.67,-0.34244,-5.1338,-0.14
108.67,-0.12356,-5.2249,-0.19066
108.67,0.085659,-4.9183,-0.24206
108.67,0.81164,-4.9578,-0.29416
108.67,1.0227,-5.0204,-0.34681
108.67,1.2366,-4.6451,-0.39975
109.67,1.693,-4.6213,-0.45296
109.67,1.834,-4.2306,-0.50609
109.67,1.7678,-3.9418,-0.55856
109.67,2.1747,-3.5796,-0.60971
109.67,2.0633,-3.2568,-0.65848
109.67,2.3727,-2.9852,-0.70381
109.67,2.1444,-2.7597,-0.74464
109.67,2.3346,-2.6862,-0.78012
109.67,2.5198,-2.1175,-0.80951
109.47,2.1145,-1.5455,-0.83238
109.47,2.1148,-1.4424,-0.84815
108.47,1.7208,-0.75845,-0.85591
108.47,1.1579,-0.3641,-0.85517
108.47,1.1283,-0.082078,-0.84555
108.47,0.76352,0.52593,-0.82683
108.47,0.24576,1.0433,-0.79935
108.47,0.26886,1.7804,-0.76361
108.47,-0.04368,2.3727,-0.72002
108.47,-0.50936,2.7695,-0.66916
108.47,-0.82919,2.9819,-0.61168
108.47,-1.0762,3.064,-0.54851
108.47,-1.2591,3.3473,-0.481
108.47,-1.5082,3.487,-0.41071
108.47,-1.9864,4.0729,-0.33916
108.47,-1.9979,4.2074,-0.26767
107.47,-1.8811,4.5979,-0.19727
107.47,-1.7087,4.91,-0.12885
107.47,-2.0364,4.9848,-0.063146
107.47,-1.8382,5.0523,-0.00068516
107.47,-1.9305,5.0418,0.05807
108.47,-1.5927,4.9625,0.11274
108.47,-1.5802,5.2294,0.16318
108.47,-1.1711,5.0591,0.20931
108.47,-1.2326,4.7867,0.2513
108.47,-0.80479,4.8765,0.28949
108.47,-0.32732,4.5687,0.32411
108.47,-0.28556,4.1995,0.35553
108.47,0.082961,4.2362,0.38409
108.47,0.45294,3.908,0.41002
108.47,0.36843,3.5391,0.43358
108.47,0.49075,3.1904,0.45502
108.47,0.73631,3.0034,0.47434
108.47,0.55793,2.7428,0.49147
108.47,0.71732,2.4989,0.50636
107.47,0.88866,1.881,0.51894
107.47,1.0146,1.6891,0.52922
107.47,1.0735,1.323,0.53688
107.47,0.66723,0.87513,0.54164
107.47,0.60367,0.4886,0.54337
107.47,0.57941,0.18822,0.54186
107.47,0.54366,0.089362,0.53694
107.47,0.48077,-0.4626,0.52859
107.47,0.38968,-0.59115,0.51695
107.27,0.27328,-1.0196,0.50211
106.27,-0.25738,-1.2791,0.48423
106.27,-0.39396,-1.5653,0.46347
106.27,-0.44514,-2.1787,0.43995
106.27,-0.46732,-2.1968,0.41396
106.27,-0.48245,-2.5864,0.38577
106.27,-0.89998,-2.931,0.35567
106.27,-0.9184,-3.1742,0.32406
106.27,-0.85101,-3.1893,0.29116
106.27,-0.75217,-3.2322,0.25722
106.27,-1.0474,-3.2317,0.22262
106.27,-0.9492,-3.5925,0.18769
106.27,-0.77482,-3.4021,0.15278
106.27,-0.58053,-3.6276,0.11805
106.27,-0.3948,-3.4432,0.083608
106.27,-0.51147,-3.5822,0.049566
107.27,-0.36429,-3.7178,0.015957
107.27,-0.17671,-3.7983,-0.017158
107.27,0.015383,-3.8114,-0.04993
107.27,0.19248,-3.3657,-0.082522
107.27,0.34869,-3.2766,-0.11505
107.27,0.48343,-3.1225,-0.14736
107.27,0.71357,-3.0895,-0.17909
107.27,0.80401,-3.0657,-0.21
107.27,0.85202,-3.0254,-0.23993
107.27,0.8761,-2.6819,-0.26882
107.27,0.88899,-2.5979,-0.29659
107.27,1.0138,-2.5541,-0.32297
107.07,1.0258,-2.1241,-0.34762
107.07,1.3916,-2.0714,-0.37027
107.07,1.3393,-1.6812,-0.39061
107.07,1.315,-1.2945,-0.40829
107.07,1.146,-0.96857,-0.42296
107.07,0.95621,-0.71579,-0.43412
107.07,0.77556,-0.64847,-0.44132
106.07,0.73594,-0.51512,-0.4443
106.07,0.59906,-0.39225,-0.44308
106.07,0.85657,0.11541,-0.43786
106.07,0.84036,0.20635,-0.42887
106.07,0.63447,0.60315,-0.41629
106.07,0.51251,0.8468,-0.4002
106.07,0.28563,1.1309,-0.38073
106.07,-0.33226,1.3518,-0.35807
106.07,-0.39724,1.4996,-0.33252
106.07,-0.46004,1.9896,-0.30434
106.07,-0.37072,1.9126,-0.2741
106.07,-0.38418,2.2416,-0.24222
106.07,-0.41269,2.5525,-0.20914
106.07,-0.72413,2.7799,-0.17541
106.07,-0.74814,2.5138,-0.14139
106.07,-0.58278,2.5618,-0.1074
106.07,-0.9076,3.03,-0.07392
106.07,-0.73367,2.9525,-0.041489
106.07,-0.60335,2.8744,-0.010333
106.07,-0.76018,2.7601,0.019375
105.87,-0.66124,3.0263,0.047388
105.87,-0.79144,2.8912,0.073467
105.87,-0.6364,2.6782,0.097578
105.87,-0.71885,2.8461,0.11969
105.87,-0.52755,2.6284,0.13974
105.87,-0.58781,2.3533,0.15781
105.87,-0.3866,2.4848,0.17396
105.87,-0.44563,2.2484,0.18815
105.87,-0.24998,1.9694,0.2005
105.87,-0.31969,2.1047,0.21118
105.87,-0.13831,1.8783,0.22022
105.87,-0.22491,1.6123,0.22775
105.87,-0.059969,1.3626,0.23395
105.87,0.23755,1.1522,0.23887
105.87,-0.015965,0.98506,0.24249
105.87,0.18044,0.97582,0.24486
105.87,0.0092264,0.8774,0.24599
105.87,0.081996,0.77471,0.24593
105.87,-0.10373,0.67883,0.24485
105.87,-0.025236,0.19531,0.24289
105.87,0.20221,0.12554,0.24006
105.87,0.014947,-0.25031,0.23638
104.87,0.051744,-0.076671,0.23173
104.87,0.22761,-0.34123,0.2261
104.67,-0.12725,-0.62955,0.21953
104.67,-0.0069166,-0.86415,0.21211
104.67,-0.22905,-1.0286,0.20383
104.67,-0.18725,-1.1267,0.19463
104.67,0.012841,-1.1703,0.18454
104.67,-0.18832,-1.0543,0.17362
104.67,-0.15175,-1.4342,0.16202
104.67,0.034525,-1.423,0.14987
105.67,-0.17982,-1.7284,0.13727
105.67,-0.15072,-1.6082,0.12421
105.67,0.034745,-1.8073,0.11071
104.67,-0.17516,-2.0015,0.096833
104.67,-0.13955,-1.6218,0.082653
104.67,0.05417,-1.6933,0.068057
105.67,0.25446,-1.8123,0.053218
105.67,-0.098365,-1.9146,0.038367
105.67,0.02127,-1.9747,0.023569
105.67,0.20662,-1.9901,0.0087747
105.67,0.38711,-1.9677,-0.0060066
105.67,0.012334,-1.9175,-0.02079
105.67,0.1151,-1.8478,-0.035549
105.67,0.28783,-1.7682,-0.050167
105.47,0.46579,-1.6911,-0.064542
105.47,0.48257,-1.2084,-0.078545
105.47,0.17723,-1.1246,-0.092008
105.47,0.25681,-1.1262,-0.10464
105.47,0.39351,-1.1528,-0.11612
105.47,0.52687,-1.1744,-0.12637
105.47,0.51076,-1.1781,-0.13544
105.47,0.57634,-1.1628,-0.1434
104.47,0.23244,-0.73085,-0.15037
104.47,0.26784,-0.68698,-0.15637
105.47,0.36598,-0.71855,-0.16125
105.47,0.46678,-0.36673,-0.16483
105.47,0.54478,-0.40355,-0.16718
105.47,0.072641,-0.10304,-0.16827
105.47,0.089911,-0.20309,-0.16802
104.47,0.19174,0.03978,-0.16637
104.47,0.30513,0.29485,-0.16345
104.47,0.39803,0.50636,-0.1593
105.47,0.057232,0.25677,-0.15392
105.47,0.083693,0.23056,-0.14725
105.47,0.16892,0.35991,-0.13951
104.47,0.25837,0.50414,-0.13098
104.27,-0.072505,0.61866,-0.12188
104.27,-0.03083,0.70354,-0.11225
104.27,0.068697,1.1536,-0.10217
105.27,-0.22728,1.175,-0.091659
105.27,-0.14492,1.0932,-0.080729
105.27,-0.40743,1.375,-0.069393
105.27,-0.27349,1.2567,-0.057775
104.27,-0.083869,1.0721,-0.046015
104.27,-0.30726,1.2868,-0.03425
104.27,-0.17075,1.128,-0.022683
105.27,-0.39517,1.2018,-0.01149
105.27,-0.23527,1.0068,-0.00075569
105.27,-0.4292,1.19,0.0094302
105.27,-0.2415,1.3983,0.018955
105.27,-0.41503,1.1652,0.027799
104.27,-0.21382,1.2678,0.036033
104.27,-0.37943,0.99192,0.043652
104.27,-0.17455,1.089,0.050649
105.27,-0.33771,1.2243,0.057027
105.27,-0.13319,0.93842,0.06273
105.27,-0.29784,1.009,0.067841
105.27,-0.095295,0.71796,0.072349
105.07,-0.26863,0.80802,0.076269
104.07,-0.069118,0.94914,0.079583
104.07,-0.24011,0.67374,0.082258
104.07,-0.043861,0.75779,0.084414
105.07,-0.21791,0.47989,0.086081
105.07,0.095428,0.18526,0.087313
105.07,-0.082338,0.33679,0.088154
105.07,0.082458,0.27499,0.088445
105.07,-0.12937,0.47293,0.088191
105.07,0.029923,0.27641,0.087492
104.07,-0.17482,0.035844,0.086434
104.07,-0.0047992,-0.17793,0.085134
105.07,-0.19884,0.060943,0.083507
105.07,-0.019665,-0.045566,0.08147
105.07,-0.085815,-0.18913,0.079069
105.07,0.098883,-0.32069,0.076401
104.07,-0.10888,-0.41927,0.07349
104.07,0.045957,-0.48316,0.07031
104.07,-0.16538,-0.51676,0.066826
105.07,-0.0014193,-0.52691,0.063046
105.07,-0.078607,-0.5211,0.058955
105.07,0.099806,-0.50487,0.054633
105.07,-0.11171,-0.3635,0.05014
104.87,0.044104,-0.7452,0.045537
103.87,-0.16611,-0.7476,0.040932
103.87,0.0010343,-0.67296,0.036291
104.87,-0.073007,-0.57393,0.031511
104.87,0.10756,-0.8789,0.026617
104.87,-0.10102,-0.79827,0.021716
104.87,0.055739,-0.65249,0.016815
104.87,0.2492,-0.90196,0.011846
104.87,0.14041,-0.77309,0.0068818
104.87,0.26606,-0.59173,0.0019248
104.87,0.002664,-0.8187,-0.0030274
104.87,0.11445,-0.67727,-0.0078441
104.87,0.39335,-0.48987,-0.012505
104.87,0.14088,-0.71499,-0.017041
104.87,0.22684,-0.57526,-0.021348
104.87,-0.051589,-0.39164,-0.025393
104.87,0.17905,-0.62074,-0.029185
104.87,0.34319,-0.48499,-0.032662
104.87,0.07129,-0.70615,-0.03582
103.87,0.27588,-0.54037,-0.038708
103.87,0.40684,-0.32572,-0.041375
104.87,0.10363,-0.52916,-0.043814
104.67,0.28552,-0.38036,-0.045935
104.67,-0.0032306,-0.19069,-0.047753
104.67,0.079504,-0.018605,-0.049281
104.67,0.33446,-0.28796,-0.050417
104.67,0.063057,-0.19877,-0.051057
104.67,0.13722,-0.060617,-0.051232
104.67,-0.028551,0.071018,-0.051067
104.67,0.077964,0.17598,-0.050542
104.67,-0.18392,-0.15091,-0.0496
104.67,0.05936,-0.10843,-0.04825
104.67,0.23246,-0.0047514,-0.046579
104.67,-0.031594,0.10502,-0.044727
104.67,0.17866,0.19699,-0.042767
104.67,-0.089156,0.26324,-0.040646
104.67,0.12878,0.30271,-0.038322
104.67,-0.12712,0.32155,-0.035766
104.67,-0.018211,0.32607,-0.033006
104.67,-0.14374,0.3211,-0.030051
104.67,-0.0014891,0.31087,-0.026963
104.67,-0.1165,0.29831,-0.023794
104.67,0.026642,0.68327,-0.020597
104.67,-0.092877,0.66903,-0.017428
104.67,0.042023,0.57112,-0.014213
104.47,-0.20376,0.44803,-0.0109
104.47,0.04816,0.3382,-0.0075168
104.47,-0.17527,0.25234,-0.0041369
104.47,0.08098,0.58819,-0.00088361
104.47,-0.14484,0.54476,0.0021473
104.47,0.10573,0.43354,0.004984
104.47,-0.12857,0.31139,0.0076918
104.47,-0.28412,0.20395,0.010258
104.47,-0.12164,0.52167,0.012591
104.47,-0.1967,0.46486,0.014677
104.47,-0.014454,0.34461,0.016558
104.47,-0.099113,0.21713,0.018289
104.47,0.062813,0.10869,0.019842
104.47,-0.044681,0.42762,0.021176
104.47,-0.30362,0.37304,0.022253
104.47,-0.028174,0.25527,0.023131
104.47,-0.21466,0.13175,0.023839
104.47,0.078311,0.027437,0.024433
104.47,-0.1189,0.35018,0.024887
104.47,-0.24885,0.29954,0.025114
104.47,-0.070334,0.1863,0.025198
104.47,-0.13678,0.067113,0.025214
104.47,0.049868,-0.032594,0.02516
104.47,-0.036402,-0.10446,0.025016
104.27,-0.27891,-0.15419,0.024707
104.27,0.0088696,-0.18016,0.024209
104.27,-0.16942,0.21027,0.023527
104.27,0.12577,0.21033,0.022648
104.27,-0.072042,0.13336,0.021664
104.27,-0.20371,0.037287,0.020742
104.27,0.093109,-0.048632,0.019895
104.27,-0.096327,-0.11418,0.019095
104.27,0.1828,-0.1582,0.018289
104.27,-0.030828,-0.18368,0.017454
104.27,-0.17743,-0.19472,0.016536
104.27,-0.012486,-0.19535,0.015522
104.27,-0.089209,-0.191,0.014455
104.27,0.2098,-0.18293,0.013287
104.27,-0.00012617,-0.17411,0.012057
104.27,0.25037,-0.56545,0.0108
104.27,0.010789,-0.55542,0.0095458
104.27,-0.1565,-0.46312,0.0082037
104.27,0.11483,-0.34904,0.0066727
104.27,-0.090591,-0.24454,0.004989
104.27,0.17941,-0.16106,0.003199
104.27,0.08076,-0.10061,0.0014306
105.27,0.21308,-0.061318,-0.00028095
105.27,0.073607,-0.03623,-0.0018258
105.27,-0.21181,-0.42271,-0.0032083
104.27,0.043558,-0.41631,-0.0043732
104.27,-0.038167,-0.3305,-0.0054453
104.07,0.12468,-0.22847,-0.0065199
104.07,0.016112,-0.13081,-0.0076358
104.07,0.27494,-0.053017,-0.008755
105.07,0.029197,0.0018581,-0.0097544
105.07,0.25103,0.035979,-0.010618
105.07,0.11161,-0.34577,-0.011269
105.07,0.21348,-0.33714,-0.011745
104.07,0.054605,-0.25194,-0.0121
104.07,-0.12362,-0.14749,-0.012473
104.07,0.12532,-0.054074,-0.012875
105.07,-0.10328,0.018226,-0.013253
105.07,0.14676,0.068417,-0.013549
105.07,0.034546,0.099458,-0.013721
104.07,0.16005,0.11512,-0.013722
104.07,0.018631,0.12046,-0.01358
104.07,0.25206,0.11976,-0.013252
105.07,0.10894,0.11425,-0.012745
105.07,-0.19858,0.10729,-0.012121
105.07,0.031132,0.10015,-0.011379
105.07,-0.071537,0.094149,-0.010563
104.07,0.19438,0.088766,-0.0097049
104.07,-0.04676,0.083591,-0.0088361
104.07,-0.21861,0.078877,-0.0079601
104.07,0.046259,0.073965,-0.0070783
105.07,-0.044699,0.068294,-0.006198
105.07,0.10058,0.063367,-0.005344
105.07,-0.024723,0.059904,-0.0045284
105.07,-0.17742,0.058292,-0.0037367
103.87,0.088268,0.05312,-0.0029707
103.87,-0.12988,0.050123,-0.0022654
103.87,-0.27351,0.047973,-0.0016373
104.87,0.017569,0.046029,-0.0010487
104.87,-0.053628,0.04408,-0.0005117
104.87,0.22777,0.043424,-1.9645e-05
104.87,-0.0069723,0.042723,0.00042312
104.87,-0.17932,0.04154,0.00081268
103.87,0.081229,0.04019,0.0011604
103.87,-0.014698,0.037209,0.0014828
104.87,-0.15335,0.034355,0.0017666
104.87,-0.0022928,0.032376,0.0020198
104.87,-0.099976,0.030195,0.0022096
104.87,-0.22121,0.028901,0.0023563
104.87,0.072852,0.027524,0.0024924
103.87,-0.0039648,0.025887,0.0025939
103.87,-0.25193,0.023946,0.0026535
104.87,0.022622,0.021614,0.0027006
104.87,-0.048723,0.42069,0.0027383
104.87,-0.16503,0.41817,0.0027662
104.87,0.12459,0.33485,0.0028542
104.87,0.040654,0.22799,0.0030856
103.87,-0.095974,0.13068,0.0034486
103.87,0.05024,0.053921,0.0038905
103.87,-0.054117,-0.00085676,0.0043495
104.87,-0.18158,-0.035635,0.0047779
104.87,0.10787,-0.055485,0.0051402
104.87,0.027145,-0.063558,0.0053927
104.87,-0.10526,-0.066019,0.0055318
104.67,0.16617,0.051283,0.005582
104.67,0.065967,0.054626,0.0055452
103.67,-0.2034,0.034938,0.0054405
103.67,0.056053,0.0092737,0.0053219
104.67,-0.027155,-0.015703,0.0051871
104.67,-0.14921,-0.03496,0.005057
104.67,0.13616,-0.047991,0.0049111
104.67,0.049949,-0.055271,0.0047254
104.67,0.31238,-0.057978,0.0045197
104.67,0.17882,-0.05838,0.0042803
104.67,-0.0085696,-0.056604,0.0039875
104.67,0.096398,-0.05426,0.0036817
104.67,-0.038141,-0.052137,0.0033749
104.67,-0.18539,-0.0501,0.0030576
104.67,0.091329,-0.0471,0.0027292
104.67,0.0039728,-0.043865,0.0024225
104.67,-0.13066,-0.040445,0.0021022
104.67,0.14175,-0.037412,0.0017935
104.67,0.044191,-0.035256,0.0014905
104.67,-0.10296,-0.033802,0.0011797
104.67,0.15765,-0.033081,0.00089159
104.67,0.050282,-0.030465,0.00061871
103.67,-0.10445,-0.028822,0.00036113
103.67,-0.24742,-0.026769,0.00013699
104.67,0.044477,-0.024178,-7.8685e-05
104.67,-0.025453,-0.021595,-0.00027491
104.67,-0.1465,-0.02077,-0.00046086
104.67,0.13597,-0.020508,-0.00060457
104.67,0.044579,-0.019279,-0.00075931
104.47,-0.098091,-0.019841,-0.0008762
104.47,0.045432,-0.018666,-0.00095718
104.47,-0.060216,-0.017102,-0.0010472
104.47,-0.18667,-0.016118,-0.0011252
104.47,0.10271,-0.014216,-0.0011858
104.47,0.022345,-0.01347,-0.0012264
104.47,-0.11,-0.012469,-0.0012447
104.47,0.1621,-0.011282,-0.0012553
104.47,0.063191,-0.0098901,-0.0012612
104.47,-0.085354,-0.40831,-0.0012633
104.47,0.17399,-0.40661,-0.0012617
104.47,0.065224,-0.32221,-0.0013213
104.47,-0.090066,-0.21592,-0.001536
104.47,0.16653,-0.11915,-0.001881
104.47,0.057164,-0.042978,-0.0023024
104.47,-0.097411,0.010344,-0.0027538
104.47,-0.24017,0.044084,-0.0031634
104.47,0.17141,0.064102,-0.0035079
104.47,0.10192,0.071785,-0.0037655
104.47,-0.04388,0.073307,-0.0039359
104.47,0.20531,0.070709,-0.0039979
104.47,0.083874,0.06613,-0.0039732
104.47,-0.08274,0.060734,-0.0038973
104.47,0.16415,0.056531,-0.0037492
104.47,0.048458,0.052866,-0.0035567
104.47,-0.11004,0.050502,-0.0033135
104.47,0.14453,0.047398,-0.0030812
104.47,0.033964,0.043636,-0.002814
104.47,-0.12114,0.040093,-0.0025184
104.47,-0.26411,0.037345,-0.0022136
104.27,0.027017,0.03255,-0.0019379
104.27,-0.042279,0.029845,-0.0016725
104.27,-0.16073,0.028847,-0.0014014
104.27,0.12332,0.028297,-0.0011548
104.27,0.033549,0.028112,-0.00092665
104.27,0.011063,0.027229,-0.00071756
104.27,-0.12389,0.025912,-0.00049768
104.27,0.14638,0.025087,-0.00027656
104.27,0.044524,0.025024,-8.9417e-05
104.27,-0.10537,0.023172,6.9715e-05
104.27,-0.24691,0.022367,0.0002007
104.27,0.045303,0.021599,0.00033179
104.27,-0.02502,0.020688,0.00046905
104.27,-0.14508,0.41921,0.00059832
104.27,0.137,0.41778,0.00068462
104.27,0.046181,0.33195,0.00082052
104.27,0.024349,0.22453,0.0010506
104.27,-0.11272,0.12563,0.0014014
104.27,0.1558,0.047804,0.0018049
104.27,0.054195,-0.0071818,0.0022615
104.27,-0.095942,-0.04186,0.0026691
104.27,-0.23829,-0.061501,0.0030137
104.27,0.052376,-0.068819,0.003261
104.27,-0.018008,-0.070442,0.0034244
104.27,-0.018559,-0.068095,0.0035187
104.27,-0.1355,-0.064209,0.0035294
104.27,0.14858,-0.059307,0.0034829
104.27,0.056566,-0.054731,0.0033861
104.27,-0.0863,-0.05049,0.0032575
104.27,0.17563,-0.047023,0.0030875
104.27,0.066619,-0.044088,0.002891
104.27,0.03192,-0.040803,0.0026569
104.27,-0.11206,-0.037893,0.0024298
104.07,0.15388,-0.037649,0.0021917
104.07,0.051405,-0.035352,0.0019403
104.07,-0.098999,-0.032711,0.0017229
104.07,-0.24074,-0.030518,0.0015067
104.07,0.051636,-0.027207,0.0012853
104.07,0.10275,-0.02445,0.0010738
105.07,-0.016734,-0.022359,0.00086355
105.07,-0.15846,-0.021029,0.00065427
105.07,0.11854,-0.019617,0.00049336
104.07,0.029291,-0.018807,0.00034893
104.07,0.011049,-0.017912,0.00019966
104.07,-0.12073,-0.41773,5.713e-05
104.07,0.15157,-0.41706,-5.9944e-05
105.07,0.052715,-0.33403,-0.00021343
105.07,-0.095023,-0.22749,-0.00045289
105.07,-0.23338,-0.12877,-0.00080822
105.07,0.17981,-0.051117,-0.001245
104.07,0.10999,0.0036902,-0.0017121
104.07,-0.035116,0.039039,-0.0021435
104.07,-0.18486,0.05896,-0.0024895
104.07,0.093495,0.067904,-0.0027531
105.07,0.12976,0.069853,-0.0029414
105.07,-0.000336,0.068459,-0.0030513
105.07,-0.15013,0.063854,-0.0030773
104.07,0.12127,0.058698,-0.0030953
104.07,0.14848,0.05364,-0.0030316
104.07,0.0083367,0.049271,-0.0029177
104.07,-0.14893,0.045665,-0.0027599
105.07,0.11738,0.041689,-0.0025606
105.07,0.022817,0.038522,-0.0023366
105.07,0.0026761,0.036647,-0.0021245
104.07,-0.12908,0.03432,-0.0019058
104.07,0.14502,0.031495,-0.0016923
104.07,0.046356,0.029454,-0.0014897
105.07,0.017984,0.027587,-0.0012854
105.07,-0.12206,0.026299,-0.001109
105.07,0.14517,0.024822,-0.00092277
104.07,0.044602,0.023043,-0.00075043
104.07,0.015091,0.022661,-0.0005686
104.07,-0.12487,0.42188,-0.00040432
103.87,0.14338,0.41855,-0.0002794
104.87,0.041293,0.33381,-0.00010669
104.87,0.011533,0.22653,0.00017971
104.87,-0.12954,0.12927,0.00056668
104.87,-0.26282,0.052374,0.00099477
103.87,0.034564,-0.0014401,0.0014239
103.87,0.088977,-0.036926,0.0018078
104.87,-0.027655,-0.056041,0.0021347
104.87,-0.16774,-0.064854,0.0024041
104.87,0.1104,-0.066632,0.0025917
104.87,0.14225,-0.064666,0.0026876
103.87,0.0049207,-0.060354,0.0027175
103.87,-0.15211,-0.056633,0.0027022
104.87,-0.16543,-0.051996,0.0026478
104.87,0.1395,-0.048258,0.0025552
104.87,0.056692,-0.044972,0.0024407
104.87,-0.084862,-0.041662,0.0023115
103.87,-0.10414,-0.038763,0.0021389
103.87,0.18723,-0.035522,0.0019631
103.87,0.089204,-0.033017,0.001765
104.87,0.054525,-0.031521,0.0015718
104.87,-0.094108,-0.029246,0.0013911
104.87,-0.23499,-0.028032,0.0012104
104.87,0.17592,-0.0264,0.0010603
104.87,0.10469,-0.024711,0.00091897
104.87,-0.042416,-0.023594,0.00078304
103.87,-0.19175,-0.022396,0.00063738
103.87,-0.19326,-0.021813,0.00049458
103.87,0.12416,-0.019412,0.00037366
104.87,0.052521,-0.017145,0.00026411
104.87,0.038584,-0.29591,0.00015025
104.87,-0.095951,-0.29473,2.8993e-05
104.87,-0.22687,-0.23544,-9.8859e-05
104.87,0.19011,-0.16178,-0.00027599
103.87,0.12084,-0.093001,-0.00052029
103.87,-0.024922,-0.039147,-0.00075988
104.87,-0.056548,0.00016861,-0.0010233
104.87,-0.17925,0.024976,-0.0012878
104.87,0.11053,0.038912,-0.0015058
104.87,0.14975,0.04535,-0.0016893
103.67,0.018013,0.045583,-0.0018055
103.67,-0.13559,0.045746,-0.0018742
104.67,0.2519,0.043047,-0.0019294
104.67,0.1569,0.039236,-0.0019306
104.67,-0.0096835,0.035885,-0.0018986
104.67,-0.055083,0.031806,-0.0018233
104.67,-0.18598,0.029237,-0.0017336
104.67,0.099319,0.026666,-0.0016222
104.67,0.13561,0.024655,-0.0015036
104.67,0.0017676,0.022846,-0.0013826
103.67,-0.032238,0.021644,-0.0012616
103.67,-0.16348,0.021204,-0.0011427
104.67,0.1175,0.019515,-0.001012
104.67,0.14828,0.018905,-0.00088146
104.67,0.0098915,0.017468,-0.00078573
104.67,-0.14778,0.016112,-0.00065748
104.67,-0.16262,0.015429,-0.00052747
104.67,0.1398,0.015121,-0.00040385
104.67,0.1749,0.01354,-0.00030446
104.67,0.032241,0.013241,-0.00020396
104.67,-0.13179,0.012556,-0.00012849
103.67,-0.15211,0.012127,-8.5146e-05
103.67,-0.25377,0.01114,-1.4908e-05
104.67,0.059042,0.010442,3.4401e-05
104.67,0.11743,0.0088494,9.7433e-05
104.67,-0.001723,0.0085182,0.00015118
