0.000000,0.000000,104.574600,22.059998,0.000000,0.000000
0.000000,0.000000,104.574600,0.782032,-0.083910,-0.123610
0.000000,0.000000,104.574608,0.027912,-0.147030,-0.231632
0.000000,0.000000,104.574600,-0.281462,-0.053955,-0.115367
0.000000,0.000000,104.574600,-0.651802,-0.089279,-0.361949
0.000000,0.000000,104.574600,-0.450972,0.023956,-0.290610
0.000000,0.000000,104.574600,-0.546006,0.185688,0.311367
0.000000,0.000000,104.574608,-0.528152,0.127823,0.189714
0.000000,0.000000,104.574608,-0.494102,-0.060667,-0.058343
0.000000,0.000000,104.574600,-0.548162,-0.084167,0.377479
0.000000,0.000000,104.606415,-0.507767,-0.041302,-0.158806
0.000000,0.000000,104.606415,-0.593868,0.079060,-0.182632
0.000000,0.000000,104.606415,-0.536351,0.195915,-0.153254
0.000000,0.000000,104.606415,-0.335937,-0.151573,0.140246
0.000000,0.000000,104.606415,-0.475677,-0.174322,0.214524
0.000000,0.000000,104.606415,-0.467544,0.000746,0.141808
0.000000,0.000000,104.606415,-0.449004,-0.091465,0.273033
0.000000,0.000000,104.606415,-0.521083,-0.040487,0.019310
0.000000,0.000000,104.606415,-0.410562,0.004574,-0.105252
0.000000,0.000000,104.606415,-0.356986,0.052763,0.032441
0.000000,0.000000,104.816559,-0.245062,0.231039,-0.085302
0.000000,0.000000,104.816559,-0.365679,0.040026,-0.102149
0.000000,0.000000,104.816551,-0.337207,0.054350,0.044540
0.000000,0.000000,104.816559,-0.271486,0.047287,0.102829
0.000000,0.000000,104.816559,-0.451950,-0.033588,0.214065
0.000000,0.000000,104.816559,-0.325137,0.091076,-0.000506
0.000000,0.000000,104.816559,-0.351556,-0.010489,-0.108672
0.000000,0.000000,104.816559,-0.388890,-0.168148,-0.068256
0.000000,0.000000,104.816551,-0.131880,-0.125660,0.174547
0.000000,0.000000,104.816559,-0.196880,0.004551,-0.134104
0.000000,0.000000,105.223122,-0.426891,0.198372,0.114167
0.000000,0.000000,105.223129,-0.348597,0.071871,0.305222
0.000000,0.000000,105.223122,-0.282714,0.002726,0.085467
0.000000,0.000000,105.223114,-0.400445,0.071821,0.361960
0.000000,0.000000,105.223129,-0.205583,0.076038,0.090189
0.000000,0.000000,105.223129,-0.138235,0.059187,0.254186
0.000000,0.000000,105.223129,-0.207828,-0.086756,-0.106325
0.000000,0.000000,105.223122,-0.404743,-0.171297,-0.206817
0.000000,0.000000,105.223129,-0.118727,0.064560,0.262554
0.000000,0.000000,105.223122,-0.402205,-0.004141,0.228981
0.000000,0.000000,105.822449,-0.316261,0.426338,-0.261484
0.000000,0.000000,105.822441,-0.263820,-0.093660,0.059912
0.000000,0.000000,105.822449,-0.262492,0.071022,-0.041178
0.000000,0.000000,105.822449,-0.211926,-0.009804,-0.158328
0.000000,0.000000,105.822449,-0.160295,0.089165,0.089508
0.000000,0.000000,105.822449,-0.166925,0.004843,-0.191145
0.000000,0.000000,105.822449,-0.313905,-0.006599,-0.225768
0.000000,0.000000,105.822441,-0.271933,-0.047434,-0.110592
0.000000,0.000000,105.822449,-0.235704,-0.025789,-0.125633
0.000000,0.000000,105.822449,-0.204564,-0.005884,0.049014
0.000000,0.000000,106.640022,-0.430708,-0.508141,0.081978
0.000000,0.000000,106.640022,-0.170719,0.010815,-0.134759
0.000000,0.000000,106.640022,-0.139409,-0.026388,0.134730
0.000000,0.000000,106.640030,-0.147806,0.126251,0.012309
0.000000,0.000000,106.640030,-0.201201,-0.065638,0.163412
0.000000,0.000000,106.640030,-0.191326,-0.029633,-0.215011
0.000000,0.000000,106.640030,-0.100298,-0.128365,0.225453
0.000000,0.000000,106.640030,-0.198944,-0.005808,-0.152429
0.000000,0.000000,106.640030,-0.099882,-0.080282,0.090227
0.000000,0.000000,106.640030,-0.101165,0.084871,0.223552
0.000000,0.000000,107.409660,-0.150660,0.193390,0.012805
0.000000,0.000000,107.409660,-0.204597,-0.049164,0.016864
0.000000,0.000000,107.409660,-0.116543,0.129852,0.092372
0.000000,0.000000,107.409660,-0.281806,-0.049818,-0.012541
0.000000,0.000000,107.409668,-0.196930,0.037376,-0.204339
0.000000,0.000000,107.409653,-0.235593,-0.055893,0.011770
0.000000,0.000000,107.409668,-0.264920,-0.035553,0.040678
0.000000,0.000000,107.409660,0.039594,-0.117531,-0.033202
0.000000,0.000000,107.409668,-0.195858,-0.001205,0.096577
0.000000,0.000000,107.409653,-0.186297,0.166897,-0.004634
0.000000,0.000000,108.561371,-0.210171,-0.227236,-0.369347
0.000000,0.000000,108.561371,-0.134389,-0.026718,0.071896
0.000000,0.000000,108.561378,-0.058868,-0.091515,0.143707
0.000000,0.000000,108.561371,0.040163,0.063244,-0.114307
0.000000,0.000000,108.561371,-0.138427,0.009409,-0.169039
0.000000,0.000000,108.561371,-0.165742,0.075594,-0.257117
0.000000,0.000000,108.561371,-0.002999,0.053642,0.058817
0.000000,0.000000,108.561371,-0.189346,0.089958,-0.014742
0.000000,0.000000,108.561378,-0.140858,-0.010347,0.098818
0.000000,0.000000,108.561371,-0.197617,-0.026205,-0.124942
0.000000,0.000000,109.586700,0.024315,-0.330439,-0.061246
0.000000,0.000000,109.586700,-0.013384,-0.061661,-0.128575
0.000000,0.000000,109.586700,-0.135470,-0.015305,0.107355
0.000000,0.000000,109.586700,-0.112620,0.021223,0.159489
0.000000,0.000000,109.586700,-0.146777,-0.017250,0.142621
0.000000,0.000000,109.586700,-0.054991,-0.087252,0.161794
0.000000,0.000000,109.586700,0.041049,-0.010183,0.027895
0.000000,0.000000,109.586700,-0.202078,-0.090942,0.098452
0.000000,0.000000,109.586700,0.092771,0.078337,0.162951
0.000000,0.000000,109.586700,-0.085415,-0.030430,0.412758
0.000000,0.000000,110.466431,-0.138554,0.613937,0.099802
0.000000,0.000000,110.466431,0.059526,0.013456,0.085491
0.000000,0.000000,110.466431,-0.111549,-0.163065,-0.006441
0.000000,0.000000,110.466431,-0.079360,0.120653,0.089015
0.000000,0.000000,110.466431,-0.053742,-0.007263,-0.136763
0.000000,0.000000,110.466431,-0.041065,0.202791,-0.007960
0.000000,0.000000,110.466431,-0.183990,-0.049988,0.143232
0.000000,0.000000,110.466438,0.165730,0.097452,-0.061421
0.000000,0.000000,110.466431,0.006148,-0.046295,0.277281
0.000000,0.000000,110.466431,-0.007222,0.063370,-0.065397
0.000000,0.000000,111.101418,-0.073193,0.319744,0.235998
0.000000,0.000000,111.101418,-0.092524,-0.169693,-0.339656
0.000000,0.000000,111.101425,0.048725,-0.138248,-0.220988
0.000000,0.000000,111.101418,-0.079671,0.091797,-0.391467
0.000000,0.000000,111.101425,-0.008880,0.055386,-0.282604
0.000000,0.000000,111.101418,-0.038236,0.049652,-0.090456
0.000000,0.000000,111.101425,-0.003687,-0.021275,-0.064711
0.000000,0.000000,111.101418,-0.126920,-0.010868,-0.299052
0.000000,0.000000,111.101425,0.027153,-0.014921,-0.071844
0.000000,0.000000,111.101418,0.097886,0.007544,-0.241859
0.000000,0.000000,111.483162,0.057345,-0.945522,-0.018717
0.000000,0.000000,111.483154,-0.005535,0.001705,-0.002247
0.000000,0.000000,111.483162,-0.044730,-0.048458,-0.001310
0.000000,0.000000,111.483170,0.041335,-0.148266,-0.131211
0.000000,0.000000,111.483162,-0.009094,-0.003244,0.129344
0.000000,0.000000,111.483170,0.017618,0.026302,-0.049248
0.000000,0.000000,111.483154,0.029948,-0.221653,0.027926
0.000000,0.000000,111.483162,0.010461,-0.072052,0.079720
0.000000,0.000000,111.483154,0.019350,-0.119820,-0.252904
0.000000,0.000000,111.483162,-0.003203,-0.115417,-0.083951
0.000000,0.000000,111.695480,-0.052593,-0.004257,0.006655
0.000000,0.000000,111.695480,0.017897,-0.000088,-0.149315
0.000000,0.000000,111.695480,0.141110,-0.193291,-0.084136
0.000000,0.000000,111.695480,0.084114,-0.083544,0.018718
0.000000,0.000000,111.695480,0.065125,0.031696,0.117633
0.000000,0.000000,111.695480,-0.063460,0.050247,0.399808
0.000000,0.000000,111.695473,-0.087630,-0.039816,0.001612
0.000000,0.000000,111.695480,0.057064,0.006460,0.139898
0.000000,0.000000,111.695480,0.003223,0.005978,-0.020677
0.000000,0.000000,111.695480,-0.168555,0.075829,0.085137
0.000000,0.000000,112.048256,-0.174630,0.229635,-0.079548
0.000000,0.000000,112.048264,-0.077685,0.042730,0.287586
0.000000,0.000000,112.048256,0.099840,0.072321,0.104322
0.000000,0.000000,112.048256,-0.062136,0.087624,0.131719
0.000000,0.000000,112.048264,0.048626,0.005981,0.274849
0.000000,0.000000,112.048264,0.008767,-0.013880,0.124388
0.000000,0.000000,112.048264,0.074573,-0.000338,0.254939
0.000000,0.000000,112.048264,-0.023607,0.032923,-0.089658
0.000000,0.000000,112.048264,-0.027761,-0.070490,0.213316
0.000000,0.000000,112.048264,0.008040,-0.015190,-0.179412
0.000000,0.000000,111.923943,0.051237,0.500362,-0.066687
0.000000,0.000000,111.923943,-0.038379,0.146955,0.185759
0.000000,0.000000,111.923950,-0.086461,0.139622,0.057104
0.000000,0.000000,111.923950,-0.033596,-0.048033,-0.016567
0.000000,0.000000,111.923943,-0.094982,0.044355,-0.024041
0.000000,0.000000,111.923950,0.038232,0.039137,-0.000550
0.000000,0.000000,111.923943,0.029680,0.078449,-0.136396
0.000000,0.000000,111.923943,-0.007508,-0.005440,0.018938
0.000000,0.000000,111.923950,0.179743,0.022190,0.017651
0.000000,0.000000,111.923943,-0.134341,-0.047331,-0.163780
0.000000,0.000000,112.175568,0.050734,0.364965,0.175033
0.000000,0.000000,112.175568,-0.084051,0.064447,-0.231104
0.000000,0.000000,112.175568,0.053885,0.000999,0.030134
0.000000,0.000000,112.175560,0.098551,0.010075,-0.014696
0.000000,0.000000,112.175568,-0.050567,0.046574,0.007107
0.000000,0.000000,112.175568,0.003911,0.080976,-0.185241
0.000000,0.000000,112.175568,-0.061460,0.057354,-0.146477
0.000000,0.000000,112.175560,-0.014549,0.127018,-0.020848
0.000000,0.000000,112.175568,-0.028983,0.036079,-0.108774
0.000000,0.000000,112.175568,-0.051727,-0.064428,0.190541
0.000000,0.000000,112.316811,0.001937,-0.199505,-0.144614
0.000000,0.000000,112.316803,0.001082,-0.031088,0.061303
0.000000,0.000000,112.316803,-0.013419,-0.005955,0.059398
0.000000,0.000000,112.316811,-0.170328,-0.062468,-0.444882
0.000000,0.000000,112.316803,-0.058208,-0.090164,-0.169313
0.000000,0.000000,112.316811,0.093148,0.030289,-0.164241
0.000000,0.000000,112.316811,0.103717,-0.004646,0.058634
0.000000,0.000000,112.316803,-0.028768,-0.032246,0.052825
0.000000,0.000000,112.316811,0.042562,0.066065,-0.010492
0.000000,0.000000,112.316803,0.083149,0.016079,-0.432122
0.000000,0.000000,112.303909,-0.034850,-0.537243,-0.183462
0.000000,0.000000,112.303917,-0.033185,-0.001827,-0.265731
0.000000,0.000000,112.303917,-0.046557,0.020840,-0.037605
0.000000,0.000000,112.303917,0.101797,-0.055424,-0.263534
0.000000,0.000000,112.303925,-0.042591,-0.091415,0.191503
0.000000,0.000000,112.303909,-0.010392,-0.187733,0.204929
0.000000,0.000000,112.303917,-0.005280,-0.057285,-0.036571
0.000000,0.000000,112.303917,-0.066048,-0.015049,-0.031999
0.000000,0.000000,112.303917,-0.079624,0.112240,0.052849
0.000000,0.000000,112.303917,0.024558,0.093847,0.003564
0.000000,0.000000,112.575699,-0.013139,0.207811,0.422707
0.000000,0.000000,112.575699,0.087766,0.076418,0.122264
0.000000,0.000000,112.575699,-0.033514,0.083813,0.191574
0.000000,0.000000,112.575699,0.002942,0.032692,0.085132
0.000000,0.000000,112.575699,0.102386,-0.046335,0.170847
0.000000,0.000000,112.575699,0.002716,-0.010775,0.236876
0.000000,0.000000,112.575699,-0.089522,-0.051014,-0.150699
0.000000,0.000000,112.575699,0.011757,0.046104,0.095031
0.000000,0.000000,112.575699,0.061728,-0.007574,0.111608
0.000000,0.000000,112.575699,0.002241,0.110468,-0.160615
0.000000,0.000000,112.042885,0.052576,0.233837,-0.107498
0.000000,0.000000,112.042877,0.095513,-0.032446,0.096695
0.000000,0.000000,112.042877,0.132367,-0.069340,0.060802
0.000000,0.000000,112.042892,0.165237,-0.046696,-0.018972
0.000000,0.000000,112.042877,0.039799,-0.032156,-0.084555
0.000000,0.000000,112.042877,-0.063393,0.055796,0.036112
0.000000,0.000000,112.042885,-0.136744,-0.067970,0.032449
0.000000,0.000000,112.042877,-0.106816,-0.006399,-0.119918
0.000000,0.000000,112.042877,-0.087580,0.045982,-0.094035
0.000000,0.000000,112.042885,-0.162346,0.192783,-0.283610
0.000000,0.000000,112.278183,0.053090,-0.154358,-0.043182
0.000000,0.000000,112.278183,0.015608,-0.099037,-0.080840
0.000000,0.000000,112.278175,0.049052,-0.034157,0.073515
0.000000,0.000000,112.278183,-0.021025,-0.051592,-0.187041
0.000000,0.000000,112.278175,0.113086,-0.173841,-0.098056
0.000000,0.000000,112.278183,-0.104468,-0.096689,0.218911
0.000000,0.000000,112.278175,0.079753,-0.135006,-0.006358
0.000000,0.000000,112.278183,0.033637,0.042227,0.149997
0.000000,0.000000,112.278183,0.135334,0.093994,0.161727
0.000000,0.000000,112.278183,-0.102952,-0.165951,0.309585
0.000000,0.000000,111.779846,-0.053664,0.198723,0.065960
0.000000,0.000000,111.779846,-0.068008,-0.068478,0.001349
0.000000,0.000000,111.779846,-0.074848,-0.058702,0.078662
0.000000,0.000000,111.779846,-0.015333,-0.130674,0.085321
0.000000,0.000000,111.779846,0.006743,-0.001278,0.022522
0.000000,0.000000,111.779846,0.032465,0.027336,0.040951
0.000000,0.000000,111.779846,-0.037456,0.078295,-0.100631
0.000000,0.000000,111.779846,-0.053745,-0.031134,-0.084332
0.000000,0.000000,111.779846,-0.015706,0.015812,-0.019308
0.000000,0.000000,111.779846,-0.003955,-0.029114,0.265789
0.000000,0.000000,112.327782,-0.013111,0.345594,0.272595
0.000000,0.000000,112.327782,-0.001089,0.012217,-0.018157
0.000000,0.000000,112.327782,0.172087,-0.030651,-0.172634
0.000000,0.000000,112.327789,0.051893,0.010403,-0.416733
0.000000,0.000000,112.327789,-0.033888,0.044155,0.044521
0.000000,0.000000,112.327789,0.090842,0.034687,-0.025506
0.000000,0.000000,112.327782,0.019456,-0.088165,-0.048414
0.000000,0.000000,112.327782,0.057864,-0.022148,0.096141
0.000000,0.000000,112.327789,-0.035747,0.041319,0.038756
0.000000,0.000000,112.327789,-0.089826,-0.056044,-0.177111
0.000000,0.000000,111.191040,0.113607,-0.402929,0.102261
0.000000,0.000000,111.191048,-0.022845,0.016937,0.047669
0.000000,0.000000,111.191040,0.149959,0.070372,0.077648
0.000000,0.000000,111.191040,0.009725,-0.028864,0.023276
0.000000,0.000000,111.191048,-0.082316,0.056097,-0.081205
0.000000,0.000000,111.191040,-0.096569,0.018894,-0.128957
0.000000,0.000000,111.191040,-0.090175,0.065470,0.115042
0.000000,0.000000,111.191048,-0.067278,0.059429,-0.100870
0.000000,0.000000,111.191040,-0.047152,0.127005,-0.084937
0.000000,0.000000,111.191040,-0.063088,0.125290,0.063504
0.000000,0.000000,111.506027,0.080441,-0.013918,0.227144
0.000000,0.000000,111.506027,-0.051117,0.179228,-0.190374
0.000000,0.000000,111.506027,-0.116083,-0.014685,-0.096042
0.000000,0.000000,111.506027,-0.135981,0.135618,-0.001187
0.000000,0.000000,111.506027,0.047563,0.106947,-0.214790
0.000000,0.000000,111.506027,-0.080974,0.026524,0.200829
0.000000,0.000000,111.506035,0.117016,0.066933,-0.140768
0.000000,0.000000,111.506027,-0.017218,0.035515,-0.110377
0.000000,0.000000,111.506027,-0.040567,-0.004398,0.064186
0.000000,0.000000,111.506027,-0.030444,-0.040756,-0.009427
0.000000,0.000000,112.291832,0.007098,-0.248432,-0.057335
0.000000,0.000000,112.291840,-0.053378,-0.039379,0.167740
0.000000,0.000000,112.291832,0.036728,-0.113503,-0.040841
0.000000,0.000000,112.291840,-0.001155,0.097557,0.037207
0.000000,0.000000,112.291832,-0.084418,-0.037502,-0.179866
0.000000,0.000000,112.291840,-0.002176,-0.057554,-0.037730
0.000000,0.000000,112.291840,0.141007,0.013939,0.044632
0.000000,0.000000,112.291840,0.076828,0.113695,-0.067425
0.000000,0.000000,112.291832,-0.004954,0.073559,-0.063263
0.000000,0.000000,112.291832,0.067232,0.078716,0.012498
0.000000,0.000000,111.313240,0.023537,0.003246,0.090243
0.000000,0.000000,111.313248,-0.056090,-0.021191,0.080390
0.000000,0.000000,111.313248,-0.087807,0.082912,-0.072281
0.000000,0.000000,111.313240,0.018718,-0.037991,-0.272853
0.000000,0.000000,111.313240,-0.072433,-0.152384,0.135904
0.000000,0.000000,111.313240,-0.014313,-0.103550,0.040698
0.000000,0.000000,111.313240,-0.047455,-0.128981,0.250207
0.000000,0.000000,111.313240,0.005439,0.086178,0.238051
0.000000,0.000000,111.313240,0.028424,0.069475,0.042948
0.000000,0.000000,111.313248,0.113922,-0.121532,-0.122767
0.000000,0.000000,111.505348,0.013743,0.108326,-0.085605
0.000000,0.000000,111.505341,0.012593,0.024364,0.217543
0.000000,0.000000,111.505341,-0.079845,0.132040,0.018015
0.000000,0.000000,111.505341,0.116130,0.053696,-0.236457
0.000000,0.000000,111.505348,-0.109163,0.086119,-0.008926
0.000000,0.000000,111.505348,-0.041336,-0.002081,0.113092
0.000000,0.000000,111.505341,0.013424,0.013100,-0.149621
0.000000,0.000000,111.505341,-0.137877,-0.124653,-0.154341
0.000000,0.000000,111.505341,0.013369,-0.110987,-0.125777
0.000000,0.000000,111.505341,0.031818,0.047161,0.084073
0.000000,0.000000,112.004730,-0.008916,-0.044502,0.018943
0.000000,0.000000,112.004730,0.000649,-0.189985,0.074328
0.000000,0.000000,112.004730,0.076675,-0.042267,0.041318
0.000000,0.000000,112.004730,-0.083974,0.156204,-0.035731
0.000000,0.000000,112.004730,0.062031,-0.142151,-0.055069
0.000000,0.000000,112.004745,0.072508,-0.052818,0.075374
0.000000,0.000000,112.004730,-0.008755,-0.025316,-0.280918
0.000000,0.000000,112.004730,0.048617,0.115431,-0.045263
0.000000,0.000000,112.004730,0.119450,0.041990,-0.151361
0.000000,0.000000,112.004730,-0.011619,0.009747,-0.057177
0.000000,0.000000,110.321335,0.130308,-0.433477,-0.341272
0.000000,0.000000,110.321335,-0.006057,0.130707,-0.063813
0.000000,0.000000,110.321335,0.050880,0.142424,0.013076
0.000000,0.000000,110.321335,-0.004562,-0.018353,0.177517
0.000000,0.000000,110.321342,0.049809,-0.038654,0.413003
0.000000,0.000000,110.321342,-0.027945,-0.022308,-0.116445
0.000000,0.000000,110.321335,0.005721,-0.121323,0.238467
0.000000,0.000000,110.321335,-0.064693,0.058695,0.055726
0.000000,0.000000,110.321335,0.097583,-0.006895,0.102034
0.000000,0.000000,110.321342,0.064818,0.114164,-0.019954
0.000000,0.000000,109.660904,-0.049564,0.251865,-0.073012
0.000000,0.000000,109.660896,-0.085157,0.130005,0.053564
0.000000,0.000000,109.660896,-0.191364,0.011391,-0.192429
0.000000,0.000000,109.660904,0.115200,-0.126230,-0.244248
0.000000,0.000000,109.660904,0.070210,0.129660,-0.072725
0.000000,0.000000,109.660896,0.023740,0.050257,0.134154
0.000000,0.000000,109.660896,-0.073245,-0.168633,0.204275
0.000000,0.000000,109.660896,0.045858,0.014395,0.015061
0.000000,0.000000,109.660904,-0.054566,-0.021381,0.187353
0.000000,0.000000,109.660904,0.075130,0.010094,0.090987
0.000000,0.000000,109.760529,0.092370,0.130245,0.139817
0.000000,0.000000,109.760529,0.012440,0.159441,-0.098410
0.000000,0.000000,109.760521,-0.064316,-0.051914,0.047330
0.000000,0.000000,109.760529,-0.099241,-0.017122,-0.388587
0.000000,0.000000,109.760529,0.000454,-0.022230,-0.317984
0.000000,0.000000,109.760521,0.032752,-0.021879,-0.138216
0.000000,0.000000,109.760529,0.018247,-0.008968,-0.126049
0.000000,0.000000,109.760521,-0.005799,-0.024530,0.067106
0.000000,0.000000,109.760521,0.112557,0.055984,0.032926
0.000000,0.000000,109.760521,0.070150,-0.108734,0.083075
0.000000,0.000000,109.127014,0.154926,-0.528551,-0.035296
0.000000,0.000000,109.127014,-0.028724,0.035032,0.015256
0.000000,0.000000,109.127014,0.150975,-0.040234,0.061628
0.000000,0.000000,109.127007,-0.059498,-0.024260,-0.087159
0.000000,0.000000,109.127007,0.090878,0.012310,-0.104162
0.000000,0.000000,109.127014,0.030012,-0.000423,0.094711
0.000000,0.000000,109.127014,0.063029,0.024036,0.077617
0.000000,0.000000,109.127007,-0.000780,-0.089067,0.338401
0.000000,0.000000,109.127014,0.098568,-0.072878,0.091047
0.000000,0.000000,109.127014,0.013694,0.036142,0.240408
0.000000,0.000000,107.428940,0.011226,0.463810,0.252415
0.000000,0.000000,107.428940,-0.027883,-0.131905,0.313395
0.000000,0.000000,107.428940,-0.082584,-0.152925,-0.131256
0.000000,0.000000,107.428940,0.081818,-0.068466,-0.069908
0.000000,0.000000,107.428940,-0.050616,0.026569,-0.301906
0.000000,0.000000,107.428940,0.089172,-0.110792,0.098897
0.000000,0.000000,107.428940,-0.003071,-0.033699,0.007296
0.000000,0.000000,107.428940,0.032277,-0.039974,0.404157
0.000000,0.000000,107.428940,-0.034153,0.045841,-0.111327
0.000000,0.000000,107.428940,-0.111260,0.030014,0.019230
0.000000,0.000000,107.039185,0.079633,0.096146,0.175573
0.000000,0.000000,107.039185,0.052869,0.015221,0.077271
0.000000,0.000000,107.039192,0.050327,-0.000526,0.082459
0.000000,0.000000,107.039192,-0.044024,0.058655,-0.065566
0.000000,0.000000,107.039200,-0.003151,0.120243,-0.187602
0.000000,0.000000,107.039185,0.048213,-0.063311,0.269913
0.000000,0.000000,107.039185,-0.045989,0.075195,0.063723
0.000000,0.000000,107.039192,0.187593,-0.005337,-0.032233
0.000000,0.000000,107.039192,-0.079914,-0.094461,-0.195479
0.000000,0.000000,107.039185,-0.040901,-0.064480,-0.058477
0.000000,0.000000,106.067261,-0.062812,-0.223408,-0.103945
0.000000,0.000000,106.067268,-0.159419,0.079844,0.049368
0.000000,0.000000,106.067261,0.007625,0.049244,0.390077
0.000000,0.000000,106.067261,-0.071389,0.069685,0.256600
0.000000,0.000000,106.067268,0.091897,-0.071068,0.129766
0.000000,0.000000,106.067261,-0.129180,-0.001888,0.156168
0.000000,0.000000,106.067261,-0.107326,-0.027111,0.104778
0.000000,0.000000,106.067261,-0.020452,0.019775,0.091837
0.000000,0.000000,106.067261,-0.028751,0.007893,-0.402305
0.000000,0.000000,106.067261,-0.087318,0.020939,0.087373
0.000000,0.000000,106.482666,-0.016221,0.514368,0.218906
0.000000,0.000000,106.482666,-0.017748,-0.075787,-0.057578
0.000000,0.000000,106.482666,-0.025715,0.065966,0.237762
0.000000,0.000000,106.482666,-0.138803,0.166567,-0.207910
0.000000,0.000000,106.482666,-0.043059,0.160067,-0.029744
0.000000,0.000000,106.482666,-0.130259,0.074785,-0.097452
0.000000,0.000000,106.482666,-0.103489,0.043827,-0.073384
0.000000,0.000000,106.482666,0.066294,0.105173,-0.097249
0.000000,0.000000,106.482666,-0.041632,-0.025661,0.127903
0.000000,0.000000,106.482666,-0.154636,0.073555,-0.080225
0.000000,0.000000,107.841843,-0.276965,-0.124495,0.143134
0.000000,0.000000,107.841827,-0.066217,-0.179213,-0.026890
0.000000,0.000000,107.841827,-0.056780,-0.097218,0.189240
0.000000,0.000000,107.841827,-0.053723,-0.030832,0.072234
0.000000,0.000000,107.841827,0.055255,0.003922,0.061022
0.000000,0.000000,107.841827,-0.041878,0.106836,-0.114042
0.000000,0.000000,107.841835,0.111054,0.109671,-0.018525
0.000000,0.000000,107.841835,-0.123657,0.013391,0.025243
0.000000,0.000000,107.841827,-0.015432,0.086729,0.153196
0.000000,0.000000,107.841827,-0.114245,0.079769,0.141502
0.000000,0.000000,107.071686,-0.040409,0.287779,0.039607
0.000000,0.000000,107.071686,-0.095556,-0.088991,0.237385
0.000000,0.000000,107.071686,0.116227,-0.042368,0.001639
0.000000,0.000000,107.071693,-0.110536,0.002071,0.142087
0.000000,0.000000,107.071686,-0.064688,0.088314,-0.497613
0.000000,0.000000,107.071686,-0.245520,0.076027,-0.049769
0.000000,0.000000,107.071693,0.045322,-0.060884,0.132434
0.000000,0.000000,107.071686,-0.067641,-0.015591,-0.155054
0.000000,0.000000,107.071686,-0.040703,0.160786,0.009719
0.000000,0.000000,107.071693,-0.024966,0.057055,0.144619
0.000000,0.000000,108.019547,-0.125657,0.079931,0.037228
0.000000,0.000000,108.019539,-0.031210,0.113512,0.089723
0.000000,0.000000,108.019531,0.066087,-0.004915,0.017267
0.000000,0.000000,108.019547,0.103637,0.060486,-0.115014
0.000000,0.000000,108.019547,-0.189063,-0.022276,0.299302
0.000000,0.000000,108.019547,-0.042979,0.018209,-0.247954
0.000000,0.000000,108.019547,-0.152899,0.032532,-0.190680
0.000000,0.000000,108.019539,0.034410,0.056616,0.104511
0.000000,0.000000,108.019547,0.023134,0.125357,-0.037143
0.000000,0.000000,108.019539,0.140924,-0.111122,0.095832
0.000000,0.000000,107.135391,-0.055958,0.063072,0.022686
0.000000,0.000000,107.135391,0.012306,0.038984,0.156123
0.000000,0.000000,107.135391,-0.025232,0.089457,0.019702
0.000000,0.000000,107.135391,0.101750,0.027136,0.110300
0.000000,0.000000,107.135391,-0.007900,-0.095997,-0.032920
0.000000,0.000000,107.135391,-0.133631,-0.100533,-0.202598
0.000000,0.000000,107.135391,-0.046336,0.004471,-0.055730
0.000000,0.000000,107.135391,-0.015089,0.096956,0.051738
0.000000,0.000000,107.135391,0.058586,-0.011421,0.104722
0.000000,0.000000,107.135391,-0.087234,0.096018,0.006289
0.000000,0.000000,107.017342,-0.022046,-0.056028,-0.172433
0.000000,0.000000,107.017334,-0.091161,0.093689,-0.279769
0.000000,0.000000,107.017334,-0.179175,-0.058437,-0.278074
0.000000,0.000000,107.017342,0.031249,-0.178131,-0.426162
0.000000,0.000000,107.017342,0.020024,-0.074305,-0.013333
0.000000,0.000000,107.017342,0.090049,0.108030,-0.169938
0.000000,0.000000,107.017342,-0.012554,-0.006973,0.031329
0.000000,0.000000,107.017334,0.033358,-0.003433,0.091059
0.000000,0.000000,107.017334,-0.064254,0.003418,0.036226
0.000000,0.000000,107.017334,-0.046980,-0.138344,0.171478
0.000000,0.000000,107.317078,0.044870,-0.422245,-0.016722
0.000000,0.000000,107.317078,0.049220,0.041750,0.125537
0.000000,0.000000,107.317070,0.049075,-0.119228,0.015465
0.000000,0.000000,107.317078,-0.084339,0.082180,-0.140772
0.000000,0.000000,107.317078,-0.123851,-0.071817,-0.113830
0.000000,0.000000,107.317078,0.024105,-0.169760,0.003912
0.000000,0.000000,107.317070,0.014793,-0.018978,0.214438
0.000000,0.000000,107.317070,-0.119053,0.125904,0.016223
0.000000,0.000000,107.317078,-0.081184,0.086075,-0.048249
0.000000,0.000000,107.317078,0.208867,-0.073565,0.223291
0.000000,0.000000,107.921852,-0.052147,-0.014843,-0.162514
0.000000,0.000000,107.921852,0.090167,0.077286,0.108222
0.000000,0.000000,107.921844,-0.058477,-0.038696,-0.237955
0.000000,0.000000,107.921844,0.059373,0.032309,0.149819
0.000000,0.000000,107.921844,-0.058053,0.067488,-0.144077
0.000000,0.000000,107.921844,0.122668,0.041092,-0.105520
0.000000,0.000000,107.921844,0.062824,-0.097261,-0.031108
0.000000,0.000000,107.921844,-0.031470,-0.015182,-0.056090
0.000000,0.000000,107.921844,0.222744,0.007439,0.022568
0.000000,0.000000,107.921844,0.163972,0.121302,-0.047005
0.000000,0.000000,105.426056,-0.021416,-0.127014,0.155903
0.000000,0.000000,105.426056,0.057693,0.024252,-0.144801
0.000000,0.000000,105.426056,0.013906,0.016487,-0.284991
0.000000,0.000000,105.426048,0.033715,0.060322,-0.063019
0.000000,0.000000,105.426056,0.038770,-0.038490,0.142145
0.000000,0.000000,105.426056,0.069204,0.012337,0.110389
0.000000,0.000000,105.426041,-0.026940,-0.081234,-0.007104
0.000000,0.000000,105.426056,-0.025904,-0.063671,0.265557
0.000000,0.000000,105.426048,-0.087305,-0.014065,0.007031
0.000000,0.000000,105.426048,-0.123484,0.010509,-0.165284
0.000000,0.000000,105.349808,0.114791,-0.092852,-0.223382
0.000000,0.000000,105.349808,-0.039670,-0.058010,0.045524
0.000000,0.000000,105.349792,0.210957,-0.190290,0.069923
0.000000,0.000000,105.349800,-0.081825,-0.055254,-0.109961
0.000000,0.000000,105.349800,0.173949,0.211529,-0.058437
0.000000,0.000000,105.349808,0.104507,0.016472,0.417650
0.000000,0.000000,105.349808,0.151681,0.003073,-0.150824
0.000000,0.000000,105.349800,0.238072,-0.054941,0.093566
0.000000,0.000000,105.349800,0.119637,0.001043,0.077175
0.000000,0.000000,105.349808,0.100132,0.071014,-0.209900
0.000000,0.000000,100.599068,0.033868,0.069683,-0.168489
0.000000,0.000000,100.599060,0.057920,0.220812,-0.188331
0.000000,0.000000,100.599060,-0.155368,-0.109898,0.009236
0.000000,0.000000,100.599068,0.031696,-0.169174,0.029960
0.000000,0.000000,100.599068,0.077600,0.229422,-0.055971
0.000000,0.000000,100.599068,-0.039435,0.116882,0.178187
0.000000,0.000000,100.599068,0.062695,0.102247,0.163400
0.000000,0.000000,100.599068,0.007575,-0.057611,0.177998
0.000000,0.000000,100.599075,0.069716,0.023981,0.061560
0.000000,0.000000,100.599060,-0.111221,-0.020031,-0.146909
0.000000,0.000000,101.335876,0.044787,-0.029730,-0.078649
0.000000,0.000000,101.335869,0.071856,-0.087582,-0.251020
0.000000,0.000000,101.335861,-0.029942,-0.004940,-0.077391
0.000000,0.000000,101.335869,0.130936,-0.154716,-0.167680
0.000000,0.000000,101.335869,-0.071201,0.098043,0.096749
0.000000,0.000000,101.335861,0.069230,-0.028076,0.157247
0.000000,0.000000,101.335869,-0.071327,-0.017431,0.191471
0.000000,0.000000,101.335876,-0.103868,0.036629,-0.242037
0.000000,0.000000,101.335861,-0.054562,-0.041378,0.049105
0.000000,0.000000,101.335861,-0.012493,0.082642,-0.023538
0.000000,0.000000,102.392151,0.008942,-0.221319,-0.135368
0.000000,0.000000,102.392151,-0.047462,-0.158472,-0.072186
0.000000,0.000000,102.392151,0.133617,0.018398,0.076423
0.000000,0.000000,102.392159,-0.090079,0.009727,-0.174279
0.000000,0.000000,102.392151,0.049081,0.150688,-0.104064
0.000000,0.000000,102.392159,0.084869,0.027187,0.028908
0.000000,0.000000,102.392159,0.126224,-0.052162,-0.192299
0.000000,0.000000,102.392159,0.057046,0.045361,-0.148036
0.000000,0.000000,102.392151,-0.048347,-0.055204,-0.169180
0.000000,0.000000,102.392159,-0.069477,-0.046265,0.083011
0.000000,0.000000,102.459717,0.008601,-0.435717,-0.149564
0.000000,0.000000,102.459702,-0.003101,0.060177,0.016067
0.000000,0.000000,102.459717,-0.051724,-0.004272,-0.114061
0.000000,0.000000,102.459702,0.020003,-0.147404,-0.050254
0.000000,0.000000,102.459709,0.077508,-0.147161,-0.023406
0.000000,0.000000,102.459709,0.225891,-0.046848,-0.001808
0.000000,0.000000,102.459709,-0.052873,-0.080326,0.043654
0.000000,0.000000,102.459709,-0.040673,0.016386,0.114377
0.000000,0.000000,102.459702,0.150754,-0.094158,0.229876
0.000000,0.000000,102.459702,-0.074329,-0.091423,0.108819
0.000000,0.000000,101.583786,0.093493,0.105974,0.052638
0.000000,0.000000,87.211731,-8.492723,3.555176,0.013646
0.000000,0.000000,88.649658,-7.321476,2.992569,0.225635
0.000000,0.000000,87.136902,-7.786387,3.365173,0.049558
0.000000,0.000000,85.664215,-8.056802,3.361420,-0.103585
0.000000,0.000000,85.074371,-7.955440,3.234659,-0.150613
0.000000,0.000000,85.345078,-7.318597,3.076914,-0.086754
0.000000,0.000000,84.513519,-6.973720,2.974079,-0.143724
0.000000,0.000000,83.019043,-7.506503,3.035637,-0.314746
0.000000,0.000000,81.804604,-7.574824,3.239584,-0.437264
0.000000,0.000000,83.943253,-7.278918,2.170727,-0.399684
0.000000,0.000000,85.433044,-5.739716,2.479904,-0.182445
0.000000,0.000000,83.865967,-6.121198,2.412048,-0.349084
0.000000,0.000000,85.052811,-4.719675,1.867702,-0.148513
0.000000,0.000000,85.577957,-3.979706,1.579813,-0.052144
0.000000,0.000000,88.106201,-1.640081,0.834414,0.330395
0.000000,0.000000,88.036850,-1.402513,0.501892,0.344408
0.000000,0.000000,88.951912,-0.594129,0.353264,0.478017
0.000000,0.000000,91.332253,1.354476,-0.623898,0.830514
0.000000,0.000000,93.632896,3.047720,-1.269627,1.154039
0.000000,0.000000,98.754082,2.785214,-0.897377,1.160362
0.000000,0.000000,100.013901,3.658115,-1.440519,1.338846
0.000000,0.000000,100.721542,4.122700,-1.630976,1.435097
0.000000,0.000000,100.889862,4.188319,-1.675396,1.455515
0.000000,0.000000,101.603668,4.595737,-1.672338,1.544833
0.000000,0.000000,101.362274,4.442078,-1.747953,1.515449
0.000000,0.000000,102.753922,4.829752,-1.746864,1.647723
0.000000,0.000000,102.923767,4.697317,-1.887852,1.657302
0.000000,0.000000,105.499466,4.659373,-1.731419,1.802574
0.000000,0.000000,100.155190,2.625986,-1.016138,1.286048
0.000000,0.000000,106.934158,2.539412,0.952625,1.431936
0.000000,0.000000,108.720032,3.505066,-1.709761,1.712967
0.000000,0.000000,104.593826,0.741177,-0.689636,1.150781
0.000000,0.000000,108.115257,2.729839,-1.519611,1.609399
0.000000,0.000000,105.121033,0.904299,-0.706358,1.209643
0.000000,0.000000,103.975586,0.339733,-0.469610,1.065719
0.000000,0.000000,105.172760,0.673619,-0.841827,1.204954
0.000000,0.000000,104.253418,0.384334,-0.642279,1.098189
0.000000,0.000000,103.565933,-0.156261,-0.391548,0.998308
0.000000,0.000000,99.933014,-2.107853,0.477177,0.530361
0.000000,0.000000,110.857292,-1.210104,1.669836,0.854502
0.000000,0.000000,112.430954,-0.217999,-0.190771,1.098863
0.000000,0.000000,111.488571,-0.839606,-0.065912,0.973443
0.000000,0.000000,113.432861,0.595885,-0.655220,1.248092
0.000000,0.000000,108.626495,-2.077625,0.454617,0.624883
0.000000,0.000000,109.598892,-1.303169,0.296762,0.762233
0.000000,0.000000,111.949783,0.169787,-0.436375,1.080412
0.000000,0.000000,109.774361,-1.000289,-0.121729,0.804779
0.000000,0.000000,109.906357,-0.687547,-0.074852,0.833234
0.000000,0.000000,111.349846,0.244361,-0.491985,1.029357
0.000000,0.000000,124.095490,-0.773054,0.426540,1.022946
0.000000,0.000000,123.195877,-1.185090,0.159657,0.921887
0.000000,0.000000,123.797852,-0.710634,-0.028744,1.008699
0.000000,0.000000,121.858643,-1.756533,0.245264,0.762985
0.000000,0.000000,124.857086,0.205006,-0.506952,1.169195
0.000000,0.000000,123.108109,-0.776243,-0.083223,0.941508
0.000000,0.000000,123.716888,-0.210011,-0.235895,1.033170
0.000000,0.000000,123.411743,-0.178131,-0.257401,1.006717
0.000000,0.000000,122.976028,-0.369001,-0.315762,0.956640
0.000000,0.000000,122.315994,-0.483731,-0.010563,0.881404
0.000000,0.000000,137.118561,-1.159016,0.386040,1.033085
0.000000,0.000000,135.428802,-2.058990,0.304754,0.826855
0.000000,0.000000,136.678528,-1.084084,-0.009838,1.004793
0.000000,0.000000,136.352432,-1.009337,0.037371,0.977158
0.000000,0.000000,138.405640,0.446709,-0.507902,1.262172
0.000000,0.000000,136.874268,-0.436241,-0.360968,1.066589
0.000000,0.000000,135.300888,-1.376869,-0.051064,0.860209
0.000000,0.000000,135.845490,-0.775406,-0.238340,0.948550
0.000000,0.000000,137.167068,0.231589,-0.630722,1.136760
0.000000,0.000000,133.382416,-1.978763,0.123672,0.642985
0.000000,0.000000,155.901810,-3.084682,0.721416,0.806605
0.000000,0.000000,157.637634,-1.882579,0.202946,1.047287
0.000000,0.000000,157.324280,-1.832621,0.197559,1.020684
0.000000,0.000000,158.386597,-0.769687,-0.230900,1.188401
0.000000,0.000000,156.869629,-1.498314,0.006645,1.000563
0.000000,0.000000,157.666992,-0.868643,-0.205055,1.114758
0.000000,0.000000,158.233047,-0.023167,-0.622627,1.223683
0.000000,0.000000,159.361984,0.493389,-1.017231,1.367004
0.000000,0.000000,159.158676,0.469269,-1.048618,1.347286
0.000000,0.000000,159.131561,0.769354,-1.275810,1.366301
0.000000,0.000000,186.183609,-2.843744,0.355797,1.182958
0.000000,0.000000,187.852356,-1.600311,-0.730297,1.432458
0.000000,0.000000,185.790955,-2.731202,-0.475872,1.171052
0.000000,0.000000,186.648758,-2.001524,-0.677582,1.296174
0.000000,0.000000,189.304321,-0.120858,-1.573666,1.668989
0.000000,0.000000,188.918518,0.133212,-1.728184,1.650124
0.000000,0.000000,187.640640,-0.626719,-1.609951,1.485751
0.000000,0.000000,189.200378,0.477207,-2.256683,1.707414
0.000000,0.000000,187.971252,-0.056178,-2.212341,1.561689
0.000000,0.000000,189.774414,1.046280,-3.046303,1.810397
0.000000,0.000000,223.597336,-2.890503,-0.512924,1.695385
0.000000,0.000000,220.162689,-3.398951,-1.045631,1.978880
0.000000,0.000000,215.573639,-4.215457,-0.866291,2.362934
0.000000,0.000000,202.311829,-2.487396,-0.659641,2.841288
0.000000,0.000000,178.008835,-0.312910,-0.755432,3.298190
0.000000,0.000000,176.721161,0.000000,0.000000,3.322399
0.000000,0.000000,176.721161,0.000000,0.000000,3.322399
0.000000,0.000000,176.721161,0.000000,0.000000,3.322399
0.000000,0.000000,176.721161,0.000000,0.000000,3.322399
0.000000,0.000000,176.721161,0.000000,0.000000,3.322399
0.000000,0.000000,176.721161,0.000000,0.000000,3.322399
0.000000,0.000000,176.721161,0.000000,0.000000,3.322399
0.000000,0.000000,176.721161,0.000000,0.000000,3.322399
0.000000,0.000000,176.721161,0.000000,0.000000,3.322399
0.000000,0.000000,176.721161,0.000000,0.000000,3.322399
0.000000,0.000000,176.721161,0.000000,0.000000,3.322399
0.000000,0.000000,132.540863,-25.918962,10.735987,-2.491799
0.000000,0.000000,132.540863,-25.918962,10.735987,-2.491799
0.000000,0.000000,132.540863,-25.918962,10.735987,-2.491799
0.000000,0.000000,252.040695,-5.774399,10.525490,1.036732
0.000000,0.000000,242.414215,-16.486179,6.986023,2.087354
0.000000,0.000000,252.597412,-10.033802,9.074818,1.895907
0.000000,0.000000,269.822968,-11.346272,12.030846,1.371851
0.000000,0.000000,273.812805,-10.376734,10.592484,0.699748
0.000000,0.000000,249.766022,-14.888968,10.762978,-0.287939
0.000000,0.000000,226.687424,-14.888966,10.582558,-0.721822
0.000000,0.000000,202.206360,-14.888962,10.442211,-1.182072
0.000000,0.000000,186.095596,-14.888966,10.261230,-1.484958
0.000000,0.000000,174.388214,-14.888963,10.092979,-1.705059
0.000000,0.000000,163.190369,-14.956760,9.795650,-1.915581
0.000000,0.000000,160.484711,-18.009716,19.238886,-1.966448
0.000000,0.000000,159.768829,-15.657608,9.640057,-1.979907
0.000000,0.000000,149.256714,-18.393799,9.290199,-2.177537
0.000000,0.000000,155.702850,-16.292788,8.698399,-2.056348
0.000000,0.000000,155.854019,-16.196062,8.453512,-2.053506
0.000000,0.000000,158.822205,-15.545668,8.426125,-1.997704
0.000000,0.000000,165.307526,-14.888964,8.518768,-1.875778
0.000000,0.000000,202.953003,-14.888962,8.402100,-1.168035
0.000000,0.000000,214.347855,-14.888965,8.040787,-0.953809
0.000000,0.000000,245.099472,-14.888967,7.849659,-0.375671
0.000000,0.000000,269.338470,-10.537899,9.608135,0.394693
0.000000,0.000000,266.328400,-11.269367,6.891495,1.300711
0.000000,0.000000,229.159500,-6.259388,3.943993,2.336546
0.000000,0.000000,198.034393,-0.215166,1.260361,2.921705
0.000000,0.000000,176.721161,0.000000,0.000000,3.322399
0.000000,0.000000,176.721161,0.000000,0.000000,3.322399
0.000000,0.000000,176.721161,0.000000,0.000000,3.322399
0.000000,0.000000,176.721161,0.000000,0.000000,3.322399
0.000000,0.000000,176.721161,0.000000,0.000000,3.322399
0.000000,0.000000,176.721161,0.000000,0.000000,3.322399
0.000000,0.000000,176.721161,0.000000,0.000000,3.322399
0.000000,0.000000,176.721161,0.000000,0.000000,3.322399
0.000000,0.000000,176.721161,0.000000,0.000000,3.322399
0.000000,0.000000,176.721161,0.000000,0.000000,3.322399
0.000000,0.000000,176.721161,0.000000,0.000000,3.322399
0.000000,0.000000,132.540863,-25.918962,10.735987,-2.491799
0.000000,0.000000,132.540863,-25.918962,10.735987,-2.491799
0.000000,0.000000,132.540863,-25.918962,10.735987,-2.491799
0.000000,0.000000,132.540863,-25.918962,10.735987,-2.491799
0.000000,0.000000,132.540863,-25.918962,10.735987,-2.491799
0.000000,0.000000,132.540863,-25.918962,10.735987,-2.491799
0.000000,0.000000,132.540863,-25.918962,10.735987,-2.491799
0.000000,0.000000,132.540863,-25.918962,10.735987,-2.491799
0.000000,0.000000,132.540863,-25.918962,10.735987,-2.491799
0.000000,0.000000,132.540863,-25.918962,10.735987,-2.491799
0.000000,0.000000,132.540863,-25.918962,10.735987,-2.491799
0.000000,0.000000,132.540863,-25.918962,10.735987,-2.491799
0.000000,0.000000,132.540863,-25.918962,10.735987,-2.491799
0.000000,0.000000,132.540863,-25.918962,10.735987,-2.491799
0.000000,0.000000,132.540863,-25.918962,10.735987,-2.491799
0.000000,0.000000,132.540863,-25.918962,10.735987,-2.491799
0.000000,0.000000,132.540863,-25.918962,10.735987,-2.491799
0.000000,0.000000,132.540863,-25.918962,10.735987,-2.491799
0.000000,0.000000,132.540863,-25.918962,10.735987,-2.491799
0.000000,0.000000,187.774155,-2.284388,-5.514996,3.114600
0.000000,0.000000,176.721161,0.000000,0.000000,3.322399
0.000000,0.000000,176.721161,0.000000,0.000000,3.322399
0.000000,0.000000,176.721161,0.000000,0.000000,3.322399
0.000000,0.000000,132.540863,-25.918962,10.735987,-2.491799
0.000000,0.000000,132.540863,-25.918962,10.735987,-2.491799
0.000000,0.000000,132.540863,-25.918962,10.735987,-2.491799
0.000000,0.000000,176.721161,0.000000,0.000000,3.322399
0.000000,0.000000,176.721161,0.000000,0.000000,3.322399
0.000000,0.000000,296.473846,-20.883392,14.865349,0.590179
0.000000,0.000000,132.540863,-25.918962,10.735987,-2.491799
0.000000,0.000000,132.540863,-25.918962,10.735987,-2.491799
0.000000,0.000000,132.540863,-25.918962,10.735987,-2.491799
0.000000,0.000000,132.540863,-25.918962,10.735987,-2.491799
0.000000,0.000000,132.540863,-25.918962,10.735987,-2.491799
0.000000,0.000000,132.540863,-25.918962,10.735987,-2.491799
0.000000,0.000000,132.540863,-25.918962,10.735987,-2.491799
0.000000,0.000000,132.540863,-25.918962,10.735987,-2.491799
0.000000,0.000000,132.540863,-25.918962,10.735987,-2.491799
0.000000,0.000000,77.205215,11.029999,-11.029999,1.451476
0.000000,0.000000,176.721161,0.000000,0.000000,3.322399
0.000000,0.000000,176.721161,0.000000,0.000000,3.322399
0.000000,0.000000,176.721161,0.000000,0.000000,3.322399
0.000000,0.000000,132.540863,-25.918962,10.735987,-2.491799
0.000000,0.000000,132.540863,-25.918962,10.735987,-2.491799
0.000000,0.000000,132.540863,-25.918962,10.735987,-2.491799
0.000000,0.000000,309.262024,-25.918962,10.735985,0.830600
0.000000,0.000000,309.262024,-25.918962,10.735985,0.830600
0.000000,0.000000,309.262024,-25.918962,10.735985,0.830600
0.000000,0.000000,309.262024,-25.918962,10.735985,0.830600
0.000000,0.000000,309.262024,-25.918962,10.735985,0.830600
0.000000,0.000000,309.262024,-25.918962,10.735985,0.830600
0.000000,0.000000,309.262024,-25.918962,10.735985,0.830600
0.000000,0.000000,309.262024,-25.918962,10.735985,0.830600
0.000000,0.000000,309.262024,-25.918962,10.735985,0.830600
0.000000,0.000000,309.262024,-25.918962,10.735985,0.830600
0.000000,0.000000,309.262024,-25.918962,10.735985,0.830600
0.000000,0.000000,309.262024,-25.918962,10.735985,0.830600
0.000000,0.000000,309.262024,-25.918962,10.735985,0.830600
0.000000,0.000000,309.262024,-25.918962,10.735985,0.830600
0.000000,0.000000,309.262024,-25.918962,10.735985,0.830600
0.000000,0.000000,309.262024,-25.918962,10.735985,0.830600
