5.6399e-16,0,0
-1.692e-15,0,0
8.9988,2.256e-15,0
12.024,1.128e-15,0
10.825,-1.128e-15,0
7.9644,2.256e-15,-2.7756e-17
4.8446,-2.256e-15,2.7756e-17
2.1507,2.256e-15,2.7756e-17
0.14006,-2.256e-15,0
-1.2079,1.128e-15,0
-2.0123,0,0
-2.4153,0,0
-2.5537,-3.384e-15,0
-2.524,0,0
-2.3978,2.256e-15,0
-2.2371,1.128e-15,0
-2.0661,0,0
-1.9108,-1.128e-15,0
-1.7694,-1.128e-15,0
-1.6422,-2.256e-15,0
-1.5203,-1.128e-15,0
-1.4144,1.128e-15,0
-1.3161,-2.256e-15,0
-1.2313,0,0
-1.1606,2.256e-15,0
-1.0876,3.384e-15,0
-1.0247,0,0
-0.95995,-2.256e-15,0
-0.89555,1.128e-15,0
-0.84448,1.128e-15,0
-0.78879,-2.256e-15,0
-0.73878,-1.128e-15,0
-0.69603,-1.128e-15,0
-0.65508,0,0
-0.61443,2.256e-15,0
-0.57486,-0.015942,8.7654e-05
-0.54039,-0.022104,1.9136e-05
-0.50645,-0.017955,3.7939e-06
-0.47384,-0.014334,8.8125e-05
-0.44398,-0.0058192,0.00028315
-0.41342,0.0026379,0.00058878
-0.39078,0.011083,0.00074202
-0.36604,0.015636,0.0010385
-0.3475,0.016595,0.0012779
-0.32206,0.023437,0.001417
-0.30148,0.018314,0.0013626
-0.28351,0.011691,0.00135
-0.26632,0.0079966,0.00099307
-0.2505,0.0044585,0.00082919
-0.23657,-0.0029526,0.00035262
-0.2187,-0.0061404,7.516e-05
-0.20896,-0.025257,-0.00025021
-0.19331,-0.034843,-0.00031902
-0.18605,-0.032947,-0.00051088
-0.17228,-0.024238,-0.00064037
-0.15715,-0.011797,-0.0004013
-0.15004,0.00027534,3.9585e-06
-0.143,0.0083621,0.00044425
-0.13255,0.015134,0.0008037
-0.1248,0.0221,0.0012343
-0.11762,0.023569,0.0013251
-0.10974,0.021173,0.0016151
-0.10127,0.017868,0.0014082
-0.095592,-0.0057379,0.0013651
-0.088818,-0.018561,0.0011774
-0.083463,-0.017319,0.00095989
-0.076778,-0.017061,0.00055784
-0.07259,-0.010291,0.00056256
-0.067784,-0.0049413,0.0005636
-0.063992,0.0028976,0.0004747
-0.062045,0.0073215,0.00054513
-0.062788,0.011029,0.00064897
-0.055079,0.011808,0.0010272
-0.0479,0.011969,0.00092835
-0.046395,0.0064438,0.00072945
-0.04217,-0.01208,0.00050972
-0.041276,-0.015967,0.00046352
-0.038306,-0.01563,0.00036471
-0.037683,-0.015559,0.00034398
-0.036399,-0.0071963,0.0002504
-0.03065,0.00012201,0.00023143
-0.029416,0.0039748,0.00040627
-0.029153,0.010363,0.00062164
-0.026304,0.012852,0.00075605
-0.022918,0.012214,0.00087355
-0.021068,-0.009784,0.00098814
-0.023405,-0.0099147,0.0009197
-0.021126,-0.0087967,0.00081702
-0.017868,-0.0074107,0.00088493
-0.017234,-0.0015566,0.00072269
-0.017087,-0.00032531,0.00068802
-0.014739,0.0078368,0.00085979
-0.015406,0.012331,0.00080601
-0.013869,0.009289,0.00097112
-0.013561,0.0086651,0.0010062
-0.016283,0.0073829,0.0009245
-0.01296,-0.013575,0.00073142
-0.0094522,-0.019126,0.00060049
-0.0059227,-0.013529,0.00030427
-0.01075,-0.006752,0.00024187
-0.01176,-0.0053514,0.00022913
-0.008032,-0.0011189,0.00040511
-0.0044793,0.0065116,0.00053271
-0.0048877,0.010903,0.00064862
-0.004972,0.011817,0.00067268
-0.0077641,0.013128,0.00094387
-0.0083549,-0.0056215,0.00082274
-0.0073224,-0.014638,0.00052935
-0.007107,-0.016523,0.00046804
-0.0065839,-0.010185,0.00036591
-0.0013758,-0.0021284,0.00043389
-0.0042423,0.0011917,0.00062858
-0.0020424,0.0030458,0.00075853
-0.0032142,0.0073687,0.0007833
-0.00067001,0.2695,0.00087841
-0.00014015,0.32423,0.00089838
-0.003973,0.2746,0.00036626
-0.00083011,0.14941,-0.0013539
-0.0029669,0.030045,-0.0044854
-0.0073587,-0.082935,-0.0085372
-0.0082722,-0.17716,-0.012781
-0.0017301,-0.24005,-0.016618
-0.0003591,-0.27298,-0.018902
-0.0012296,-0.26332,-0.019813
-0.0042186,-0.22915,-0.019318
-0.0048185,-0.16836,-0.017084
-0.0021646,-0.097398,-0.013492
-0.0044052,-0.037775,-0.0090812
0.000718,0.034204,-0.0042212
0.00015046,0.099194,0.00055131
3.0442e-05,0.1453,0.0047682
-0.0011494,0.17678,0.0080638
0.0025503,0.1873,0.010362
0.0021682,0.1732,0.011288
0.00044706,0.14167,0.010945
-0.0027034,0.095806,0.0095308
-0.0017223,0.04415,0.0070882
-0.00035629,-0.0042729,0.0043419
-7.4711e-05,-0.066028,0.0012642
-0.0011745,-0.10869,-0.0014378
-0.00024408,-0.13386,-0.0038815
-0.0056421,-0.13352,-0.0054653
-0.0039697,-0.1267,-0.006064
-0.00082542,-0.097132,-0.0057407
-0.0001729,-0.066303,-0.004778
0.0011204,-0.024515,-0.0032343
0.00023343,0.013975,-0.0013902
4.9493e-05,0.041074,0.00078492
1.0929e-05,0.073704,0.0026709
-0.0027958,0.068209,0.0042304
-0.0033801,0.067051,0.0052716
0.00045528,0.062853,0.0056675
0.0017345,0.055219,0.00566
0.00036105,0.044092,0.0051209
7.6295e-05,0.028273,0.004292
0.0016521,0.0098359,0.0032231
0.0042985,-0.0074979,0.0019254
0.0008947,-0.020656,0.00075924
-0.0026107,-0.038055,-0.00029005
-0.0033409,-0.041676,-0.0012253
0.00046338,-0.065516,-0.0017795
9.7373e-05,-0.065355,-0.0021636
-0.0027791,-0.052963,-0.0019744
-0.002217,-0.03408,-0.001666
-0.0004588,-0.012647,-0.00088196
0.003848,0.0068834,-5.2637e-06
0.00080332,0.028366,0.0010712
0.00016702,0.032855,0.002011
0.0039779,0.043316,0.0027437
0.00083349,0.047132,0.0030753
0.002968,0.043629,0.0032431
0.0034179,0.034948,0.0030964
0.00070904,0.0072528,0.00279
-0.0026437,-0.010806,0.0021021
-0.00055197,-0.021311,0.0015118
-0.0029047,-0.024659,0.00076269
-0.0033974,-0.030939,6.9794e-05
-0.00070908,-0.025514,-0.00034312
-0.00014842,0.051837,-0.00042932
-0.002822,0.071452,-0.00035785
-0.0017438,0.063707,-0.00034306
-0.00036436,0.045828,-0.00042927
-0.0028665,0.021885,-0.0008944
0.0005586,-0.0038036,-0.0017069
0.00011624,-0.046823,-0.002504
2.3072e-05,-0.069473,-0.0033952
0.0011609,-0.076748,-0.0041957
0.00024075,-0.075512,-0.0044538
5.026e-05,-0.061776,-0.00415
-0.0039366,-0.041484,-0.0035501
0.00033415,-0.019344,-0.0026196
0.0028625,0.0027081,-0.0013517
0.0022328,0.023582,-0.00010297
0.0044143,0.041418,0.0012314
0.002557,0.05072,0.0022254
-0.0011019,0.052666,0.0027909
-0.0030246,0.031225,0.0033579
-0.0034236,0.018843,0.0032967
-0.00071581,0.011829,0.002836
-0.00014848,0.0024646,0.0023818
-3.1844e-05,-0.0050752,0.0017499
-5.4608e-06,-0.008961,0.001081
-2.0214e-06,-0.013044,0.00058341
-6.169e-07,-0.01621,0.00030065
0.0011577,-0.014076,-2.6923e-05
0.0030359,-0.015267,-0.00027425
0.00063231,-0.0087696,-0.00023623
0.00013174,-0.0074158,-0.00022831
-0.0016105,-0.024591,-0.00022683
0.00082265,-0.021417,4.2367e-05
-0.00098651,-0.015164,0.00027768
-0.0013638,-0.005953,0.00068508
-0.0014419,0.0015566,0.00094909
-0.00030042,0.013825,0.0012729
0.0010955,0.019177,0.0016091
-0.00141,0.027042,0.0019479
-0.00309,0.025882,0.0021081
-0.00064242,0.024482,0.002231
-0.00013433,0.018597,0.0018981
-2.8984e-05,0.01178,0.0014705
-0.0011648,-0.013855,0.0011132
0.0025567,-0.023148,0.0006799
0.00053152,-0.031835,0.00014137
0.0017497,-0.029686,-0.0001499
0.00036336,-0.019629,-0.00020995
0.0028644,-0.010828,-0.00013317
0.0017535,-0.0050507,0.00024026
0.00036638,-0.0010553,0.00040764
-0.0038669,0.0092998,0.00062135
-0.0019628,0.018195,0.00093406
-0.00040995,0.017266,0.0010888
0.001072,0.019917,0.0012139
0.00022302,0.017658,0.0013288
0.0028376,0.015979,0.0012593
-0.0021986,-0.0089812,0.0010677
-0.001615,-0.018139,0.00067002
-0.00033725,-0.022841,0.00049757
-6.9696e-05,-0.018242,0.00028272
-1.4848e-05,-0.01497,5.9021e-05
0.0011526,-0.0059153,0.00010173
0.0030309,-7.9297e-05,0.00011066
0.00063247,0.0078761,0.0003808
-0.003814,0.011171,0.00061601
-0.00079536,0.013494,0.00084399
-0.00016745,0.01074,0.00089406
-3.539e-05,0.010154,0.00090381
-6.6081e-06,0.0076883,0.00090314
0.003948,-0.015828,0.00072527
0.0019795,-0.019576,0.00059866
0.00041305,-0.017566,0.00048281
0.0040351,-0.013197,0.00027966
0.00084136,-0.0083369,0.00041627
0.00017554,-0.0017389,0.00044478
-0.0011199,0.0024294,0.00071914
-0.0041825,0.01004,0.0010448
-0.0036645,0.01442,0.0010233
-0.0023993,0.018127,0.0011083
-0.0044495,0.013314,0.001126
-0.004877,0.01231,0.0011297
0.0017752,0.0093091,0.00086202
0.0020057,0.0058898,0.00071668
0.0043702,-0.016213,0.00032864
0.00091066,-0.022459,6.8486e-05
0.00018975,-0.02376,1.427e-05
4.0079e-05,-0.018443,-0.00017612
0.0011659,-0.014541,-0.00012626
0.00024279,-0.010933,-2.6299e-05
5.0631e-05,-0.0022779,0.00035271
1.0999e-05,0.010703,0.00043168
1.5868e-06,0.015722,0.00062723
-0.0011567,0.019562,0.00093661
-0.00024074,0.017568,0.0010906
0.0027449,0.015995,0.0012123
0.0017288,0.014032,0.0010585
0.00035951,0.010827,0.00093691
-0.0010831,-0.014039,0.00064332
0.0025705,-0.023176,0.00040278
-0.0022615,-0.025075,-5.7908e-06
-0.0016292,-0.021518,-0.00027001
0.0036156,-0.014026,-0.00023544
0.00075262,-0.0029196,-4.9004e-05
-0.0010016,0.0021885,7.9408e-05
-0.00020873,0.0083649,0.00037498
-0.0039979,0.011288,0.0006157
-0.0036279,0.014694,0.00075544
0.0020412,0.015402,0.00096373
0.0032213,0.015549,0.0010071
-0.00048725,0.011625,0.00083689
0.0015319,0.006356,0.00070987
0.00031999,0.0013277,0.00050552
6.6924e-05,-0.018761,0.00010576
0.001652,-0.026981,-0.000157
0.00034419,-0.024724,-0.00039134
7.1868e-05,-0.018602,-0.00026002
1.4778e-05,-0.011769,-5.4256e-05
-0.0027853,-0.0091908,7.8023e-05
-0.001737,0.00086781,0.00028438
-0.0031515,0.01249,0.00050623
-0.0006583,0.021651,0.00082065
0.0038159,0.021994,0.0010681
0.0019535,0.020889,0.0012087
0.0031966,0.01665,0.0012344
0.0018216,0.014152,0.0010619
-0.002408,0.0096884,0.00084737
-0.00050316,0.0020244,0.00053449
-0.00010518,-0.02652,0.00011176
-0.0028127,-0.031329,-6.6092e-05
-0.00058895,-0.033581,-0.00037252
-0.00012224,-0.026105,-0.0007953
-2.5793e-05,-0.013308,-0.00052275
-5.2017e-06,-0.0027739,-0.00010896
0.0027894,0.006158,0.00024553
0.00058225,0.014758,0.00040893
0.00012136,0.016555,0.00080073
-0.0039214,0.020875,0.0010614
-0.00081814,0.023413,0.0012947
-0.0013269,0.02115,0.0012539
0.0025136,0.016733,0.0010666
-0.0022659,0.01023,0.00066978
0.0011614,0.0060815,0.00031865
0.00024256,0.0012698,6.6534e-05
5.0712e-05,0.04629,-0.00034398
-0.0027824,0.048947,-0.0006981
-0.0022158,0.033225,-0.0010404
-0.00046294,0.012515,-0.0016488
0.003853,-0.0069248,-0.0023126
0.0019584,-0.02562,-0.0030775
-0.00074697,-0.040683,-0.0037738
0.0014809,-0.050566,-0.0041874
0.0014642,-0.053792,-0.0045424
0.0030987,-0.050507,-0.0044371
0.004597,-0.039138,-0.003968
-0.00019807,-0.024435,-0.0034225
-0.0011975,-0.0078875,-0.0025931
-0.0030422,0.005095,-0.0017041
-0.0034271,0.021286,-0.00062384
-0.00071471,0.01003,0.00040701
-0.00014775,0.013267,0.0011594
0.0011262,0.019053,0.0015848
0.00023381,0.27246,0.001763
-0.0027409,0.332,0.0020689
-0.00057394,0.28042,0.0015056
-0.0012793,0.18034,-0.00013427
-0.00026354,0.064557,-0.0032516
-5.343e-05,-0.051696,-0.0074831
-2.5424e-05,-0.15687,-0.011947
-5.7316e-06,-0.23603,-0.0161
-1.198e-05,-0.2795,-0.019115
3.7542e-06,-0.28066,-0.020817
0.0027895,-0.25506,-0.020545
0.00059607,-0.20252,-0.018608
0.00012804,-0.12642,-0.015339
2.6744e-05,-0.045422,-0.011076
6.257e-06,0.017531,-0.0058931
-0.001157,0.079546,-0.000779
0.0037138,0.13739,0.00396
0.00077401,0.17248,0.0076345
0.0013183,0.1905,0.010282
-0.00088168,0.18632,0.011728
-0.00019244,0.15799,0.011761
-0.001195,0.11437,0.010602
-0.0030439,0.063158,0.0085693
-0.0034295,0.0063956,0.0056369
0.0020815,-0.038018,0.0025175
0.0032307,-0.079858,-0.00046171
0.00067155,-0.10882,-0.0029637
-0.0038047,-0.12404,-0.0050831
-0.0047363,-0.1273,-0.0062414
0.0017971,-0.11176,-0.0065736
0.004324,-0.086954,-0.0058562
0.00089909,-0.072165,-0.0048073
0.00018752,-0.042036,-0.0031523
3.926e-05,-0.0031375,-0.0010115
-0.0027804,0.03301,0.0011296
-0.0033696,0.065175,0.003185
-0.00070689,0.086514,0.0049547
-0.0012991,0.099339,0.0061288
0.0053044,0.099228,0.0066421
0.0011097,0.085746,0.0067495
0.00023134,0.064065,0.0060739
0.0028441,0.033608,0.0049413
0.00058886,0.0013901,0.0033498
0.0029122,-0.025486,0.0016821
-0.82774,-0.043407,-5.0843e-06
-2.0084,-0.05779,-0.0015193
-3.0991,-0.3189,-0.002729
-3.9136,-0.37046,-0.0031655
-4.4234,-0.24674,-0.0028958
-4.6724,-0.13524,-0.00077666
-4.7221,-0.010452,0.0025957
-4.631,0.10511,0.0066872
-4.2067,0.20387,0.01094
-3.9316,0.26929,0.014239
-3.7308,0.30203,0.016359
-3.3015,0.30508,0.016806
-3.0874,0.27549,0.015837
-2.7131,0.22382,0.013366
-2.3182,0.16479,0.0097473
-1.965,0.099404,0.0056111
-1.4178,0.039738,0.0011748
-1.1406,-0.010557,-0.0029479
-0.75347,-0.043859,-0.0064627
-0.38862,-0.064212,-0.0091537
-0.095394,-0.072239,-0.011108
0.36565,-0.057947,-0.012147
0.81081,-0.036013,-0.012509
1.1533,-0.011548,-0.012157
1.3824,0.013966,-0.011378
1.5053,0.042996,-0.010219
1.8021,0.066285,-0.008756
2.0963,0.085801,-0.0071935
2.313,0.10044,-0.00556
2.4328,0.11291,-0.003988
2.723,0.12451,-0.0020724
2.9981,0.13369,-1.3368e-05
2.9314,0.14827,0.0020718
2.9588,0.15579,0.0045299
3.2455,0.16613,0.0068756
3.2922,0.17488,0.0095554
3.2026,0.18457,0.012391
3.292,0.19801,0.015429
3.4099,0.21074,0.018547
3.2268,-0.025904,0.021748
3.169,-0.069902,0.025213
3.1437,-0.018272,0.028646
3.1001,0.059813,0.031632
3.0286,0.13073,0.033839
2.9287,0.17893,0.035619
2.8049,0.20788,0.036705
2.6687,-0.036693,0.037987
2.5234,-0.10015,0.039375
2.3715,-0.069439,0.040204
2.2219,-0.0088721,0.040564
2.0778,0.037434,0.040127
1.6894,-0.18969,0.039089
1.5091,-0.23648,0.037389
1.4329,-0.20201,0.035283
1.1444,-0.41495,0.032487
1.067,-0.43893,0.028928
0.82607,-0.38921,0.024611
0.81367,-0.3365,0.019722
0.63709,-0.55119,0.014337
0.42068,-0.58514,0.0084935
0.22155,-0.5481,0.0027214
0.069547,-0.74433,-0.0032936
-0.02925,-0.74389,-0.0090171
-0.086103,-0.74001,-0.01459
-0.36529,-0.91468,-0.019608
-0.41821,-0.86504,-0.024075
-0.61458,-0.71927,-0.02782
-0.57132,-0.55294,-0.030627
-0.68596,-0.65145,-0.032274
-0.83586,-0.56781,-0.032711
-0.96269,-0.41067,-0.031883
-1.0457,-0.22511,-0.029987
-1.3404,-0.0515,-0.026815
-1.4017,-0.15256,-0.022575
-1.3464,-0.078256,-0.01778
-1.4944,0.067005,-0.012252
-1.4385,0.22949,-0.0062217
-1.5497,0.29806,-8.0822e-05
-1.6966,0.39519,0.0058298
-1.5585,0.49253,0.011341
-1.5762,0.56738,0.016167
-1.6421,0.86644,0.020234
-1.6995,0.93485,0.023278
-1.7241,0.87709,0.025067
-1.7151,0.76144,0.025462
-1.6704,0.62005,0.024348
-1.6046,0.73191,0.022127
-1.5219,0.65061,0.018683
-1.4292,0.48922,0.014544
-1.3421,0.30593,0.0098346
-1.2471,0.39681,0.0046552
-1.1562,0.31453,-0.00044511
-0.8195,0.095004,-0.0052598
-0.68966,-0.075671,-0.0098459
-0.66109,0.063804,-0.014123
-0.67003,0.056686,-0.017376
-0.68982,-0.013945,-0.020304
-0.70397,-0.093374,-0.022402
-0.44711,0.093187,-0.023982
-0.38154,0.10351,-0.025027
-0.39774,0.038386,-0.025534
-0.18893,-0.041126,-0.025565
-0.1796,0.14415,-0.025572
-0.00069379,0.15143,-0.025231
-0.034101,0.084037,-0.024553
0.10573,0.0028738,-0.023888
0.28749,0.18555,-0.022882
0.19862,0.19609,-0.021801
0.25997,0.12516,-0.020705
0.3775,0.038289,-0.019688
0.48683,-0.038599,-0.01823
0.57064,0.16301,-0.016769
0.61844,0.1883,-0.015192
0.64124,0.14171,-0.013743
0.64099,0.066722,-0.01205
0.62536,0.0017332,-0.010562
0.85104,-0.044938,-0.0089435
0.87542,-0.076188,-0.0072946
0.79638,0.15997,-0.0057312
0.68143,0.21358,-0.0041829
0.82526,0.18117,-0.0026391
0.78531,0.11537,-0.0012691
0.6699,0.051317,6.3231e-05
0.78359,0.0010402,0.0013071
0.71782,-0.037613,0.0026148
0.83263,-0.056244,0.0038392
0.73342,-0.065726,0.0047964
0.55975,-0.070514,0.0056091
0.64112,-0.071549,0.0063038
0.54647,-0.07201,0.0068216
0.64623,-0.074737,0.0071881
0.54257,-0.07532,0.0072676
0.62875,-0.079009,0.0070908
0.51559,-0.079903,0.0068868
0.58452,-0.080095,0.0066713
0.45911,-0.081243,0.006195
0.27037,-0.087984,0.0054888
0.34838,-0.094826,0.0049892
0.25431,-0.102,0.0045491
0.10777,-0.11104,0.0037561
0.2247,-0.11303,0.0030651
0.1688,-0.11311,0.0022171
0.047428,-0.36952,0.0014322
0.17951,-0.42716,0.00065955
0.13438,-0.39083,-0.00028418
0.027047,-0.3198,-0.0011821
-0.090755,-0.24111,-0.0020693
0.071406,-0.17406,-0.002953
0.059826,-0.13184,-0.0037391
-0.021843,-0.095282,-0.0044291
-0.11253,-0.32521,-0.0050107
-0.19119,-0.36677,-0.0054829
-0.24967,-0.31828,-0.0057769
-0.28188,-0.23428,-0.0057502
-0.2927,-0.14928,-0.0059155
-0.29038,-0.076871,-0.0059335
-0.28209,-0.023394,-0.0058568
-0.26895,0.015802,-0.0056693
-0.25424,0.040067,-0.0053709
-0.23609,-0.19848,-0.0048902
-0.22159,-0.23928,-0.0045217
-0.46074,-0.1919,-0.0038344
-0.50147,-0.11205,-0.0032438
-0.45064,-0.030052,-0.002773
-0.3631,0.040157,-0.002242
-0.27578,0.089813,-0.0015292
-0.19893,0.12131,-0.001025
-0.39961,0.14277,-0.00039772
-0.42158,0.15128,-8.7254e-05
-0.35083,0.15535,0.00040979
-0.25921,0.14614,0.00077636
-0.17445,0.13878,0.00085791
-0.35646,0.1311,0.00096404
-0.36029,0.1228,0.00090092
-0.28498,0.10908,0.00080066
-0.18791,0.099591,0.00069265
-0.35401,0.091013,0.00058252
-0.33595,0.34079,0.00047227
-0.24642,0.3853,0.00027508
-0.13991,0.33568,-2.5435e-05
-0.046493,0.24948,-0.00026277
-0.22778,0.1659,-0.00057431
-0.23265,0.093775,-0.00081494
-0.16066,0.040051,-0.0014697
-0.069306,0.0023252,-0.0019579
0.017161,-0.022732,-0.0022374
0.082014,-0.037408,-0.0024708
0.12869,-0.043322,-0.0027804
0.15035,0.21001,-0.002754
-0.092648,0.26949,-0.0027507
-0.14672,0.2317,-0.0029308
-0.11055,0.15899,-0.002796
-0.039975,0.085725,-0.0029381
0.028982,0.021541,-0.0027971
0.084617,-0.025442,-0.0027663
0.12546,-0.049854,-0.0026732
0.15277,-0.068181,-0.0024806
0.1632,-0.070889,-0.0023454
0.16183,-0.075326,-0.0021461
0.15937,-0.07008,-0.0020231
0.15491,-0.065059,-0.0018221
0.14093,-0.058571,-0.0017773
0.13248,-0.051773,-0.0014233
0.12414,-0.045364,-0.0012596
0.37266,0.21399,-0.0010517
0.41547,0.27373,-0.00091955
0.36901,0.23526,-0.00080166
0.28511,0.16211,-0.00069103
0.20229,0.090414,-0.00058289
0.12926,0.023734,-0.00030049
0.072691,-0.020676,-6.6086e-05
0.0408,-0.051459,7.1407e-05
0.015459,-0.071185,0.00010167
0.0034042,-0.078215,0.00036625
0.24822,-0.080877,0.00051072
0.30057,-0.077672,0.00071414
0.25647,-0.07316,0.00075894
0.17888,-0.066812,0.00059706
0.10303,-0.31935,0.00056097
0.035629,-0.37229,0.00063923
-0.013146,-0.32788,0.00057029
-0.041753,-0.25445,0.00046987
-0.05989,-0.17307,0.0003613
-0.066572,-0.10444,0.00025144
-0.069154,-0.053156,-3.0448e-05
0.19071,-0.01929,-0.00035039
0.25172,-0.0004536,-0.00059318
0.21556,0.0090592,-0.00064631
0.14775,0.017631,-0.00074406
0.072922,0.020616,-0.00067934
0.010705,0.017484,-0.00083683
-0.039608,0.016795,-0.00087156
-0.068544,0.015533,-0.00096527
-0.084069,0.013685,-0.00081396
-0.093964,0.0083775,-0.00086669
-0.096144,0.0072075,-0.00087828
-0.092831,0.01074,-0.00070896
-0.086748,0.01152,-0.00067169
-0.082721,0.012803,-0.00057747
-0.078041,0.014655,-0.00072863
-0.069434,0.01506,-0.00059012
-0.064852,0.016262,-0.0004736
-0.063843,0.016527,-0.00044795
-0.05826,0.014365,-0.00044246
-0.052126,0.0096376,-0.00035515
-0.048096,0.0097053,-0.00042179
-0.045636,-0.24626,-0.00026476
-0.045094,-0.30268,-0.00023002
-0.041177,-0.26176,-0.0002226
-0.037648,-0.18379,-0.00013491
-0.034182,-0.103,-2.9654e-05
-0.036101,-0.034535,-9.2439e-05
-0.28759,0.014482,0.00015148
-0.34014,0.044668,0.00011942
-0.29735,0.063155,0.00019794
-0.21904,0.075263,0.00030084
-0.13663,0.079048,0.00040972
-0.071622,0.073416,0.00034785
-0.021157,0.33063,0.0004204
0.0082641,0.3798,0.00043616
0.030372,0.33468,0.00035377
0.040604,0.24935,0.00033534
0.043967,0.1654,0.00024576
0.044711,0.09515,0.00022597
0.043764,0.040389,0.0001356
0.040877,0.0035545,2.9889e-05
0.040239,-0.017503,-0.00016507
0.03742,-0.028618,-0.00029392
0.033011,-0.034857,-0.00032231
0.029449,-0.03523,-0.00024354
0.024834,-0.033709,-0.00039812
0.023814,-0.033368,-0.00043206
0.023517,-0.025607,-0.00043819
0.023472,-0.023932,-0.0004399
0.023466,-0.023568,-0.00044035
0.023466,-0.023488,-0.00044047
0.018164,-0.023543,-0.00026969
0.015862,-0.020847,-0.00031774
-0.2365,-0.017569,-0.00024218
-0.29369,-0.015671,-0.00031046
-0.25569,-0.012591,-0.00023993
-0.17965,-0.011917,-0.00022446
-0.10586,-0.011769,-0.0002211
-0.03641,-0.015569,-4.9002e-05
0.011441,-0.011486,-9.6887e-05
0.041894,-0.0090106,-0.00010738
0.063786,-0.0084658,-0.0001097
0.071281,-0.0072341,-2.418e-05
0.32896,-0.0042684,-9.1331e-05
0.38566,-0.0036226,-0.00010605
0.33694,-0.0061502,-2.3674e-05
0.25702,-0.0067308,-5.3676e-06
0.17646,-0.0068541,-1.2453e-06
0.1068,-0.00688,-2.8692e-07
0.05479,-0.0068854,-6.5574e-08
0.017413,-0.0068866,4.4964e-09
-0.0091183,-0.0068657,2.4409e-08
-0.027859,-0.0015137,6.5725e-09
-0.031995,-0.00033417,-9.0232e-10
-0.028104,-0.0011865,-8.6066e-05
-0.024529,-0.00026102,-1.8934e-05
-0.023738,-5.7353e-05,-4.1601e-06
-0.023563,-1.2599e-05,-9.1384e-07
-0.023524,-2.7674e-06,-2.0073e-07
-0.020766,-0.0064676,-8.589e-05
-0.017502,-0.0067792,-1.8912e-05
-0.016786,-0.0068493,-4.1612e-06
-0.01668,-0.0037411,-9.6726e-07
-0.013957,-0.0019365,-8.6305e-05
-0.01603,-0.0057954,-1.8935e-05
-0.016488,-0.0066439,-4.1484e-06
-0.012793,-0.0052583,0.00017114
-0.0081831,-0.0033806,3.7621e-05
-0.008256,-0.0034178,-7.7512e-05
-0.0082791,-0.0034289,-0.00010282
-0.0018353,-0.0007601,-2.2791e-05
-0.00040439,-0.00016748,-5.0219e-06
-8.8985e-05,-3.6854e-05,-1.1051e-06
-0.0080737,0.0011038,-8.6267e-05
-0.012515,0.00024281,-1.8976e-05
-0.013491,5.3422e-05,-4.1751e-06
-0.0083377,1.1756e-05,-9.188e-07
-0.0018337,2.5863e-06,-2.0213e-07
-0.0068636,-0.0026759,-8.5813e-05
-0.0079718,-0.0032652,-0.00010465
-0.0017672,-0.0007238,-2.3198e-05
-0.00038938,-0.00015948,-5.1115e-06
-8.5682e-05,-3.5094e-05,-1.1248e-06
-1.8849e-05,-7.7202e-06,-2.4744e-07
-4.1462e-06,-1.6982e-06,-5.4429e-08
-9.1202e-07,-3.7355e-07,-1.1973e-08
-0.0026851,0.001112,8.6037e-05
-0.0081589,0.00024384,1.8866e-05
-0.0093655,5.3805e-05,4.1629e-06
-0.0020761,1.1924e-05,9.2259e-07
-0.00045745,2.6273e-06,2.0328e-07
-0.00010066,5.7814e-07,4.473e-08
-2.2144e-05,1.2718e-07,9.8399e-09
-0.0064822,-0.002683,-8.5978e-05
-0.0090145,-0.0005905,-1.8923e-05
-0.0095722,-0.00013002,-4.1667e-06
-0.0085839,-0.0027111,-8.6881e-05
-0.0056838,-0.0043906,-1.9133e-05
0.0025422,-0.0025383,0.00016772
0.0032423,0.00055223,0.0001229
0.25847,0.00012065,2.6972e-05
0.31466,2.6796e-05,5.9594e-06
0.27255,0.0011129,8.6961e-05
0.19268,0.00024653,1.9262e-05
0.11255,5.4533e-05,4.2606e-06
0.0431,1.2043e-05,9.4092e-07
-0.0034624,2.6559e-06,2.0749e-07
-0.033144,-0.0026815,-8.5904e-05
-0.30168,-0.00058967,-1.8891e-05
-0.37488,-0.0028069,-8.9949e-05
-0.34029,-0.00061985,-1.9864e-05
-0.25941,-0.00013688,-4.3865e-06
-0.17461,-3.022e-05,-9.6841e-07
-0.10858,-6.6644e-06,-2.1356e-07
-0.054066,0.0026819,-8.6039e-05
-0.019492,0.0005902,-1.8934e-05
0.0086612,0.0001299,-4.1674e-06
0.020225,2.8604e-05,-9.1764e-07
0.022771,6.299e-06,-2.0208e-07
0.023331,1.3872e-06,-4.4502e-08
0.023455,3.0548e-07,-9.8002e-09
0.023482,6.7274e-08,-2.1582e-09
0.031056,1.4805e-08,-4.7495e-10
0.032728,3.2628e-09,-1.0467e-10
0.023947,0.0037908,-0.00017182
0.01822,0.0061964,-3.7841e-05
0.015848,0.0040466,7.7559e-05
0.014215,0.00089174,1.7089e-05
0.013855,0.00019654,3.7665e-06
0.013776,4.332e-05,8.3018e-07
0.013758,9.5483e-06,1.8299e-07
0.013754,2.1046e-06,4.0333e-08
0.0083932,4.6387e-07,8.8901e-09
0.0045304,-0.0011103,8.5911e-05
0.0036792,-0.0013551,0.00010484
0.0034916,-0.001409,0.00010901
0.0061309,-0.00031055,2.4026e-05
0.0093928,-0.0011786,-8.0595e-05
0.010112,-0.00137,-0.00010365
0.0075902,-0.00030202,-2.2852e-05
0.0070342,-6.6572e-05,-5.0371e-06
0.0015501,-1.4673e-05,-1.1103e-06
0.00034164,-3.2342e-06,-2.4472e-07
0.002756,-0.0011111,8.5851e-05
0.0059688,-0.0002449,1.8923e-05
0.0066769,-5.3966e-05,4.1698e-06
0.006833,-1.1891e-05,9.1883e-07
0.0041865,0.0011078,-8.5707e-05
0.00092258,0.00024411,-1.8886e-05
0.00020334,5.3801e-05,-4.1624e-06
4.4818e-05,1.1858e-05,-9.1743e-07
0.0053712,2.6142e-06,-2.0225e-07
0.0065452,5.7609e-07,-4.457e-08
0.0090184,1.2685e-07,-9.8142e-09
0.0095648,2.7973e-08,-2.1642e-09
0.0096857,6.1705e-09,-4.7739e-10
0.0086031,0.0026783,-8.5828e-05
0.0018983,0.000591,-1.8939e-05
-0.003369,0.0016994,0.00016749
-0.0045311,0.0019439,0.00020861
-0.0009998,0.00042892,4.6031e-05
0.0024578,-0.0010148,-7.5677e-05
0.00433,-0.0040117,-1.6695e-05
0.0047431,-0.0046728,-3.6839e-06
0.0010466,-0.0010311,-8.131e-07
-0.0024475,0.00088196,-8.6011e-05
-0.0043278,0.0039824,-1.8975e-05
-0.00095493,0.00087871,-4.1876e-06
-0.0002113,0.00019443,-9.2663e-07
-4.6466e-05,4.2757e-05,-2.0377e-07
-1.0204e-05,9.3896e-06,-4.4749e-08
0.005359,2.0553e-06,-9.795e-09
0.006538,4.5262e-07,-2.1571e-09
0.0014421,9.9812e-08,-4.7571e-10
0.00031812,2.2017e-08,-1.0493e-10
-0.0026082,-0.0011094,8.5832e-05
-0.00057721,-0.00024552,1.8995e-05
-0.00012693,-5.3992e-05,4.1772e-06
-2.7876e-05,-1.1857e-05,9.1733e-07
-6.1016e-06,-2.5953e-06,2.0079e-07
-1.3437e-06,-5.7156e-07,4.422e-08
-2.9632e-07,-1.2604e-07,9.7513e-09
-6.5364e-08,-2.7803e-08,2.151e-09
-1.4419e-08,-6.1333e-09,4.7451e-10
-3.1904e-09,-1.3571e-09,1.0499e-10
-7.0159e-10,-2.9842e-10,2.3088e-11
-1.5407e-10,-6.5534e-11,5.0702e-12
0.0026806,-0.0011104,-8.5903e-05
0.0032692,-0.0013542,-0.00010477
0.00072109,-0.00029869,-2.3108e-05
0.00015907,-6.5889e-05,-5.0976e-06
-0.0064469,-0.0026995,-8.717e-05
-0.0079041,-0.0032804,-0.00010527
0.00094919,0.0057652,6.2958e-05
0.00020799,0.001263,1.3793e-05
4.5858e-05,0.00027846,3.041e-06
1.0124e-05,6.1476e-05,6.7136e-07
0.0075951,1.3618e-05,1.4873e-07
0.0092698,2.9978e-06,3.2738e-08
0.008524,-0.0026859,8.6102e-05
-0.0046131,0.0020965,0.00010503
-0.008613,0.00046062,2.3076e-05
-0.0018869,0.00010094,5.0559e-06
-0.00041599,2.2255e-05,1.1147e-06
-9.1839e-05,4.9133e-06,2.4609e-07
0.0026641,-0.0011109,-8.5972e-05
0.0032727,-0.0013572,-0.00010501
0.0007195,-0.00029838,-2.3086e-05
-0.0063284,0.0026212,8.1028e-05
-0.007877,0.0032628,0.00010391
-0.0017256,0.00071477,2.2763e-05
-0.00038044,0.00015758,5.0183e-06
-8.399e-05,3.479e-05,1.1079e-06
0.0064623,-0.0026768,8.6272e-05
0.0079078,-0.0032755,0.00010508
0.0093374,-0.00071999,2.3097e-05
-0.00063468,0.00095454,-0.00025322
-0.0077389,0.00020988,-5.5642e-05
-0.0016953,4.5944e-05,-1.219e-05
-0.00037376,1.0127e-05,-2.6876e-06
-8.2517e-05,2.2358e-06,-5.9335e-07
-1.8281e-05,4.9531e-07,-1.3145e-07
-4.0238e-06,1.0902e-07,-2.8934e-08
-8.8443e-07,2.3963e-08,-6.3596e-09
-1.9434e-07,5.2655e-09,-1.3974e-09
-4.2564e-08,1.1533e-09,-3.0607e-10
-9.3835e-09,2.5425e-10,-6.7473e-11
-2.0716e-09,5.6138e-11,-1.4896e-11
-4.5894e-10,1.2443e-11,-3.3e-12
-1.0103e-10,2.7399e-12,-7.2639e-13
-0.0011129,0.0026867,8.6099e-05
-0.0013574,0.0032772,0.00010502
-0.00029811,0.0007197,2.3064e-05
-0.001174,-0.0025188,-8.0717e-05
0.0013078,-0.0043384,-0.00018924
0.00028987,-0.00096168,-4.1948e-05
6.3869e-05,-0.0002119,-9.2428e-06
1.4054e-05,-4.6628e-05,-2.0339e-06
3.0917e-06,-1.0257e-05,-4.4742e-07
6.8009e-07,-2.2563e-06,-9.8419e-08
1.496e-07,-4.9632e-07,-2.1649e-08
3.2906e-08,-1.0917e-07,-4.762e-09
7.2168e-09,-2.3943e-08,-1.0444e-09
1.5925e-09,-5.2834e-09,-2.3046e-10
3.5294e-10,-1.171e-09,-5.1076e-11
7.7766e-11,-2.58e-10,-1.1254e-11
1.7113e-11,-5.677e-11,-2.4764e-12
3.7635e-12,-1.2491e-11,-5.4484e-13
8.2794e-13,-2.7444e-12,-1.1982e-13
1.8161e-13,-6.1024e-13,-2.6507e-14
4.0608e-14,-1.3874e-13,-5.9674e-15
6.2039e-15,-3.0456e-14,-1.2212e-15
0.0015678,0.0037851,0.00017154
0.0019128,0.0046178,0.00020928
0.00042401,0.0010237,4.6392e-05
9.3427e-05,0.00022555,1.0222e-05
2.0559e-05,4.9633e-05,2.2494e-06
4.5226e-06,1.0918e-05,4.9483e-07
9.9484e-07,2.4017e-06,1.0885e-07
2.1883e-07,5.2831e-07,2.3943e-08
4.8136e-08,1.1621e-07,5.2666e-09
-0.0011086,-0.0026764,-8.5768e-05
-0.0013525,-0.0032653,-0.00010464
-0.00029982,-0.00072383,-2.3196e-05
-6.6063e-05,-0.00015949,-5.111e-06
-1.4537e-05,-3.5096e-05,-1.1247e-06
-3.1979e-06,-7.7205e-06,-2.4741e-07
-7.0345e-07,-1.6983e-06,-5.4423e-08
-1.5474e-07,-3.7357e-07,-1.1971e-08
-3.4037e-08,-8.2173e-08,-2.6333e-09
-7.487e-09,-1.8075e-08,-5.7924e-10
-1.642e-09,-3.9641e-09,-1.2703e-10
-3.6208e-10,-8.7414e-10,-2.8013e-11
-8.032e-11,-1.9391e-10,-6.2142e-12
-1.7714e-11,-4.2764e-11,-1.3704e-12
-3.9017e-12,-9.4176e-12,-3.0179e-13
-8.5783e-13,-2.0732e-12,-6.6502e-14
-1.9063e-13,-4.5683e-13,-1.471e-14
-0.0011112,-0.0026826,-8.5967e-05
-0.0013558,-0.0032732,-0.00010489
-0.00029856,-0.00072078,-2.3098e-05
0.0037281,0.0036351,-5.0855e-06
0.0046146,0.0045941,-1.1196e-06
0.0010162,0.0010117,-2.465e-07
-0.0035701,-0.0035711,-5.4258e-08
-0.0045798,-0.00458,-1.1948e-08
-0.003691,-0.0021197,8.596e-05
0.00075866,0.003327,0.00019086
0.0028496,0.0072089,0.00012799
0.0071037,0.0042699,-5.7784e-05
0.0031356,-0.0028535,-0.00018466
-0.0019921,-0.0071047,4.5309e-05
-0.0069149,-0.0042469,-7.599e-05
-0.0068877,-0.00093518,-1.6734e-05
-0.0015167,0.0051593,-3.684e-06
0.0061424,0.0038186,-8.6775e-05
0.0078287,0.0035233,-0.00010507
0.0017239,0.00077586,-2.3138e-05
-0.0023031,-0.0063056,8.0873e-05
-0.0031897,-0.0078646,0.00010377
-0.0033849,-0.002843,0.00010881
-0.003428,0.0058504,-6.2005e-05
0.0019278,0.0077645,7.2313e-05
0.0042182,0.0055034,1.5924e-05
0.0036115,0.00010069,-8.2461e-05
0.00079522,-0.0053431,-1.8158e-05
-0.0025075,-0.0076527,8.1969e-05
-0.0043458,-0.0054788,1.805e-05
-0.0036396,0.00527,-8.1993e-05
0.0018812,0.0076367,6.7912e-05
0.0042079,0.0054753,1.4955e-05
0.0036092,9.4492e-05,-8.2675e-05
0.00079472,-0.0053445,-1.8205e-05
-0.0025076,-0.007653,8.1959e-05
-0.0005518,-0.0016841,1.8035e-05
-0.00012158,-0.00037105,3.9736e-06
-2.6795e-05,-8.1779e-05,8.7577e-07
-0.0026852,0.076526,-8.5667e-05
-0.0032711,0.093411,-0.00010474
-0.00072154,0.08308,-2.3104e-05
0.0025223,0.056029,-9.1026e-05
0.00055558,0.038234,-2.0053e-05
0.00012238,0.019149,-4.4177e-06
2.6971e-05,0.0042207,-9.7362e-07
5.9447e-06,-0.0097915,-2.1459e-07
0.002682,-0.01399,8.5858e-05
0.00059114,-0.016026,1.8924e-05
-0.0025499,-0.017585,9.006e-05
-0.0032423,-0.017929,0.00010574
-0.0033949,-0.018004,0.0001092
-0.00074845,-0.016911,2.4074e-05
0.0025158,-0.015559,9.1216e-05
0.0032352,-0.015262,0.00010601
0.0033937,-0.015196,0.00010927
-0.0019328,-0.015181,-6.1826e-05
-0.0031067,-0.015178,-9.9532e-05
-0.0033654,-0.015178,-0.00010784
-0.00074161,-0.014067,-2.3764e-05
-0.00016345,-0.013822,-5.2377e-06
-3.6026e-05,-0.0084082,-1.1544e-06
-7.9407e-06,-0.0018529,-2.5445e-07
-1.7502e-06,-0.0004084,-5.6085e-08
0.00111,-0.0027707,-8.5918e-05
0.00024465,-0.005972,-1.8937e-05
0.0011641,-0.0093578,8.1717e-05
0.0013668,-0.010104,0.0001039
0.00030132,-0.0075885,2.2906e-05
0.0011768,-0.0043531,-8.086e-05
0.00025932,-0.00095929,-1.7817e-05
5.7155e-05,-0.00021143,-3.9269e-06
1.2597e-05,-4.6602e-05,-8.6552e-07
2.7771e-06,-0.0053716,-1.9081e-07
-0.0011096,-0.0092255,-8.5932e-05
-0.00024461,-0.0073948,-1.8944e-05
-5.3917e-05,-0.0069912,-4.1757e-06
-1.1884e-05,-0.0015406,-9.2038e-07
-2.6194e-06,-0.00033955,-2.0286e-07
-5.7735e-07,-7.4841e-05,-4.4714e-08
-1.2726e-07,-1.6496e-05,-9.8555e-09
-2.8049e-08,-3.6359e-06,-2.1723e-09
-6.1823e-09,-0.0053622,-4.788e-10
-1.3627e-09,-0.0065432,-1.0553e-10
-2.9924e-10,-0.26657,-2.3175e-11
-6.6143e-11,-0.39709,-5.1228e-12
-1.4734e-11,-0.37209,-1.1411e-12
0.001118,-0.27781,-8.6496e-05
0.0013562,-0.17018,-0.00010492
0.00029738,-0.08164,-2.3007e-05
0.0027441,-0.011539,8.0781e-05
0.0043931,0.032465,0.00018951
0.00097212,0.059072,4.1932e-05
0.00021381,0.075666,9.2204e-06
3.1807,7.7581,-0.24607
3.1592,7.7145,-0.24471
2.7436,6.711,-0.23515
2.1884,5.4101,-0.22179
1.6283,4.1476,-0.20616
1.0887,3.0375,-0.18958
0.59117,2.1546,-0.17446
0.081119,1.3995,-0.15938
-0.41468,0.56641,-0.14794
-1.1654,0.0569,-0.13968
-1.728,-0.55676,-0.133
-2.1931,-1.1473,-0.12807
-2.827,-1.5869,-0.12662
-3.2345,-1.9639,-0.12374
-3.7435,-2.2385,-0.12064
-3.9395,-2.3746,-0.1173
-3.9473,-2.6417,-0.11237
-4.1057,-2.6602,-0.1036
-3.9753,-2.7555,-0.092552
-3.9193,-2.7871,-0.079014
-3.568,-2.5556,-0.062601
-2.6198,-2.4151,-0.042943
-1.4588,-2.2828,-0.021014
-0.4156,-2.1204,0.0010914
0.39592,-1.9196,0.022496
0.97299,-2.0002,0.041646
1.3252,-1.8459,0.059985
1.5095,-1.6028,0.075596
1.5835,-1.4143,0.087614
1.5881,-1.4597,0.096764
1.5328,-1.3642,0.10321
1.4394,-1.3477,0.10781
1.3515,-1.2607,0.10842
1.2575,-1.4381,0.10597
1.1756,-1.5249,0.10057
1.0774,-1.5575,0.094523
0.98233,-1.4808,0.085522
1.218,-1.1751,0.078938
1.7948,-0.78241,0.069476
2.4042,-0.46261,0.05898
2.9112,-0.21632,0.046815
3.2604,-0.018328,0.033122
3.7096,0.11244,0.02002
3.8452,0.28112,0.0050754
3.7531,0.3638,-0.0067778
3.5605,0.43933,-0.017399
3.5502,0.50393,-0.025725
3.3272,0.56493,-0.032166
3.0155,0.62677,-0.03622
2.6736,0.69232,-0.037854
2.3431,0.73712,-0.037101
2.0155,0.72016,-0.032091
1.7212,0.72982,-0.026429
1.228,0.76078,-0.019652
0.94416,0.77545,-0.010886
0.50902,0.74909,-9.9944e-05
0.33024,0.72141,0.011103
0.014369,0.70648,0.021825
-0.31353,0.70636,0.032033
-0.83547,0.70776,0.041681
-1.1096,0.67816,0.051377
-1.2489,0.63407,0.060119
-1.5491,0.59376,0.067616
-1.8623,0.54735,0.073819
-1.875,0.48022,0.07931
-2.0041,0.41927,0.083273
-2.1531,0.35798,0.085826
-2.507,0.32704,0.086209
-2.6154,0.2684,0.086285
-2.5982,0.20058,0.085826
-2.7544,0.1641,0.083265
-2.6865,0.1086,0.080859
-2.7342,0.12271,0.075822
-2.5768,0.10213,0.071722
-2.5873,0.077224,0.06748
-2.638,0.043908,0.063326
-2.4322,0.001847,0.059537
-2.3843,-0.023338,0.055448
-2.3792,-0.039723,0.051605
-2.3696,-0.043008,0.047833
-2.0986,-0.070634,0.044831
-1.9927,-0.081008,0.041766
-1.7042,-0.09629,0.039146
-1.6257,-0.093006,0.036206
-1.622,-0.082422,0.033818
-1.3883,-0.080556,0.0319
-1.0932,-0.088753,0.0307
-1.0602,-0.074514,0.028787
-0.8732,-0.066923,0.027291
-0.65887,-0.06927,0.026202
-0.46422,-0.07032,0.02513
-0.30107,-0.056005,0.02398
-0.20148,-0.10109,0.024543
-0.1177,-0.10992,0.023958
0.18937,-0.11543,0.023129
0.2819,-0.095034,0.021725
0.52012,-0.088743,0.020861
0.50239,-0.10467,0.02067
0.65144,-0.11087,0.019809
0.82627,-0.10543,0.018704
0.97652,-0.081977,0.016768
1.0907,-0.058439,0.015158
1.1348,-0.091736,0.014906
1.1507,-0.080471,0.013034
1.3872,-0.079503,0.011585
1.4143,-0.054773,0.0093253
1.3416,-0.010953,0.0064454
1.4733,-0.0017822,0.0041987
1.3829,-0.031654,0.0036552
1.4729,-0.048686,0.0022061
1.5993,-0.035152,0.00032451
1.7087,-0.020058,-0.0014451
1.5353,0.012892,-0.0039377
1.506,0.04483,-0.0060988
1.5245,0.05593,-0.0077713
1.5277,0.0095324,-0.0076507
1.5217,0.0042628,-0.0085882
1.4966,0.018866,-0.009592
1.2262,0.051231,-0.011091
1.1291,0.071899,-0.012025
1.1086,0.089052,-0.012721
1.1071,0.095255,-0.012984
1.107,0.09703,-0.013055
1.067,0.0519,-0.01163
0.79314,0.058713,-0.011262
0.7128,0.059561,-0.010753
0.70991,0.061937,-0.0099217
0.48698,0.092809,-0.010003
0.45857,0.099422,-0.0092381
0.50602,0.093828,-0.0083434
0.32417,0.11416,-0.0081536
0.32747,0.10834,-0.0071083
0.15192,0.1118,-0.0064328
-0.079111,0.064494,-0.0040398
-0.037548,0.039056,-0.0023344
-0.13958,0.039184,-0.0014816
-0.27482,0.046079,-0.00066269
-0.39719,0.052932,-0.00011127
-0.49053,0.066042,0.00018838
-0.55153,0.07245,0.00079335
-0.58355,0.062822,0.0014433
-0.59166,0.063989,0.0017258
-0.58545,0.053777,0.0020807
-0.57539,0.045132,0.0025728
-0.55216,0.034501,0.0031835
-0.53169,0.034125,0.0032301
-0.75018,0.04896,0.0028452
-0.7701,0.041716,0.0030149
-0.70957,0.024623,0.0033473
-0.87993,-0.017229,0.0044296
-0.84268,-0.043362,0.0051521
-0.72523,-0.056644,0.0056666
-0.83107,-0.044721,0.0053052
-0.75196,-0.036188,0.0051015
-0.85076,-0.017597,0.0045032
-0.75111,-0.019725,0.0044643
-0.82363,-0.0010645,0.0038145
-0.70351,-0.0084895,0.003735
-0.76372,0.0013888,0.0036971
-0.6321,-0.0085135,0.0037956
-0.68842,0.0062625,0.0029926
-0.55642,-0.0012279,0.0032381
-0.61095,0.0035789,0.0028899
-0.4834,-0.0088214,0.0031839
-0.55062,0.0066042,0.0023227
-0.42649,-0.00086961,0.0024543
-0.48954,0.007634,0.0021535
-0.37003,-0.004115,0.0024667
-0.1958,-0.011164,0.0022947
-0.26763,-0.00056395,0.0018612
-0.18264,-0.0083347,0.0019208
-0.05155,-0.019499,0.0022265
-0.16541,0.0029132,0.0014496
-0.10306,0.0040571,0.0014349
-0.013855,-0.057426,0.0032417
0.089581,-0.082647,0.0040616
-0.058895,-0.057374,0.0032165
-0.038078,-0.042679,0.0030336
0.05054,-0.039471,0.0029695
0.14778,-0.033643,0.0031139
0.23003,-0.021666,0.0026857
0.28978,-0.011813,0.0023536
0.32495,-0.0049165,0.0020358
0.34776,-0.0055403,0.0018
0.35703,0.0098132,0.0011381
0.35867,0.017028,0.00087756
0.34824,0.017827,0.00061547
0.3359,0.016621,0.00026576
0.53471,-0.042026,0.0020878
0.55908,-0.056163,0.0023787
0.50494,-0.051363,0.0020557
0.42796,-0.032332,0.0016398
0.35169,-0.0061565,0.00081203
0.52891,-0.0059024,0.00086368
0.51956,0.0013875,0.00047577
0.44526,0.01287,-0.00015569
0.34982,0.034088,-0.00098478
0.50284,0.027565,-0.00078697
0.47855,0.029214,-0.001128
0.38994,0.03519,-0.0013915
0.521,0.032431,-0.0014484
0.47207,0.039123,-0.0017697
0.35812,0.040749,-0.0023245
0.2172,-0.0061439,-0.00092739
0.33834,-0.031367,-0.00019487
0.30644,-0.026811,-4.6929e-05
0.21397,-0.012492,-0.00018983
0.11518,-0.00094082,-0.0005968
0.26511,-0.0079739,-0.00014537
0.25223,0.0058511,-0.0005343
0.17159,0.024013,-0.00086425
0.077581,0.032711,-0.0013006
-0.0045478,0.039734,-0.0013862
-0.069942,0.049367,-0.0017949
0.12592,0.033137,-0.0013189
0.14771,0.023116,-0.0012091
0.091536,0.025645,-0.0012151
0.015612,0.039225,-0.0017557
-0.05268,0.041298,-0.0018847
-0.10544,0.040118,-0.0017277
-0.1476,0.036137,-0.0016635
-0.19526,-0.023485,0.00017227
-0.21432,-0.036653,0.00069478
-0.21554,-0.038798,0.0009359
-0.21279,-0.035894,0.0010103
-0.20118,-0.028693,0.00090006
-0.18964,-0.0088015,0.00068551
-0.17129,1.0483e-05,0.00061996
-0.16068,-0.001124,0.0003018
-0.38693,0.01917,-0.00017521
-0.42476,0.023211,-5.5282e-05
-0.37287,0.027501,-0.00034741
-0.2987,0.019224,-0.00012843
-0.22377,0.0089433,-0.00010545
-0.1627,0.0035806,0.00010325
-0.1119,0.0071072,-9.4695e-05
-0.31385,0.027123,-0.00075486
-0.33878,0.023649,-0.00081401
-0.28491,0.015061,-0.00063579
-0.20904,0.0034919,-0.00033738
-0.14073,0.0091043,-0.00036596
-0.082162,0.001459,-0.00033432
-0.27663,0.018016,-0.00091497
-0.29377,0.015812,-0.00082334
-0.23151,0.01995,-0.00075111
-0.1564,0.01369,-0.0006407
-0.084042,0.0047149,-0.00041754
-0.040665,-0.05726,0.0015218
-0.25175,-0.06115,0.0015046
-0.26743,-0.050051,0.0014906
-0.20743,-0.045717,0.0014373
-0.12664,-0.041516,0.0015269
-0.043671,-0.039304,0.0016485
0.019458,-0.036591,0.0016549
0.070775,-0.019815,0.0012723
0.10248,-0.011652,0.001199
0.12101,-0.0046545,0.0010845
0.13398,-0.0029905,0.00079955
0.1406,0.01373,0.00051813
-0.1013,0.038305,-0.00035526
-0.14902,0.037369,-0.00048524
-0.11808,0.031072,-0.00050224
-0.061871,0.019494,-0.00029525
0.00067592,0.021212,-0.00046673
0.047195,0.016338,-0.00061788
0.083602,0.0076021,-0.00057347
0.10464,0.0061048,-0.00038668
0.35739,-0.016716,0.00034167
0.40653,-0.010487,8.9347e-06
0.37225,-0.00082586,-0.00027431
0.2818,-0.04212,0.0013804
0.20738,-0.057749,0.0016781
0.14776,-0.052707,0.0017212
0.10345,-0.029158,0.0013272
0.072774,-0.01026,0.0010695
0.059667,-0.003748,0.00072186
0.047574,0.0018557,0.00064876
0.039881,0.0070432,0.00056336
0.039276,0.019665,3.3957e-05
0.035792,0.02737,-0.00030259
0.031093,0.025414,-0.00057293
0.27528,-0.0022673,-1.3797e-06
0.32077,-0.0064831,9.236e-05
0.28033,0.0098461,-0.00042245
0.21393,0.021857,-0.00072479
0.14634,0.027178,-0.0009375
0.088521,0.027543,-0.0010595
0.042356,0.025212,-0.0010531
0.013118,0.036157,-0.0014247
-0.0094058,0.035503,-0.0015071
-0.049292,-0.020989,0.00014433
-0.084234,-0.043271,0.00082631
-0.1161,-0.045217,0.0010356
-0.12897,-0.027195,0.00061924
-0.13842,-0.017044,0.00041676
-0.14218,-0.0092474,0.00038912
-0.14709,-0.0039568,0.00019623
0.094411,-0.022658,0.00073977
0.14926,-0.012581,0.00044819
0.11799,5.413e-05,0.00025387
0.051436,0.0084015,-6.2887e-05
-0.013548,0.017542,-0.00029418
-0.062743,0.018852,-0.00054912
-0.094722,0.032588,-0.0007053
-0.11656,0.035478,-0.00088842
-0.12973,0.030531,-0.0010812
-0.14417,0.02487,-0.001048
-0.14844,0.020425,-0.00089236
-0.14398,0.012579,-0.00077357
-0.13183,0.018771,-0.0010793
-0.1247,0.017974,-0.0010154
-0.1232,0.018068,-0.0010146
-0.12196,0.015979,-0.00094783
-0.113,0.01005,-0.00075512
-0.10525,0.014437,-0.0010838
-0.10235,0.014614,-0.0011228
-0.097398,0.011308,-0.00096157
-0.1112,-0.045656,0.00090648
-0.11868,-0.068047,0.0016801
-0.11063,-0.059873,0.0016349
-0.098794,-0.047348,0.0015579
-0.094707,-0.036371,0.0013966
-0.086095,-0.025637,0.001324
-0.072296,-0.018588,0.0012308
-0.071537,-0.011552,0.0012302
-0.060656,0.0023063,0.00073104
-0.056463,0.010027,0.00043168
-0.055323,0.012272,0.00034499
-0.050423,0.0084046,0.00011432
-0.052892,0.0091905,0.00017904
-0.044943,0.015877,-0.00024913
-0.037412,0.020973,-0.00035293
-0.040956,0.020208,-0.00042639
0.20196,-0.0042082,0.00029489
0.24825,-0.0096943,0.0002602
0.21055,-0.0073004,4.9815e-05
0.14294,0.011028,-0.0005802
0.083182,0.021464,-0.00081292
0.0215,0.027217,-0.0010147
-0.017732,0.025372,-0.0011147
-0.050424,0.026325,-0.00088367
0.18006,0.010025,-0.00055696
0.2102,0.0071874,-0.00066886
0.16361,0.012035,-0.00077241
0.071557,-0.036981,0.0007522
-0.0002556,-0.05311,0.0013591
-0.059477,-0.04828,0.0014569
0.15464,-0.051939,0.0016707
0.17889,-0.042283,0.001402
0.13062,-0.024788,0.0011924
0.056081,-0.0087806,0.00079159
-0.01847,0.0039395,0.00049505
-0.0687,0.011513,0.00029789
0.1322,0.00338,0.00028895
0.16032,0.0070195,-3.6521e-05
0.10841,0.012883,-0.00039938
0.028475,0.019696,-0.00048334
-0.032524,0.022193,-0.00063853
-0.091258,0.027114,-0.00071116
0.10713,0.01997,-0.0005377
0.13459,0.017519,-0.0005702
0.086517,0.018487,-0.00090472
0.0069633,0.01929,-0.00098877
-0.05609,0.019433,-0.0010682
0.13156,0.010385,-0.00090438
0.14062,0.012226,-0.00086228
0.084243,0.018361,-0.00096867
0.0044894,0.022636,-0.0010308
-0.073272,0.0246,-0.0011188
-0.14065,0.025625,-0.001037
0.07238,0.010201,-0.00080066
0.097945,0.0078846,-0.00082102
0.020119,-0.038991,0.00089194
-0.060394,-0.056758,0.001283
-0.11684,-0.053242,0.0016238
-0.16721,-0.043226,0.0014312
-0.1957,-0.019002,0.001096
0.026458,-0.026767,0.0014722
0.064191,-0.025728,0.001335
0.02353,-0.015533,0.00097104
-0.028956,-0.0070258,0.00075071
-0.091999,0.0043389,0.00046525
-0.14186,0.011088,0.00032985
-0.1759,0.027753,-0.00026569
0.044372,0.0067016,3.1389e-05
0.082182,0.0054283,0.00016782
0.035402,0.0086173,-0.00020254
-0.020134,0.013904,-0.00032399
-0.079456,0.014924,-0.00059742
-0.12386,0.027043,-0.0010442
-0.15806,0.031914,-0.0011036
0.052928,0.0089683,-0.00059574
0.087668,0.0010783,-0.00046912
0.044079,0.0018272,-0.00043874
-0.020391,0.0076727,-0.00068745
-0.078983,0.024356,-0.00084753
-0.13185,0.028973,-0.0011831
-0.1661,0.025856,-0.0012096
0.054446,0.0053724,-0.00038769
0.086284,-0.0034401,-0.00017983
0.045442,-0.00436,-0.00024423
-0.0179,0.012301,-0.00057902
-0.099321,-0.030447,0.0007566
-0.15963,-0.048569,0.0012984
-0.19529,-0.046999,0.0015637
0.031133,-0.059618,0.0021621
0.070058,-0.054044,0.0020503
0.033616,-0.039558,0.0018067
-0.021674,-0.016712,0.0010954
-0.082101,0.0026056,0.00068633
-0.13668,0.01426,0.00038431
0.071146,-0.0034179,0.00077722
0.097805,-0.0049086,0.00058455
0.048887,-0.0017517,0.00015279
-0.014546,0.019007,-0.00039503
-0.081361,0.028467,-0.00074421
0.11163,0.012842,-0.00024232
0.12869,0.0091321,-0.00031456
0.051736,0.012859,-0.00064546
-0.029175,0.018341,-0.00075956
-0.097858,0.022361,-0.00097535
0.095279,0.011422,-0.00083089
0.1083,0.011767,-0.00079237
0.036893,0.016604,-0.0010182
-0.038338,0.023597,-0.0011359
-0.10925,0.024403,-0.0011551
0.078029,0.0048801,-0.00053736
0.07663,-0.00046214,-0.00057934
0.020145,0.012908,-0.0010117
-0.050791,0.021049,-0.0011562
-0.11094,0.025849,-0.0011756
0.065445,0.0059947,-0.0004048
0.075848,-0.00051299,-0.00029039
0.016711,0.0047794,-0.00036586
-0.07121,-0.044245,0.0013786
0.08725,-0.07024,0.0020535
0.08245,-0.062875,0.0021652
0.015643,-0.046752,0.0017476
-0.076756,-0.027595,0.0014033
0.090421,-0.033093,0.0018084
0.088778,-0.023832,0.0015163
0.01123,0.00098331,0.00073929
-0.074943,0.017378,0.00028208
0.082031,0.0072688,0.0004954
0.072715,0.0084256,0.00033938
0.0022582,0.012775,-9.2186e-05
-0.088818,0.01886,-0.00036925
0.078451,0.0017424,-3.4749e-06
0.063376,0.015482,-0.0004957
-0.0052736,0.024077,-0.00077315
-0.10259,0.031432,-0.001234
0.066913,0.010948,-0.00071084
0.067142,0.0075857,-0.00073737
-0.015649,0.010449,-0.00088591
-0.10173,0.016044,-0.0011184
0.058608,0.010591,-0.00081455
0.05582,0.01288,-0.00094395
-0.025515,0.021719,-0.00091897
-0.10804,0.027123,-0.0010194
0.049096,0.0080625,-0.00056383
0.044985,0.0038578,-0.00052214
-0.03554,0.0050787,-0.00075477
-0.1314,0.015356,-0.00061719
0.047078,0.0064535,-0.0003953
0.036441,0.010774,-0.00046534
-0.0319,0.016174,-0.00061809
-0.12528,0.021712,-0.00066305
0.049364,-0.0029905,-9.5215e-05
0.038566,-0.0068242,-0.00013488
-0.067564,-0.05161,0.0014153
-0.14891,-0.052869,0.0017414
0.0079927,-0.062656,0.0022788
0.0085659,-0.051949,0.0021667
-0.060352,-0.03845,0.0016784
-0.15116,-0.018953,0.0012516
0.030272,-0.024332,0.001825
0.021713,-0.01853,0.0015502
-0.049453,0.0022725,0.00067206
-0.12587,0.016121,0.0001303
0.039026,0.0057032,0.00042504
0.022864,0.005885,0.00014387
-0.055151,0.012558,-0.0001963
0.11073,0.00013368,0.00024525
0.082678,-0.0019066,4.994e-05
-0.020431,0.0089812,-0.00039848
-0.10964,0.027671,-0.00097972
0.051363,0.015444,-0.00064573
0.028617,0.018608,-0.00075141
-0.05737,0.026648,-0.00098504
0.088552,0.0076443,-0.00058325
0.072302,0.0048062,-0.00065074
-0.023084,0.0088888,-0.0010019
0.11558,0.0089152,-0.00082582
0.069423,0.014193,-0.0010447
-0.031945,0.023516,-0.0011581
0.10883,0.008595,-0.00052911
0.068043,0.008677,-0.00066916
-0.043595,0.015537,-0.00094548
-0.15819,0.02435,-0.0010351
-0.0076262,0.0064039,-0.00028688
-0.021106,0.012864,-0.0006186
-0.1016,0.020433,-0.00088956
0.067135,0.0047157,-0.0003449
0.039272,0.0076811,-0.0003309
-0.054118,0.011879,-0.00039008
0.082401,-0.0022176,0.00015916
0.038468,-0.0029344,0.00017714
-0.089079,-0.045637,0.0017145
0.043807,-0.070101,0.0022258
-0.0006726,-0.059242,0.0022314
-0.09801,-0.040177,0.0019719
0.044469,-0.043471,0.0021695
0.0089484,-0.03124,0.0017975
-0.090797,-0.015471,0.0012661
0.047222,-0.021978,0.00148
0.0086107,-0.011299,0.001183
-0.083669,0.010627,0.00023655
0.051726,0.0065353,0.0002964
0.015237,0.0097663,-6.4831e-05
0.15938,-0.00022242,0.0003197
0.097034,0.0051776,-8.3447e-05
-0.028634,0.016568,-0.00068505
0.084668,0.0051818,-0.00042758
0.025408,0.0095477,-0.00057037
-0.083237,0.027578,-0.0011932
0.040659,0.020265,-0.0011383
-0.0041848,0.019337,-0.0012711
-0.12606,0.027263,-0.001537
0.0039486,0.015514,-0.00086832
-0.032286,0.015069,-0.0010625
0.11036,-0.0015754,-0.0006007
0.061555,-0.0001281,-0.00070392
-0.052352,0.019544,-0.001383
0.064776,0.015034,-0.00093826
-0.0073374,0.022263,-0.00097981
-0.12052,0.02671,-0.0011621
0.0065929,0.010202,-0.00065623
-0.033714,0.0098111,-0.00054935
0.10826,-0.0070905,-1.872e-05
0.035471,-0.0034767,-0.0001191
-0.16798,0.01356,-0.00071862
-0.1468,0.02249,-0.00072553
-0.2917,0.035282,-0.0012187
-0.46555,0.044311,-0.0013837
-0.39776,0.02887,-0.00094127
-0.47258,0.028203,-0.00087255
-0.3348,0.01199,-0.000216
-0.4085,0.0096085,-0.00026023
-0.52425,0.01111,-0.0002611
-0.40737,-0.047729,0.0017445
-0.45491,-0.062206,0.0023617
-0.31967,-0.075429,0.0028988
-0.36957,-0.062322,0.002796
-0.20886,-0.010242,0.0013686
-0.28244,0.028875,0.00041188
-0.36613,-0.010554,0.0015897
-1.3831,0.051408,-0.0004189
-2.3214,0.11624,-0.0023674
-2.2861,0.10384,-0.0020378
-1.7299,0.089097,-0.0021847
-1.0724,0.040327,-0.00088825
-0.48572,-0.017671,0.00048053
-0.024529,-0.059473,0.0018018
0.30539,-0.085669,0.0026997
0.52352,-0.094827,0.0034275
0.63366,-0.14338,0.0055261
0.68915,-0.14657,0.0062798
0.71251,-0.11924,0.0057966
0.72939,-0.042752,0.0033855
0.71831,0.0024679,0.0021803
0.68784,0.020876,0.0010247
0.65045,0.026487,9.8917e-06
0.60681,0.02714,-0.0007037
0.555,-0.023089,0.00048794
0.51205,-0.041826,0.00068523
0.49458,0.021716,-0.0017129
0.47365,0.050447,-0.0029241
0.45323,0.055012,-0.0034439
0.4254,0.05249,-0.0037473
0.39692,0.046886,-0.0038528
0.36732,0.041346,-0.0038275
0.34491,0.033607,-0.0037111
0.32144,0.030262,-0.0030993
0.29999,0.022668,-0.0028628
0.28323,0.030324,-0.0027009
0.26687,0.033829,-0.0023277
0.24692,0.033895,-0.0017532
0.23153,0.02399,-0.0011879
0.21463,0.019521,-0.00066038
0.20181,0.014536,-4.0876e-05
0.18902,0.012439,0.00058683
0.17281,0.0096678,0.0011157
0.1656,0.012916,0.0012943
0.15646,0.015046,0.0017143
0.14788,0.012642,0.0021137
0.13798,0.01231,0.002621
0.12598,0.0077949,0.0029475
0.12007,0.0024797,0.0034506
0.1094,-0.0011623,0.0038898
0.10492,-0.0033948,0.0040579
0.090601,-0.0065719,0.0042077
0.089466,0.0025393,0.0040985
0.084363,0.0060742,0.0042054
0.0813,0.0060584,0.0042854
0.074981,-0.0010571,0.0042544
0.064876,-0.00087468,0.0043305
0.057654,-0.0032997,0.0043227
0.07775,0.041599,0.0027184
0.076155,0.057436,0.0020021
0.077219,0.063652,0.0015952
0.071237,0.056304,0.0015495
0.066435,0.039637,0.0019909
0.036589,-0.023546,0.004266
0.020188,-0.051229,0.0055733
0.031564,-0.0078888,0.004466
0.037807,0.01037,0.0041049
0.041779,0.011266,0.0042232
0.042117,0.020148,0.0038687
0.038345,0.016645,0.0040853
0.0071428,-0.041399,0.005824
-0.0045726,-0.066833,0.0064991
-0.0078171,-0.074181,0.006714
0.017365,-0.018524,0.0051378
0.025527,0.0060172,0.0042401
0.027414,0.015275,0.0039133
0.02792,0.023947,0.003017
0.022534,0.0217,0.0023854
0.0001685,-0.039875,0.0039776
-0.01069,-0.067259,0.0042751
-0.014545,-0.072431,0.004339
-0.015475,-0.068465,0.0040518
0.010903,-0.0093556,0.0018963
0.01896,0.014876,0.0005312
0.025254,0.034733,-0.00051459
0.0039983,-0.019721,0.000416
-0.0094987,-0.042548,0.00072727
-0.01151,-0.051728,0.00031688
-0.010808,-0.050667,0.00011475
-0.011383,-0.042771,-0.00031646
-0.010617,-0.038194,-0.00083664
-0.0069722,-0.032686,-0.0013746
-0.00026195,-0.013021,-0.0022307
0.022856,0.043727,-0.0047023
0.029053,0.068346,-0.005725
0.0078662,0.014346,-0.0047698
-0.0013481,-0.01518,-0.0044749
-0.0019886,-0.027447,-0.0041001
-0.0034721,-0.028381,-0.0040711
-0.0052534,-0.020414,-0.0040503
-0.0010714,-0.0087272,-0.0044544
0.00075753,0.00020121,-0.0045765
0.0012566,0.0025969,-0.0046196
0.0013875,0.0032317,-0.0046332
0.0014213,0.0033992,-0.0046374
0.0014299,0.0034434,-0.0046386
0.0023346,0.0012764,-0.0045691
0.0057503,0.001996,-0.0044485
0.0092946,0.0091496,-0.004694
0.010412,0.017917,-0.0046019
0.0095554,0.016865,-0.0044574
0.01047,0.014228,-0.0042454
0.0057318,0.011947,-0.0039549
0.003497,0.008099,-0.0037507
0.0081463,0.0038831,-0.0033497
0.0027903,0.0042166,-0.0029164
0.0058195,0.013646,-0.0030043
0.010928,0.016933,-0.0026172
0.0083221,0.018645,-0.0022178
0.0065774,0.015658,-0.0019936
0.0048566,0.011691,-0.0015842
0.0071859,0.0066491,-0.0011877
0.0082209,0.0038466,-0.00074645
0.0035912,0.0011862,-0.00040585
0.00050209,-0.00064439,-0.00025991
0.0011935,0.0087441,-0.00015904
0.005015,0.013049,0.00013771
0.0045174,0.011052,0.0003146
0.0030584,0.0074049,0.00049549
-0.019909,-0.048061,0.002328
-0.025715,-0.071457,0.0031989
-0.024944,-0.071031,0.0037357
-0.024734,-0.06137,0.0035626
-0.019285,-0.037435,0.0031628
-0.012269,-0.02389,0.0025563
-0.0090861,-0.02053,0.0017715
-0.0055281,-0.012986,0.0011134
0.016383,0.039647,-0.0012551
0.025536,0.061674,-0.0021403
0.0038943,0.0094085,-0.0012416
-0.0043734,-0.016888,-0.00087312
-0.011169,-0.028034,-0.0009176
-0.0073275,-0.017871,-0.0014355
-0.0027595,-0.0066925,-0.0015179
-0.0025491,-0.0018101,-0.0016322
-0.00034301,0.00036282,-0.001737
0.0017158,-0.004906,-0.0020756
3.3587e-05,-0.0012663,-0.00238
-5.5798e-05,-0.00033049,-0.002445
-2.2896e-05,-8.2337e-05,-0.0024599
-5.0048e-06,-1.5423e-05,-0.0024636
0.0072029,0.017389,-0.0025798
0.0092974,0.022446,-0.0026668
0.0086022,0.020768,-0.00256
0.0041072,0.016253,-0.0027216
0.0020005,0.012237,-0.0026107
0.0024859,0.011606,-0.0021936
0.0032006,0.0091293,-0.0020454
0.0032019,0.0080916,-0.0017832
0.004027,0.0054649,-0.0016478
0.0068544,0.015381,-0.0016053
0.0089476,0.021282,-0.0013434
0.0081984,0.019705,-0.0011711
0.006705,0.016163,-0.0009908
0.0050179,0.012108,-0.0005903
0.0032806,0.0079184,-0.0003671
0.0067064,0.0068018,0.00013898
0.002454,0.00449,0.00048846
0.00032327,0.00056133,0.00070498
0.0038564,0.0092768,0.00058444
0.0090496,0.012448,0.00096564
0.0065932,0.014484,0.0011366
0.004959,0.011753,0.0013034
0.0032842,0.0078953,0.0014854
0.0015587,0.003758,0.001887
-0.00018624,-0.0004504,0.0021104
-0.023197,-0.056004,0.0039462
-0.031067,-0.075003,0.0045745
-0.026294,-0.063479,0.0044456
-0.021219,-0.051228,0.0041938
-0.020667,-0.040515,0.0037309
-0.01314,-0.030287,0.0033185
-0.010081,-0.024118,0.0026364
-0.0085533,-0.020616,0.0017881
-0.0087084,-0.011644,0.0012232
-0.0054451,-0.011708,0.00041443
-0.0033483,-0.0078631,-0.00011629
0.0041582,-0.0099721,-0.00073306
0.0025745,0.0025187,-0.0015505
0.0035581,0.012215,-0.0021959
0.0029997,0.014614,-0.0025179
0.0046573,0.012605,-0.0031326
0.0051007,0.012576,-0.003257
0.0052233,0.012663,-0.0032839
0.0041238,0.0099671,-0.0033777
0.0038905,0.009395,-0.003398
0.0038411,0.0092738,-0.0034024
0.0016532,0.0083463,-0.0033336
0.0073054,0.01883,-0.0035639
0.0078913,0.019378,-0.0035209
0.0080925,0.019626,-0.0035146
0.0068751,0.016622,-0.0031616
0.0082571,0.019941,-0.0026603
0.0070972,0.017136,-0.0022015
0.0054571,0.013175,-0.0019673
0.0037246,0.008992,-0.0017686
0.00383,0.0092464,-0.0011599
0.0077365,0.018678,-0.0012184
0.0078117,0.018859,-0.0011365
0.0095844,0.023139,-0.0004775
0.0085347,0.020605,-0.00021107
0.0056507,0.013642,0.00034465
0.0035784,0.0086391,0.00060895
0.0017356,0.0041901,0.00081649
0.0018135,0.0043781,0.0014279
0.00036632,0.00088437,0.0016874
0.0010729,0.0025902,0.0018389
0.0041255,0.0099599,0.0016096
0.0059117,0.014272,0.0020716
0.0049834,0.012031,0.0022856
0.0034295,0.0082795,0.0024752
0.0029987,0.0072396,0.0025258
0.0016069,0.0038793,0.0028917
-4.7331e-05,-0.00011427,0.0031052
-0.00050089,-0.0012092,0.0031598
-0.023149,-0.055887,0.0049494
-0.030921,-0.074649,0.0055667
-0.03201,-0.077279,0.0054061
-0.020448,-0.060012,0.0049734
-0.015821,-0.040457,0.004443
-0.013811,-0.033851,0.0036075
0.012066,0.029008,0.0013647
0.020363,0.049131,-0.00015719
0.00060019,0.0014413,0.00081118
-0.012522,-0.020857,0.00084034
-0.014047,-0.032476,0.00037783
-0.013245,-0.031756,0.00016247
-0.01175,-0.028334,-0.00023943
-0.0047356,-0.011427,-0.0009906
5.33e-05,0.00012947,-0.0014796
0.0026817,0.0064744,-0.001754
0.00041702,0.0010068,-0.0023326
0.0013339,0.0032203,-0.0025784
0.0016323,0.0039407,-0.0026372
0.0029976,0.0072369,-0.0030037
0.0022392,0.005406,-0.0031659
0.0020992,0.005068,-0.0032012
0.0020754,0.0050104,-0.0032091
0.002072,0.0050022,-0.0032109
0.00742,0.017914,-0.0035303
0.0091996,0.02221,-0.0036514
0.0084502,0.020401,-0.0035502
0.0069729,0.016834,-0.0033838
0.0065691,0.015859,-0.003126
0.0051824,0.012511,-0.0029415
0.0053834,0.012997,-0.0025522
0.0051029,0.01232,-0.0020278
0.0036507,0.0088136,-0.0017793
0.0032333,0.0078058,-0.0015043
0.0048311,0.011663,-0.0010253
0.0088451,0.016999,-0.001121
0.0081006,0.018365,-0.0011116
0.0096604,0.022996,-0.000471
0.0085549,0.020564,-0.00020936
0.0069306,0.016708,-7.0794e-06
0.0039288,0.0094782,0.0005384
0.0018315,0.0044199,0.00080111
-0.0013291,0.0031285,0.0013227
0.0011119,0.0037532,0.0015301
0.00019736,0.00065681,0.0017097
-0.00024201,-0.00055383,0.0021961
0.0058137,0.0046449,0.0019274
0.0059707,0.012982,0.0021418
0.0049381,0.011703,0.0023022
0.0046809,0.011267,0.00234
-0.017936,-0.043308,0.0041279
-0.026959,-0.065085,0.0048822
-0.028389,-0.068538,0.0049715
-0.026411,-0.063761,0.0047364
-0.0243,-0.054345,0.0043467
-0.017907,-0.04204,0.0037712
0.0088777,0.021762,0.0015758
0.020377,0.049285,0.00035371
0.0035835,0.008676,0.0007677
-0.0048923,-0.011804,0.00052711
-0.0081962,-0.019786,0.00044984
-0.0077256,-0.018651,0.00030766
-0.0081553,-0.019689,-0.00028236
-0.0068011,-0.016419,-0.00053571
-0.0051233,-0.012369,-0.00094908
-0.0033848,-0.0081717,-0.0011748
-0.0016342,-0.0039454,-0.0013718
0.00011912,0.00028759,-0.0017768
-0.0011142,-0.0026899,-0.002292
-0.00119,-0.0028728,-0.0024027
0.0041784,0.010088,-0.0029583
0.0072488,0.0175,-0.0032573
0.0081319,0.019632,-0.0033406
0.007244,0.017489,-0.0034514
0.0057927,0.013985,-0.003337
0.00541,0.013061,-0.0033046
0.00071897,0.011109,-0.0030497
0.0042824,0.011776,-0.0027988
0.0054331,0.013337,-0.0024075
0.0054873,0.013281,-0.0023251
0.0074979,0.0087322,-0.002061
0.0052284,0.006835,-0.0018263
0.0086951,0.019579,-0.0016826
0.0098153,0.023336,-0.0017007
0.0088621,0.0213,-0.0015755
0.007326,0.017661,-0.0011908
0.0056302,0.013586,-0.00097195
0.0068822,0.016613,-0.00027313
0.0056882,0.013732,4.7433e-06
0.00072241,0.011128,0.00031777
0.0017992,0.0057788,0.00063482
0.0023348,0.0058562,0.0010489
0.002097,0.0050961,0.0015784
0.00065032,0.0015751,0.0018278
0.0031631,0.0076372,0.0016263
0.0042295,0.010211,0.0015408
0.0051588,0.012454,0.0018552
0.0072727,0.0081662,0.0021649
0.0040962,0.0084555,0.0023395
0.0022892,0.0053078,0.0025111
0.00057286,0.0013496,0.0026949
0.00011,0.00026047,0.002745
-0.0021867,-0.00093811,0.0028282
-0.0052384,-0.0020623,0.0030271
-0.0023502,-0.0039138,0.0031751
-0.0019005,-0.0042799,0.0032007
-0.0018294,-0.0043587,0.0032055
0.0011116,0.0026956,0.0027301
0.0036121,0.0023834,0.0024945
0.0010441,0.0014525,0.0023385
-0.020849,-0.054839,0.0039292
-0.030451,-0.074734,0.0045679
-0.027768,-0.06737,0.0045663
-0.024784,-0.059925,0.0042919
-0.020345,-0.049143,0.0038144
0.0040263,0.0097133,0.0014431
0.016335,0.039435,5.4427e-05
-0.0043927,-0.010605,0.00083042
-0.01545,-0.037299,0.00063049
-0.015778,-0.038092,0.00038403
-0.014553,-0.035134,-2.0219e-05
-0.0063379,-0.015301,-0.00090956
-0.0067031,-0.0024671,-0.0014729
-0.0025895,-0.0036218,-0.0022211
-0.00025925,-7.845e-05,-0.0027369
0.0016493,0.0041053,-0.0029851
0.00045983,0.0011399,-0.003478
0.00039612,0.00096384,-0.003798
0.001701,0.0041087,-0.0039948
0.002067,0.0049907,-0.0040439
0.0034442,0.0083152,-0.0041961
0.0038215,0.0092259,-0.0042376
0.0039248,0.0094753,-0.004249
0.0039531,0.0095436,-0.0042521
0.0080332,0.019394,-0.0044328
0.012633,0.024163,-0.0044142
0.011011,0.025514,-0.004184
0.0093767,0.022457,-0.0039947
0.0098461,0.019383,-0.003663
0.0087002,0.015451,-0.0034586
0.0060674,0.01313,-0.0028971
0.0058604,0.013733,-0.0024324
0.0034187,0.012492,-0.0022619
0.0034383,0.015795,-0.0017482
0.0053998,0.014424,-0.0014089
0.0043383,0.010741,-0.00098177
0.0038529,0.0093562,-0.00066625
0.0042241,0.010209,-3.4765e-05
0.0069106,0.016686,5.1573e-05
0.011992,0.018267,0.00020431
0.012916,0.019537,0.00050621
0.0082612,0.018002,0.00080809
0.0038934,0.013406,0.0010826
0.0014786,0.0090423,0.0015071
-0.00044701,0.0047691,0.0017364
-7.4325e-05,0.001425,0.0018649
0.001747,0.0046577,0.0025422
0.00071114,0.0018376,0.0028145
0.00037922,0.00094864,0.0028804
-0.00099158,-0.0023848,0.0030362
-0.0013694,-0.0033036,0.0030786
-0.0014734,-0.0035565,0.003303
0.001426,0.0034427,0.0028627
0.0026031,0.0062846,0.0027342
0.0029811,0.0071971,0.0026979
0.00182,0.0043939,0.002827
0.0015024,0.0036271,0.0028623
0.0035998,-0.00070255,0.0028905
0.0025681,-0.0046267,0.0030297
-0.004404,-0.0028908,0.0030671
-0.0055143,-0.0027382,0.0030773
-0.0055434,-0.0054331,0.0028721
-0.0042903,-0.009042,0.002738
-0.0030529,-0.011494,0.0025582
-0.0035664,-0.0097652,0.0024471
-0.0036963,-0.0092446,0.0024181
0.0049317,0.0024216,0.0019889
0.0027491,0.0051799,0.001655
0.0026026,0.006058,0.0015782
-0.018648,-0.045057,0.0032016
-0.029008,-0.070038,0.0034821
-0.029406,-0.070994,0.0033428
-0.025177,-0.060782,0.0032589
-0.02055,-0.049611,0.0028167
-0.017429,-0.042076,0.0018814
-0.014754,-0.031286,0.0011143
0.0090493,0.023044,-0.0013519
0.021291,0.051729,-0.0027567
0.00051756,0.0013388,-0.0019732
-0.010721,-0.01953,-0.0019843
-0.012114,-0.028169,-0.0022457
-0.011241,-0.026954,-0.0024291
-0.0043926,-0.010574,-0.0031439
0.0023902,-0.003591,-0.0035927
0.0018548,0.0030405,-0.0039498
0.0033253,0.0078071,-0.0041728
0.0037798,0.0090913,-0.0042316
0.00060091,0.010811,-0.0043535
0.0025386,0.011922,-0.00455
0.0049105,0.013268,-0.0046588
0.0064102,0.01148,-0.0046165
0.0046345,0.010091,-0.0043226
0.0041475,0.0097121,-0.0042676
0.0040141,0.0096084,-0.0042565
0.002702,0.0065007,-0.0041145
0.0053306,0.012863,-0.0037851
0.0045138,0.010896,-0.0033697
0.0083145,0.020072,-0.0034655
0.011516,0.027803,-0.0033271
0.010961,0.026463,-0.003177
0.0095046,0.022946,-0.0027886
0.0076841,0.018551,-0.0023419
0.0076979,0.018584,-0.001674
0.0062182,0.015012,-0.0014004
0.004503,0.010871,-0.00098148
0.0070539,0.010698,-0.00056507
0.0047669,0.010438,-1.776e-05
0.0029341,0.0069028,0.00023159
0.0023047,0.0055334,0.00052057
0.0026479,0.0063873,0.0011481
0.0025326,0.0061133,0.0012718
0.0011931,0.0028803,0.0014371
0.00068307,0.0016491,0.0019206
0.0052578,0.012694,0.0019611
0.0066839,0.016136,0.0019164
0.0058214,0.014054,0.0020345
0.0043139,0.010415,0.0022046
0.0005814,0.010791,0.0023573
0.0020076,0.0062814,0.0026318
0.0029563,0.0030155,0.0027617
0.00099395,0.0012421,0.0028646
0.00044755,0.00075872,0.0028925
-0.0009746,-0.0024418,0.0030392
-0.0013651,-0.0033201,0.0030794
0.001847,-0.0049362,0.0031968
0.0023247,-0.0052124,0.0032161
-0.0064137,-0.0034112,0.0032889
-0.0080137,-0.0032477,0.0033086
-0.0039784,-0.006472,0.0030502
-0.0031872,-0.007031,0.0029976
0.0020845,0.00084191,0.0026533
0.0030081,0.0061076,0.0024603
0.0047803,0.0018315,0.0020935
0.0050655,0.0013167,0.0020266
0.0006591,-8.4943e-05,0.0018194
-8.0513e-05,-0.00045317,0.0017818
-0.00020755,-0.00054139,0.0017747
-0.0033987,-0.001874,0.0016718
-0.0026248,-0.0052686,0.0015528
-0.0036303,-0.0085842,0.0014448
-0.0038512,-0.0092672,0.0014227
-0.0038994,-0.0094089,0.0014181
-0.0039099,-0.0094385,0.0014171
-0.0039122,-0.0094447,0.0014169
-0.025162,-0.060747,0.0028455
-0.03129,-0.07554,0.0032497
-0.035238,-0.075703,0.0031404
-0.028114,-0.057063,0.0023247
0.0050383,0.013825,-0.00012634
0.017895,0.043456,-0.0014141
-0.0015302,-0.0036555,-0.00074811
-0.0079502,-0.025515,-0.00057874
-0.012973,-0.032389,-0.0010284
-0.012706,-0.030856,-0.0012415
-0.01002,-0.024222,-0.0017822
-0.0058261,-0.018414,-0.0021123
-0.002989,-0.014737,-0.0027211
-0.0042393,-0.011632,-0.0030919
-0.001726,-0.0044377,-0.0036679
0.021686,0.0523,-0.0056028
0.030987,0.074797,-0.0063919
0.0080182,0.019355,-0.0053178
-0.003201,-0.0077286,-0.0044532
-0.0063677,-0.015373,-0.0042098
-0.0061056,-0.01474,-0.0040538
-0.003112,-0.007513,-0.0037253
0.0005968,0.0057939,-0.0039118
0.0059101,0.015461,-0.0038681
0.0050252,0.016813,-0.003814
0.0056546,0.014932,-0.0037341
0.0069544,0.01714,-0.0034131
0.0059669,0.014501,-0.0032165
0.0062616,0.015143,-0.0028255
0.0061449,0.014842,-0.0025282
0.0048051,0.011602,-0.0023366
0.004292,0.010362,-0.0020617
0.0046635,0.011259,-0.0014377
0.0045562,0.011,-0.0013149
0.0043513,0.010505,-0.001062
0.0029484,0.0071182,-0.00064756
0.004402,0.010627,-0.00035812
0.00333,0.0080394,-0.00016504
0.0017304,0.0041775,0.00023521
0.00242,0.0058424,0.00040631
0.0073257,0.017686,0.00038208
0.0087043,0.021014,0.00055045
0.0099333,0.019635,0.00065264
0.0069487,0.015584,0.00087249
0.0049228,0.011558,0.0010511
0.0031091,0.0074164,0.0012363
0.0057944,0.0045838,0.0016199
0.0033273,0.0065902,0.0021552
0.0027814,0.0064934,0.0022647
0.0013767,0.0032896,0.0024277
0.00099296,0.0023919,0.0024714
-0.00038285,-0.00092511,0.0028348
-0.00076054,-0.0018362,0.0029088
-0.00086426,-0.0020865,0.0029251
-0.0021629,-0.0052218,0.0030679
-0.0025196,-0.0060827,0.0031071
-0.0026175,-0.0063192,0.0031178
-0.0026444,-0.0063842,0.0031208
-0.0013817,-0.0033357,0.0029826
0.0018923,0.0045684,0.0024687
0.0022729,0.0098298,0.0022544
-0.0018698,0.0073531,0.0020058
-0.00038554,0.0016572,0.0019216
-4.4722e-05,0.00048919,0.0019121
3.8127e-05,0.00023681,0.0019119
5.9178e-05,0.00017936,0.0019122
-0.0010708,-0.0025757,0.0018245
-0.0013123,-0.0031656,0.0018058
-0.0013639,-0.003292,0.0018018
-0.0013749,-0.0033191,0.0018009
-0.0032325,-0.0078038,0.0015978
-0.0035463,-0.0085616,0.0015634
0.0018904,-0.0091646,0.0013817
-0.0012333,-0.0056037,0.0011695
-0.0017479,-0.0047659,0.0011262
-0.002972,-0.0072982,0.0010288
-0.0032313,-0.0078307,0.0010078
-0.0020142,-0.0048702,0.00086397
-0.001677,-0.0040507,0.00082478
0.0026213,0.0063278,0.00019726
0.0023258,0.0056149,-0.00018123
0.0024955,0.0060247,-0.00026397
0.0025823,0.0062342,-0.00028313
0.0014767,0.003565,-0.00037567
0.001243,0.0030009,-0.00039565
0.0011937,0.0028819,-0.00039998
-9.1016e-05,-0.00021973,-0.00026149
-0.00044216,-0.0010675,-0.00022352
-0.023977,-0.053556,0.0015027
-0.031094,-0.073879,0.0021688
-0.032915,-0.069769,0.0020762
-0.02541,-0.059816,0.0018812
0.0023094,0.0058216,-0.00015377
0.015244,0.030504,-0.001441
0.016944,0.039845,-0.0022326
-0.0066031,-0.01612,-0.0010461
-0.01542,-0.037257,-0.00065412
-0.01793,-0.043291,-0.00072819
-0.016081,-0.038824,-0.00099516
-0.0143,-0.034523,-0.0014146
0.01247,0.030105,-0.0034901
0.026867,0.064863,-0.0049469
0.029529,0.07129,-0.0055718
0.0054015,0.01304,-0.0038655
-0.0050347,-0.012155,-0.0032201
-0.0092903,-0.022429,-0.0028781
-0.0093313,-0.022528,-0.002692
-0.0062817,-0.015165,-0.0023694
-0.0045214,-0.010916,-0.0022412
-0.0028689,-0.0069261,-0.0023582
-0.0013038,-0.0031477,-0.0023051
-0.0042568,-0.00091308,-0.0024022
0.0017542,0.005674,-0.0024599
0.0028668,0.0071422,-0.0024825
0.0030863,0.007485,-0.0024901
0.0064433,0.0061973,-0.0023863
0.0069627,0.0060075,-0.0023707
0.003733,0.0073518,-0.0022623
0.002196,0.0093934,-0.0020884
0.025335,0.062323,-0.0037781
0.03198,0.077528,-0.0042269
0.0088835,0.021535,-0.0025141
-0.0014265,-0.0034197,-0.0014328
-0.0078881,-0.014697,-0.00072132
-0.0028726,-0.0057414,-0.00045716
0.0016093,0.0042127,-0.00015335
0.002446,0.005995,0.00033305
0.0025589,0.0062024,0.00042915
0.0031474,0.0076053,0.00079121
0.0031091,0.0075079,0.00086817
0.0017932,0.0043298,0.001237
0.0014264,0.0034437,0.0013119
5.3749e-05,0.0001298,0.0014674
0.00081109,0.0019582,0.0015972
0.00095067,0.0022951,0.0016275
0.00097434,0.0023523,0.0016346
-0.00029288,-0.00070709,0.0017754
-0.0039563,-0.00017551,0.0019202
0.00060769,0.0029039,0.002256
0.0013252,0.0034193,0.002312
0.0027471,0.00033964,0.0022201
0.0031379,-0.0028665,0.001997
0.0031503,-0.0033877,0.001961
-0.0034857,-0.00072647,0.0019551
-0.0045039,-0.00031959,0.0019542
-0.0024794,-0.0043689,0.00176
0.0018226,0.0046479,0.0015489
0.0045442,0.011009,0.0013204
0.0053258,0.012863,0.0012527
0.0031365,0.0075732,0.0012846
0.0026045,0.006288,0.0012985
0.0024731,0.0059706,0.0013034
0.0033394,0.0037201,0.0013746
0.0014067,0.0022051,0.0014637
0.00087671,0.0017898,0.0014882
-0.00040347,-0.0010637,0.0014071
-0.00068635,-0.0016816,0.0013902
0.00056182,-0.0049812,0.0012852
-0.002396,-0.0068568,0.0011659
-0.0063785,-0.0049088,0.0013167
-0.0051103,-0.0037757,0.0012799
-0.00025335,-0.0053696,0.0012684
0.00061324,-0.0056203,0.001265
-0.0023932,-0.0069687,0.0011626
-0.002898,-0.0071952,0.0011452
-0.0029824,-0.0072331,0.0011422
-0.0017248,-0.0041695,0.0010026
-0.0013782,-0.0033281,0.00096428
-0.0012828,-0.0030971,0.00095379
-0.0012566,-0.0030337,0.00073838
0.0029535,0.0071304,0.00030117
0.0044903,0.01084,0.00015609
0.0038314,0.0092498,2.4715e-05
0.0018707,0.0045164,-0.00020965
0.001544,0.0037276,-0.0002515
0.0014906,0.0035987,-0.00025914
0.0014822,0.0035784,-0.00026057
0.0002074,0.00050071,-0.00012151
-0.0001417,-0.00034208,-8.3386e-05
-0.00023733,-0.00057296,-7.2936e-05
-0.00026353,-0.00063622,-7.0071e-05
-0.00027071,-0.00065356,-6.9286e-05
-0.00027268,-0.00065831,-6.9071e-05
-0.00027322,-0.00065961,-6.9012e-05
-0.0015466,-0.0037338,7.0311e-05
-0.0018956,-0.0045763,0.00010849
-0.0019912,-0.0048072,0.00011896
-0.0020174,-0.0048705,0.00012183
-0.0020246,-0.0048879,0.00012261
-0.0020266,-0.0048927,0.00012283
-0.0020271,-0.004894,0.00012289
-0.00075417,-0.0018207,-1.639e-05
-0.00040519,-0.0009782,-5.4573e-05
-0.00030954,-0.00074728,-6.5038e-05
-0.00028332,-0.000684,-6.7907e-05
-0.00027614,-0.00066665,-6.8693e-05
0.0026592,0.00642,-0.00033417
0.003846,0.009285,-0.0004359
0.0042262,0.010203,-0.00046813
-0.018226,-0.044001,0.0010967
-0.027069,-0.065349,0.001587
-0.027247,-0.065781,0.0016997
-0.00059782,-0.0014433,9.9147e-05
0.011883,0.028687,-0.0009136
0.013613,0.032864,-0.0016319
-0.0081751,-0.019736,-0.00022045
-0.016865,-0.040715,0.00043959
-0.018176,-0.043881,0.00029173
-0.01602,-0.038676,2.9992e-06
0.0095551,0.023068,-0.001914
0.019389,0.046809,-0.0029233
-0.0020822,-0.005027,-0.001827
-0.010361,-0.025013,-0.0014658
-0.012729,-0.030731,-0.0015495
-0.01098,-0.026507,-0.001593
0.013317,0.03215,-0.0035408
0.022848,0.05516,-0.0043402
0.024386,0.058874,-0.0044386
0.0010268,0.0024789,-0.0027545
-0.012547,-0.023965,-0.0019922
-0.012972,-0.030246,-0.0016509
-0.012256,-0.029406,-0.0012628
-0.0090515,-0.021821,-0.0011243
0.015355,0.037075,-0.0028198
0.024821,0.059925,-0.0035597
0.0078624,0.018982,-0.0024618
0.00079553,0.0019206,-0.0019072
-0.0025695,-0.0062034,-0.0013854
-0.0026108,-0.010645,-0.0011952
-0.0018087,-0.0055575,-0.00078645
-0.0018505,-0.0047944,-0.00070133
-0.0019094,-0.0046994,-0.00068278
-0.00080122,-0.0019589,-0.00037865
-0.00056646,-0.0013743,-0.00032623
0.0013358,0.003223,-0.00011424
0.02245,0.054199,-0.0020749
0.02999,0.072402,-0.0027211
0.0083206,0.020088,-0.00097648
-0.0061081,-0.0053778,-8.359e-05
-0.0077631,-0.017304,0.00041778
-0.0068511,-0.016319,0.00097428
-0.0069146,-0.016659,0.0013114
-0.0040013,-0.0096548,0.0016637
-0.0034739,-0.008386,0.001729
-0.0012109,-0.0072583,0.001672
-0.001496,-0.0048027,0.0015859
0.021947,0.0483,-0.00015605
0.029065,0.068886,-0.00083151
0.007277,0.017219,0.00089551
-0.0057281,-0.013924,0.0014758
-0.0092429,-0.022341,0.0016807
-0.0096024,-0.02319,0.0022988
-0.0074879,-0.018079,0.0023719
-0.0029514,-0.0071257,0.0019915
-0.00014114,-0.0003409,0.0017369
0.00066737,0.0016111,0.0016649
0.00089277,0.0021553,0.0016447
-0.00017965,-0.00043371,0.0015513
-0.00040582,-0.00097973,0.001531
0.00081753,0.0019737,0.0013875
0.0011565,0.0027921,0.0013483
0.0012503,0.0030184,0.0013376
0.0012761,0.0030808,0.0013347
-0.00056999,-0.0013761,0.00091867
-0.0020157,-0.0048664,0.00076384
-0.0023113,-0.00558,0.00073417
-0.0023723,-0.0057271,0.00072838
-0.0023849,-0.0057577,0.00072723
-0.0023875,-0.005764,0.00072699
-0.0011169,-0.0026964,0.00058786
-0.00076805,-0.0018542,0.00054967
-0.00067231,-0.0016231,0.00053919
-0.00064604,-0.0015597,0.00053632
-0.00063883,-0.0015423,0.00053553
0.00063476,0.0015324,0.00039618
0.00098425,0.0023762,0.00035794
0.0010801,0.0026077,0.00034745
0.0011064,0.0026712,0.00013218
-0.00073992,-0.0017863,-0.00010398
-0.0021854,-0.0052759,-0.00023122
-0.0024809,-0.0059895,-0.00025666
-0.0014081,-0.0033995,-0.00017409
0.0048795,0.01178,-0.00035771
0.0067772,0.016362,-0.00045939
0.0073166,0.017664,-0.00049547
0.0043374,0.010471,-0.00057029
0.002581,0.0062311,-0.0006575
0.0022004,0.0053122,-0.00067258
0.00084289,0.0020349,-0.00053568
0.00047492,0.0011465,-0.00028533
0.0020911,0.0050484,0.00018762
0.0022714,0.0054837,0.00028675
0.0022734,0.0054884,0.0003086
0.00099272,0.0023966,0.00045287
0.00063998,0.0015451,0.00049226
0.00054294,0.0013108,0.00050303
-0.00075583,-0.0018247,0.00064516
-0.001112,-0.0026847,0.00068414
-0.0012097,-0.0029206,0.00090736
-0.0012366,-0.0029853,0.00094284
-0.0012439,-0.0030031,0.00094862
-0.0012459,-0.0030079,0.00094961
-0.0012465,-0.0030093,0.00094978
-0.0012466,-0.0030096,0.00094982
-0.0045628,-0.0016362,0.00084356
-0.0017543,-0.0027995,0.00072102
-0.0013244,-0.0029776,0.00070226
-0.0023931,-0.0057438,0.00061162
-0.002626,-0.0063347,0.00059238
-0.00050514,-0.0055616,0.0005187
-0.00081976,-0.0031704,0.00042915
-0.00090547,-0.0025128,0.00040463
0.00038254,-0.005498,0.00029646
0.0046256,0.010072,6.259e-05
0.0062177,0.014823,-4.472e-05
0.0037231,0.0089559,-0.0005846
0.0033103,0.007986,-0.00068137
0.0019714,0.0047583,-0.00034744
0.0016133,0.0038947,-0.00028027
0.00024317,0.00058704,-0.00012622
-0.00013192,-0.00031849,-8.4572e-05
-0.00023466,-0.00056651,-7.3245e-05
-0.0002628,-0.00063446,-7.0153e-05
-0.00027051,-0.00065308,-6.9308e-05
-0.0015459,-0.003732,7.023e-05
-0.0018954,-0.0045758,0.00010847
-0.00013554,-0.00032723,0.00032198
0.00015142,0.00036556,0.00035912
0.00019711,0.00047586,0.0003657
0.00020406,0.00049265,0.00036689
-0.0029626,-0.0008171,0.0002656
-0.0021853,-0.004206,0.000147
-0.002054,-0.0047782,0.00012698
0.0011359,-0.0035627,0.00022511
0.0016744,-0.0033575,0.00024168
-0.0027145,-0.0014672,0.00024448
-0.0034555,-0.0011482,0.00024494
-0.0022685,-0.004262,0.00014351
-0.002068,-0.0047877,0.00012639
-0.0020342,-0.0048764,0.0001235
-0.0020285,-0.0048914,0.00012301
-0.0020275,-0.0048939,0.00012293
-0.02143,-0.051737,0.0019697
-0.028509,-0.068827,0.0025788
-0.028174,-0.068019,0.0022737
-0.003214,-0.0077594,0.00038646
0.0090089,0.02175,-0.00089187
0.011983,0.02893,-0.0015799
0.016471,0.030386,-0.0020803
0.01223,0.028089,-0.002505
-0.0091847,-0.022393,-0.0013549
-0.016073,-0.038836,-0.00090939
-0.018093,-0.043686,-0.00076573
0.0029998,0.016621,-0.0024601
0.015322,0.038427,-0.0033141
-0.0028114,-0.006568,-0.0018987
-0.011764,-0.028368,-0.0013403
-0.011971,-0.028895,-0.0012143
-0.0075271,-0.027532,-0.0014255
-0.0069067,-0.018114,-0.0015134
0.015301,0.036717,-0.0034557
0.024413,0.058905,-0.0042384
0.026004,0.062775,-0.0045578
0.0025801,0.0062282,-0.0027007
-0.0090298,-0.0218,-0.0018816
-0.011223,-0.027095,-0.0013327
-0.01005,-0.024263,-0.0010057
-0.0088042,-0.021255,-0.00085383
0.014039,0.033894,-0.0026153
0.024297,0.058658,-0.0032778
0.0045743,0.011043,-0.0016854
-0.0060358,-0.014572,-0.00094225
-0.012401,-0.020577,-0.00060854
-0.0074667,-0.016587,-0.00012912
0.015893,0.038591,-0.0018294
0.024934,0.060231,-0.0023409
0.0037412,0.0090372,-0.00079893
-0.0060711,-0.014656,2.3832e-05
-0.010232,-0.024701,0.00062041
-0.0095454,-0.023045,0.00096465
0.014166,0.034199,-0.00066518
0.023305,0.056263,-0.0011609
0.021478,0.061238,-0.0013052
-0.00041541,0.00042923,0.00060686
-0.0097834,-0.02773,0.0015968
-0.014714,-0.036679,0.001939
-0.011644,-0.037799,0.0022277
-0.0094334,-0.02863,0.0026162
0.012912,0.029729,0.00082864
0.023055,0.055292,0.00015036
0.025612,0.066098,-0.00055893
0.0050141,0.013266,0.0011049
-0.01094,-0.016722,0.0017775
-0.012812,-0.029405,0.0022405
-0.01179,-0.02822,0.0025637
-0.010617,-0.025591,0.002718
-0.0091338,-0.022044,0.0026127
-0.006345,-0.015317,0.0025309
-0.0056509,-0.013642,0.0025028
0.0193,0.042241,0.00063976
0.026836,0.063594,-0.000283
0.0053136,0.012503,0.0011726
-0.0062843,-0.015261,0.0015496
-0.010669,-0.025781,0.0018394
-0.011847,-0.028609,0.0019273
-0.010895,-0.026306,0.0018143
-0.0093627,-0.022604,0.0016446
-0.0059554,-0.014378,0.0018884
0.01674,0.040414,-0.00019998
0.026891,0.060558,-0.00095439
0.0039256,0.0082906,0.00038402
-0.0080619,-0.019788,0.00075034
-0.014596,-0.025957,0.0010078
-0.01265,-0.029127,0.0011807
-0.0093267,-0.022303,0.0010665
-0.007526,-0.018137,0.0011252
-0.0058703,-0.014167,0.00099714
-0.0041666,-0.010058,0.00082182
0.017061,0.041188,-0.0012199
0.025949,0.062648,-0.0020255
0.0048145,0.011623,-0.00076596
-0.006092,-0.014708,-8.0139e-05
-0.0058974,-0.023606,0.00024341
-0.0062521,-0.0259,0.00032466
-0.0064204,-0.021496,0.00047029
-0.00704,-0.018442,0.00021031
-0.0058938,-0.014595,2.2506e-05
0.013729,0.042434,-0.0017117
0.023523,0.062566,-0.0025024
0.0043073,0.011797,-0.00086025
-0.0067843,-0.016022,-0.0004419
-0.0050052,-0.01199,-0.00034337
-0.0031757,-0.0076416,-0.0002707
-0.0027126,-0.0065421,-0.00026253
-0.0025966,-0.0062669,-0.00026245
-0.0025676,-0.0061983,-0.00026284
-0.0014266,-0.003444,-0.00017532
0.000672,0.0016224,4.6232e-05
0.0010381,0.0025063,8.4549e-05
0.0011025,0.0026617,9.1211e-05
-0.00073968,-0.0017858,-0.00011043
-0.0010513,-0.002538,-0.00014454
-0.0011039,-0.0026652,-0.0001503
-0.0011128,-0.0026867,-0.00015128
-0.0011144,-0.0026903,-0.00015144
0.00015738,0.00037995,-0.00029064
-0.00080441,0.0043867,-0.00022742
0.00038027,0.0019888,-0.00032215
0.00059076,0.0016073,-0.00033927
0.38637,-0.032937,0.00080898
1.1565,-0.096865,0.0027269
1.8556,-0.14608,0.0042499
2.4683,-0.17278,0.0052742
2.8642,-0.17499,0.0055406
3.171,-0.16499,0.0050098
3.1601,-0.12996,0.0033156
3.2138,-0.10339,0.0015546
3.3719,-0.084445,-2.3032e-05
3.5381,-0.074713,-0.0015709
3.5292,-0.048664,-0.0035687
3.7226,-0.045396,-0.0048251
3.638,-0.074897,-0.0049057
3.81,-0.08975,-0.0051565
3.8227,-0.073367,-0.0061365
3.7078,-0.036375,-0.0072882
3.6445,-0.0070389,-0.0081037
3.6079,0.022745,-0.0084817
3.3252,0.011379,-0.0074599
2.9404,0.040651,-0.0073429
2.8859,0.050627,-0.006386
2.4653,0.09845,-0.0061381
1.2902,0.20631,-0.0076092
-0.058539,0.26359,-0.0070532
-1.2083,0.3127,-0.0068983
-2.072,0.33862,-0.0062036
-2.6521,0.32576,-0.0050394
-2.9725,0.34075,-0.0054981
-3.1183,0.30623,-0.0051562
-3.1489,0.24264,-0.0049954
-3.1053,0.17316,-0.0054912
-2.9848,0.14982,-0.0083814
-2.8435,0.10152,-0.010734
-2.6995,0.043418,-0.013289
-2.5321,0.044525,-0.017667
-2.376,0.017737,-0.021023
-2.2159,0.034367,-0.02554
-2.0794,0.019096,-0.028443
-1.9393,0.04,-0.032502
-1.8218,0.026608,-0.035121
-1.6925,0.049376,-0.038655
-1.5595,0.10102,-0.042667
-1.4633,0.09418,-0.045048
-1.3627,0.11125,-0.047969
-1.2883,0.086173,-0.049819
-1.1963,0.0971,-0.053014
-1.107,0.12288,-0.056656
-1.3361,0.12636,-0.059568
-2.1109,0.19879,-0.065135
-2.9365,0.28214,-0.070893
-3.7195,0.29449,-0.075032
-4.2467,0.30701,-0.08014
-4.8471,0.28323,-0.085219
-5.1033,0.25656,-0.091171
-5.2655,0.23516,-0.097998
-5.3216,0.16138,-0.10333
-5.6356,0.14535,-0.11051
-5.6864,0.12959,-0.11706
-5.7434,0.073602,-0.12127
-5.7451,0.010018,-0.12441
-5.7996,0.0054014,-0.1279
-5.9072,-0.015759,-0.12855
-6.053,-0.041478,-0.12724
-5.597,-0.1154,-0.12259
-3.8425,-0.28113,-0.113
-1.8694,-0.41937,-0.10222
-0.14861,-0.50767,-0.090598
1.1521,-0.58628,-0.076098
2.0811,-0.57957,-0.06146
2.6727,-0.56256,-0.044074
3.0126,-0.53003,-0.025491
3.186,-0.43565,-0.0080911
3.2281,-0.35409,0.0097576
3.1806,-0.30317,0.02772
3.0733,-0.27201,0.044656
2.9513,-0.19496,0.058517
2.7976,-0.16523,0.071976
2.6552,-0.11417,0.082301
2.4908,-0.10729,0.09221
2.3194,-0.12867,0.10073
2.1737,-0.11079,0.10637
2.0263,-0.11881,0.11105
1.8918,-0.094549,0.11334
1.7738,-0.068462,0.11378
1.6415,-0.095015,0.1149
1.5311,-0.092415,0.11398
1.4165,-0.12783,0.11351
1.3178,-0.12326,0.11111
1.2315,-0.10219,0.10733
1.158,-0.079957,0.10269
1.0698,-0.11124,0.09962
0.9944,-0.1087,0.094989
0.93462,-0.092375,0.089472
0.8806,-0.076255,0.083661
0.8279,-0.053468,0.077743
0.75682,-0.088797,0.073211
0.70348,-0.095229,0.067698
0.66373,-0.082331,0.061847
0.62119,-0.059517,0.055889
0.58742,-0.039541,0.049845
0.5581,-0.023553,0.044069
0.5083,-0.064739,0.040088
0.47108,-0.066245,0.035589
0.44335,-0.052631,0.030509
0.42106,-0.033164,0.025577
0.40319,-0.013638,0.020771
0.38787,0.015169,0.015772
0.37478,0.034234,0.011417
0.35751,0.047055,0.0076036
0.33914,0.056548,0.0040866
0.29913,0.0070074,0.0025185
0.27222,-0.005948,0.00042963
0.25917,0.0027389,-0.0018168
0.24455,0.01837,-0.0039119
0.23736,0.031722,-0.0058639
0.23115,0.046151,-0.0076421
0.22182,0.059846,-0.0089757
0.21168,0.069873,-0.01019
0.20422,0.078665,-0.011317
0.19595,0.083877,-0.012066
0.18725,0.087725,-0.01251
0.18356,0.087873,-0.01253
0.17402,0.087065,-0.012456
0.14114,0.0403,-0.010404
0.12453,0.026287,-0.0092467
0.12019,0.027064,-0.0085435
0.11994,0.032891,-0.0080341
0.11694,0.047302,-0.0072733
0.11378,0.057499,-0.0066596
0.11162,0.062057,-0.0060006
0.1086,0.070298,-0.0054039
0.10428,0.073548,-0.0046773
0.10249,0.077101,-0.0039222
0.096329,0.078172,-0.0030824
0.095332,0.072966,-0.0023095
0.088557,0.075075,-0.0013612
0.082278,0.073497,-0.00041075
0.07985,0.070386,0.00071851
0.072765,0.067578,0.001836
0.072318,0.064939,0.0029227
0.088589,0.11398,0.0024764
0.092843,0.13072,0.0030004
0.084213,0.12728,0.0040378
0.057672,0.060067,0.0069033
0.041035,0.02566,0.008987
0.035538,0.013377,0.010428
0.032946,0.0072924,0.011893
0.052809,0.059398,0.011307
0.061213,0.080902,0.011585
0.059601,0.077359,0.012206
0.051995,0.068505,0.012858
0.045194,0.059871,0.013748
0.020346,-0.0049678,0.016421
0.26864,-0.059007,0.018514
0.98115,-0.068095,0.019365
1.7211,-0.10131,0.020758
2.3233,-0.13386,0.021585
2.7604,-0.14436,0.022133
2.9703,-0.19076,0.023472
3.1427,-0.19998,0.023007
3.0385,-0.16355,0.020863
3.0979,-0.13587,0.018927
3.218,-0.1162,0.016583
3.1142,-0.0759,0.013593
3.1967,-0.059459,0.010964
3.1033,-0.035062,0.0080191
3.209,-0.030361,0.0059182
3.1509,-0.0069938,0.0035618
3.1222,0.0077598,0.0018805
3.0905,-0.030908,0.0021727
3.0929,-0.040394,0.0018228
2.8644,-0.010902,0.00081047
2.8295,0.0041696,0.00022755
2.6306,0.041195,-0.00038162
2.3982,0.073762,-0.00062694
2.1613,0.044742,0.00093078
1.9706,0.046055,0.0020929
1.0787,0.11878,0.0010729
-0.074341,0.21703,-0.00044792
-1.1164,0.28434,-0.0014166
-1.9262,0.31721,-0.0014733
-2.4809,0.31254,-0.00095675
-2.8199,0.27958,-0.00054742
-2.9566,0.28094,-0.0019248
-2.9871,0.23638,-0.0029463
-2.9461,0.17637,-0.0039311
-2.8343,0.15746,-0.0073844
-2.7051,0.11407,-0.010249
-2.5703,0.054556,-0.013106
-2.4184,0.050866,-0.017758
-2.2737,0.022052,-0.021311
-2.1206,0.036482,-0.026123
-1.9916,0.019984,-0.029469
-1.8534,0.038282,-0.03392
-1.7207,0.078956,-0.038323
-1.6104,0.068079,-0.040738
-1.4989,0.087751,-0.044246
-1.4077,0.069127,-0.046243
-1.315,0.083505,-0.049718
-1.6961,0.097941,-0.052956
-2.5386,0.18838,-0.058409
-3.3877,0.27977,-0.063922
-3.7944,0.26986,-0.06685
-4.2517,0.28388,-0.071506
-4.6357,0.29569,-0.07713
-4.9606,0.24559,-0.081831
-5.4279,0.25223,-0.088921
-5.6248,0.24421,-0.095823
-5.7283,0.17453,-0.1011
-5.7635,0.13799,-0.1073
-5.8102,0.071491,-0.11185
-5.8529,0.052612,-0.11697
-6.0026,0.01988,-0.12003
-5.886,-0.034128,-0.12091
-5.9619,-0.069313,-0.12047
-5.541,-0.083841,-0.11856
-3.804,-0.22332,-0.11038
-1.8778,-0.42463,-0.098801
-0.18592,-0.54003,-0.08733
1.128,-0.5735,-0.075219
2.0422,-0.58505,-0.060857
2.6452,-0.52465,-0.046017
2.9892,-0.47749,-0.028914
3.1435,-0.43081,-0.011007
3.1919,-0.33766,0.0050854
3.1464,-0.28196,0.021595
3.037,-0.25014,0.03737
2.9138,-0.1771,0.050452
2.764,-0.15258,0.063152
2.6207,-0.10641,0.072657
2.4602,-0.092026,0.081622
2.3116,-0.059351,0.087709
2.1489,-0.073868,0.093831
2.0111,-0.062186,0.097546
1.8648,-0.091429,0.10111
1.7377,-0.089168,0.1023
1.6087,-0.12055,0.10372
1.5014,-0.11885,0.10292
1.4073,-0.09689,0.10084
1.3001,-0.12206,0.099659
1.2102,-0.11795,0.096798
1.1361,-0.099476,0.092963
1.0721,-0.080204,0.088294
1.0032,-0.05676,0.083436
0.92193,-0.088063,0.080183
0.85863,-0.089356,0.075381
0.81082,-0.080704,0.070065
0.76121,-0.064215,0.064505
0.71316,-0.042036,0.059015
0.67429,-0.025521,0.053664
0.61423,-0.067063,0.04988
0.5677,-0.069433,0.045251
0.53495,-0.06375,0.040096
0.50735,-0.042669,0.035212
0.48202,-0.027901,0.030295
0.45749,-0.0086753,0.025561
0.43679,0.0045494,0.021069
0.40928,0.020186,0.017022
0.38654,0.029048,0.013028
0.3465,-0.016799,0.011088
0.31843,-0.027299,0.0085822
0.30319,-0.019209,0.0058171
0.29305,-0.0013948,0.0031426
0.28003,0.013262,0.00033108
0.26799,0.024005,-0.0020852
0.25365,0.04038,-0.0042259
0.24876,0.04862,-0.0062219
0.23087,0.063395,-0.007754
0.22343,0.070095,-0.0090493
0.2144,0.074541,-0.010108
0.20691,0.075721,-0.010941
0.20144,0.080165,-0.011294
0.18514,0.084459,-0.011457
0.15472,0.033858,-0.0098422
0.13974,0.017548,-0.0089261
0.12951,0.020584,-0.0083832
0.12618,0.028689,-0.0081441
0.12623,0.041581,-0.007616
0.11977,0.052581,-0.0072242
0.12145,0.061946,-0.0068637
0.11583,0.065177,-0.0064507
0.1114,0.069027,-0.0059322
0.10881,0.072326,-0.0052832
0.12509,0.12367,-0.0062993
0.12498,0.14483,-0.0059591
0.098882,0.085799,-0.0035029
0.087143,0.058063,-0.0017798
0.080539,0.046562,-0.00014057
0.074272,0.042004,0.0012513
0.09037,0.099266,0.00070736
0.091378,0.11913,0.0013197
0.09207,0.11485,0.0024705
0.062374,0.052117,0.0055654
0.043479,0.021564,0.0074963
0.040927,0.0088803,0.0090148
0.058074,0.058566,0.0086277
0.064806,0.076192,0.0090921
0.06058,0.07688,0.0097948
0.057574,0.071936,0.010768
0.052766,0.060855,0.011609
0.045186,0.047763,0.012609
0.038501,0.040546,0.01367
0.036032,0.032552,0.014555
0.030574,0.023103,0.015317
0.025218,0.017512,0.016084
0.021352,0.009537,0.01653
0.018877,0.0069176,0.016992
0.02034,0.001455,0.017339
0.014782,-0.0070324,0.017366
0.011441,-0.0099384,0.017456
0.57264,-0.057405,0.01898
1.244,-0.11622,0.020317
1.8333,-0.15549,0.021191
2.3473,-0.18136,0.021526
2.6484,-0.23335,0.022643
2.5902,-0.2125,0.021412
2.7217,-0.19044,0.01953
2.8475,-0.16739,0.017064
3.0224,-0.14553,0.01456
2.8819,-0.10074,0.010908
2.9723,-0.078972,0.0078558
3.0693,-0.065261,0.0050502
2.9923,-0.0385,0.0017349
2.8071,-0.0028843,-0.001332
2.9352,-0.0026518,-0.0031276
2.8631,0.016703,-0.0050199
2.8054,0.029924,-0.0064684
2.7178,-0.0038757,-0.005802
2.5062,0.0010413,-0.0060327
2.4565,0.01199,-0.0059256
2.3078,0.037329,-0.0059133
2.0696,0.070318,-0.0058939
1.909,0.090367,-0.0055165
1.7867,0.047511,-0.0028302
1.3894,0.063824,-0.001987
1.0274,0.092955,-0.00094925
0.22148,0.16015,-0.0014223
-0.71131,0.22697,-0.001946
-1.5289,0.27375,-0.0019953
-2.1376,0.28179,-0.0017449
-2.5218,0.31701,-0.0029619
-2.7325,0.29686,-0.0030597
-2.8234,0.24477,-0.0034707
-2.8265,0.17471,-0.0044333
-2.7453,0.15946,-0.0076516
-2.6373,0.11321,-0.010398
-2.498,0.11255,-0.014794
-2.3613,0.071246,-0.018531
-2.2114,0.074028,-0.023399
-2.082,0.044029,-0.027066
-1.9422,0.060393,-0.031616
-1.8242,0.037946,-0.034955
-1.6997,0.050677,-0.039363
-1.5995,0.035472,-0.042225
-1.6281,0.065298,-0.046436
-2.3655,0.11512,-0.051019
-2.9785,0.1868,-0.055761
-3.6681,0.26665,-0.060988
-4.2779,0.27453,-0.064656
-4.484,0.26738,-0.068511
-4.8169,0.28061,-0.074246
-5.0955,0.23202,-0.078725
-5.2843,0.21152,-0.084698
-5.4854,0.20377,-0.091479
-5.6185,0.14638,-0.096519
-5.6994,0.13343,-0.10266
-5.844,0.088661,-0.10702
-5.7558,0.066698,-0.11112
-5.8041,0.026612,-0.11351
-5.9969,-0.009287,-0.11458
-5.9999,-0.058229,-0.11363
-5.3738,-0.090565,-0.11108
-3.5971,-0.23201,-0.10325
-1.6961,-0.42667,-0.09209
-0.044766,-0.52968,-0.081653
1.2185,-0.55262,-0.070099
2.086,-0.57133,-0.055819
2.6521,-0.51388,-0.041704
2.9669,-0.46972,-0.025721
3.1259,-0.37769,-0.010391
3.1489,-0.31675,0.005787
3.0873,-0.281,0.021791
2.9892,-0.20581,0.034989
2.8583,-0.16282,0.047744
2.7212,-0.10313,0.057878
2.5556,-0.096801,0.067804
2.4049,-0.064116,0.074965
2.2445,-0.077368,0.08202
2.1055,-0.063375,0.086483
1.9534,-0.091012,0.090961
1.8225,-0.084011,0.092821
1.6884,-0.11789,0.095003
1.5748,-0.11019,0.095001
1.4744,-0.085703,0.09381
1.3622,-0.11522,0.093271
1.2724,-0.11298,0.091159
1.1947,-0.093307,0.087871
1.1225,-0.068078,0.084039
1.0542,-0.048476,0.079597
0.96663,-0.085401,0.076825
0.89858,-0.086321,0.072747
0.84364,-0.07654,0.067928
0.79523,-0.058157,0.06297
0.74955,-0.040668,0.058078
0.70434,-0.023013,0.052966
0.64431,-0.06502,0.049432
0.5992,-0.073948,0.04499
0.56287,-0.064761,0.040267
0.53656,-0.047729,0.035715
0.50524,-0.027459,0.03113
0.47778,-0.013571,0.026629
0.45273,-0.00025642,0.0223
0.42774,0.013873,0.018179
0.40608,0.022981,0.014455
0.37937,0.034595,0.010969
0.36189,0.040732,0.0078966
0.32376,-0.0091315,0.0065653
0.29622,-0.020599,0.0046957
0.28274,-0.014131,0.0025896
0.26457,-0.00047993,0.00042803
0.25007,0.015161,-0.0015305
0.24616,0.025823,-0.003407
0.23845,0.038736,-0.0050898
0.22424,0.050646,-0.006378
0.21653,0.058804,-0.0076919
0.20814,0.064144,-0.0084808
0.19423,0.071235,-0.0092806
0.18668,0.073984,-0.0097095
0.17907,0.074704,-0.0099011
0.17414,0.076415,-0.0098327
0.16424,0.079467,-0.0096878
0.1544,0.076752,-0.009503
0.1509,0.076373,-0.0088294
0.13743,0.079523,-0.0080104
0.13186,0.079209,-0.0071539
0.12432,0.077242,-0.00631
0.11427,0.076152,-0.0052643
0.11025,0.075212,-0.004187
0.10481,0.073526,-0.0029263
0.10589,0.068735,-0.0016285
0.096035,0.063934,-0.00035445
0.09082,0.059264,0.00069094
0.083791,0.059904,0.0020475
0.077966,0.058219,0.0033609
0.071652,0.055612,0.0043914
0.069176,0.052236,0.0055391
0.064276,0.044044,0.0066292
0.058079,0.040235,0.0076176
0.056889,0.039706,0.008618
0.050301,0.034967,0.0094922
0.050339,0.031137,0.010365
0.042804,0.02812,0.011039
0.04183,0.021919,0.011784
0.03873,0.020082,0.012186
0.034549,0.01526,0.0127
0.033285,0.013564,0.013039
0.028286,0.011243,0.013367
0.02401,0.0067569,0.013423
0.023851,0.0035036,0.013511
0.023832,0.0026358,0.013536
0.018523,0.00020413,0.013511
0.016255,-0.0030719,0.013427
0.017019,-0.00073719,0.013273
0.012086,-0.0031386,0.012923
0.0093068,-0.0040809,0.012705
0.0078756,-0.010427,0.012084
0.0090408,-0.0084425,0.011829
0.020779,-0.0097336,0.011247
0.58628,-0.057977,0.012346
1.2508,-0.12267,0.013672
1.8262,-0.16345,0.014326
2.3282,-0.18367,0.014441
2.3994,-0.15913,0.013047
2.5408,-0.13607,0.011586
2.6898,-0.12013,0.0098597
2.8183,-0.09969,0.0078918
2.9256,-0.086028,0.005632
2.7757,-0.0519,0.0027186
2.8064,-0.035334,0.00053669
2.981,-0.031619,-0.0011348
2.8627,-0.062942,-0.0015418
2.68,-0.053852,-0.0030733
2.7587,-0.046551,-0.0039694
2.688,-0.025652,-0.0053596
2.6628,-0.0018132,-0.0061863
2.5912,0.018656,-0.0070081
2.2896,0.060598,-0.0080315
2.2178,0.023905,-0.0061088
2.0948,0.020404,-0.0052315
1.9002,0.042015,-0.0049575
1.7093,0.06342,-0.0045565
1.6293,0.080553,-0.0033771
1.5254,0.091408,-0.0023475
1.1845,0.12035,-0.0017549
0.80858,0.14505,-0.0011148
0.24712,0.18295,-0.00083104
-0.58255,0.2356,-0.0011748
-1.364,0.26891,-0.0014513
-1.9703,0.27508,-0.0015139
-2.3895,0.25284,-0.0015391
-2.6373,0.21488,-0.0017982
-2.7501,0.1625,-0.0023459
-2.7419,0.15791,-0.0052429
-2.6803,0.12079,-0.0076943
-2.5649,0.12184,-0.011683
-2.4447,0.089993,-0.014777
-2.2982,0.097631,-0.019017
-2.1675,0.066496,-0.022316
-2.0246,0.072177,-0.027056
-1.9054,0.044505,-0.030623
-1.7764,0.057366,-0.034856
-1.6799,0.040916,-0.037875
-2.1079,0.10321,-0.043344
-2.9593,0.2144,-0.049906
-3.5242,0.23388,-0.05367
-4.0959,0.27065,-0.058669
-4.3953,0.29134,-0.06356
-4.7254,0.25396,-0.067766
-5.0724,0.24847,-0.073973
-5.3146,0.19247,-0.078916
-5.2899,0.1515,-0.084937
-5.4215,0.14833,-0.091984
-5.5481,0.10434,-0.097022
-5.7164,0.10155,-0.10274
