,0,1,2,3,4,5,6,7
0,0.0,0.0,105.9,68.1,68.1,105.9,0.0,0.0
1,0.0,0.0,103.2,66.4,66.4,103.2,0.0,0.0
2,0.0,0.0,100.5,64.7,64.7,100.5,0.0,0.0
3,0.0,0.0,97.6,62.8,62.8,97.6,0.0,0.0
4,0.0,0.0,94.8,61.0,61.0,94.8,0.0,0.0
5,0.0,0.0,92.0,59.2,59.2,92.0,0.0,0.0
6,0.0,0.0,89.2,57.4,57.4,89.2,0.0,0.0
7,0.0,0.0,86.3,55.5,55.5,86.3,0.0,0.0
8,0.0,0.0,83.4,53.7,53.7,83.4,0.0,0.0
9,0.0,0.0,80.5,51.8,51.8,80.5,0.0,0.0
10,168.8,158.1,192.4,183.0,183.0,192.4,158.1,168.8
11,169.8,160.4,190.4,182.1,182.1,190.4,160.4,169.8
12,170.6,162.6,188.5,181.3,181.3,188.5,162.6,170.6
13,171.4,164.6,186.8,180.6,180.6,186.8,164.6,171.4
14,172.1,166.4,185.2,179.9,179.9,185.2,166.4,172.1
15,172.8,168.1,183.6,179.2,179.2,183.6,168.1,172.8
16,173.4,169.6,182.3,178.7,178.7,182.3,169.6,173.4
17,174.0,171.0,181.0,178.1,178.1,181.0,171.0,174.0
18,174.5,172.2,179.8,177.6,177.6,179.8,172.2,174.5
19,175.0,173.4,178.6,177.1,177.1,178.6,173.4,175.0
20,237.3,236.6,239.0,238.3,238.3,239.0,236.6,237.3
21,237.6,237.3,238.3,238.0,238.0,238.3,237.3,237.6
22,237.9,237.9,237.7,237.8,237.8,237.7,237.9,237.9
23,238.1,238.5,237.1,237.5,237.5,237.1,238.5,238.1
24,238.3,239.0,236.6,237.3,237.3,236.6,239.0,238.3
25,238.5,239.4,236.2,237.2,237.2,236.2,239.4,238.5
26,238.6,239.8,235.8,237.0,237.0,235.8,239.8,238.6
27,238.8,240.1,235.5,236.9,236.9,235.5,240.1,238.8
28,238.9,240.4,235.2,236.7,236.7,235.2,240.4,238.9
29,239.0,240.7,234.9,236.6,236.6,234.9,240.7,239.0
30,278.8,280.3,275.0,276.6,276.6,275.0,280.3,278.8
31,278.8,280.5,274.8,276.5,276.5,274.8,280.5,278.8
32,278.9,280.6,274.7,276.4,276.4,274.7,280.6,278.9
33,279.0,280.8,274.5,276.4,276.4,274.5,280.8,279.0
34,279.0,280.8,274.5,276.3,276.3,274.5,280.8,279.0
35,279.0,280.9,274.4,276.3,276.3,274.4,280.9,279.0
36,279.0,281.0,274.3,276.3,276.3,274.3,281.0,279.0
37,279.1,281.0,274.3,276.3,276.3,274.3,281.0,279.1
38,279.1,281.0,274.3,276.3,276.3,274.3,281.0,279.1
39,279.1,281.0,274.3,276.3,276.3,274.3,281.0,279.1
40,307.6,309.4,303.2,305.0,305.0,303.2,309.4,307.6
41,307.6,309.3,303.2,305.0,305.0,303.2,309.3,307.6
42,307.6,309.3,303.2,305.0,305.0,303.2,309.3,307.6
43,307.5,309.3,303.2,305.0,305.0,303.2,309.3,307.5
44,307.5,309.3,303.3,305.1,305.1,303.3,309.3,307.5
45,307.5,309.2,303.3,305.1,305.1,303.3,309.2,307.5
46,307.5,309.2,303.4,305.1,305.1,303.4,309.2,307.5
47,307.4,309.1,303.5,305.1,305.1,303.5,309.1,307.4
48,307.4,309.0,303.6,305.2,305.2,303.6,309.0,307.4
49,307.4,309.0,303.6,305.2,305.2,303.6,309.0,307.4
50,329.0,330.4,325.5,326.9,326.9,325.5,330.4,329.0
51,329.0,330.4,325.5,327.0,327.0,325.5,330.4,329.0
52,329.0,330.4,325.6,327.0,327.0,325.6,330.4,329.0
53,328.9,330.3,325.6,327.0,327.0,325.6,330.3,328.9
54,328.9,330.2,325.7,327.0,327.0,325.7,330.2,328.9
55,328.9,330.2,325.8,327.1,327.1,325.8,330.2,328.9
56,328.8,330.1,325.9,327.1,327.1,325.9,330.1,328.8
57,328.8,330.0,326.0,327.1,327.1,326.0,330.0,328.8
58,328.8,329.9,326.1,327.2,327.2,326.1,329.9,328.8
59,328.7,329.8,326.1,327.2,327.2,326.1,329.8,328.7
60,345.6,346.6,343.2,344.2,344.2,343.2,346.6,345.6
61,345.6,346.5,343.2,344.2,344.2,343.2,346.5,345.6
62,345.5,346.5,343.3,344.2,344.2,343.3,346.5,345.5
63,345.5,346.4,343.4,344.2,344.2,343.4,346.4,345.5
64,345.5,346.3,343.4,344.3,344.3,343.4,346.3,345.5
65,345.4,346.2,343.5,344.3,344.3,343.5,346.2,345.4
66,345.4,346.2,343.6,344.4,344.4,343.6,346.2,345.4
67,345.4,346.1,343.6,344.4,344.4,343.6,346.1,345.4
68,345.4,346.1,343.7,344.4,344.4,343.7,346.1,345.4
69,345.4,346.0,343.7,344.4,344.4,343.7,346.0,345.4
70,358.6,359.3,357.1,357.8,357.8,357.1,359.3,358.6
71,358.6,359.2,357.2,357.8,357.8,357.2,359.2,358.6
72,358.6,359.2,357.2,357.8,357.8,357.2,359.2,358.6
73,358.6,359.1,357.3,357.8,357.8,357.3,359.1,358.6
74,358.6,359.0,357.4,357.9,357.9,357.4,359.0,358.6
75,358.5,359.0,357.4,357.9,357.9,357.4,359.0,358.5
76,358.5,358.9,357.5,357.9,357.9,357.5,358.9,358.5
77,358.5,358.9,357.5,357.9,357.9,357.5,358.9,358.5
78,358.5,358.9,357.5,357.9,357.9,357.5,358.9,358.5
79,358.5,358.8,357.6,357.9,357.9,357.6,358.8,358.5
80,369.0,369.3,368.1,368.5,368.5,368.1,369.3,369.0
81,368.9,369.3,368.1,368.5,368.5,368.1,369.3,368.9
82,368.9,369.3,368.2,368.5,368.5,368.2,369.3,368.9
83,368.9,369.2,368.2,368.5,368.5,368.2,369.2,368.9
84,368.9,369.2,368.2,368.5,368.5,368.2,369.2,368.9
85,368.9,369.2,368.3,368.5,368.5,368.3,369.2,368.9
86,368.9,369.1,368.3,368.5,368.5,368.3,369.1,368.9
87,368.9,369.1,368.3,368.6,368.6,368.3,369.1,368.9
88,368.9,369.0,368.4,368.6,368.6,368.4,369.0,368.9
89,368.8,369.0,368.4,368.6,368.6,368.4,369.0,368.8
90,377.1,377.2,376.7,376.9,376.9,376.7,377.2,377.1
91,377.1,377.2,376.8,376.9,376.9,376.8,377.2,377.1
92,377.1,377.2,376.8,376.9,376.9,376.8,377.2,377.1
93,377.1,377.2,376.8,376.9,376.9,376.8,377.2,377.1
94,377.1,377.2,376.8,376.9,376.9,376.8,377.2,377.1
95,377.1,377.2,376.7,376.9,376.9,376.7,377.2,377.1
96,377.0,377.2,376.8,376.9,376.9,376.8,377.2,377.0
97,377.0,377.2,376.8,376.9,376.9,376.8,377.2,377.0
98,377.0,377.2,376.8,376.9,376.9,376.8,377.2,377.0
99,377.1,377.2,376.8,376.9,376.9,376.8,377.2,377.1
100,383.5,383.6,383.2,383.3,383.3,383.2,383.6,383.5
101,383.5,383.6,383.2,383.3,383.3,383.2,383.6,383.5
102,383.5,383.6,383.2,383.3,383.3,383.2,383.6,383.5
103,383.5,383.6,383.2,383.3,383.3,383.2,383.6,383.5
104,383.5,383.6,383.2,383.3,383.3,383.2,383.6,383.5
105,383.5,383.6,383.2,383.3,383.3,383.2,383.6,383.5
106,383.5,383.6,383.2,383.3,383.3,383.2,383.6,383.5
107,383.5,383.6,383.2,383.3,383.3,383.2,383.6,383.5
108,383.5,383.6,383.2,383.3,383.3,383.2,383.6,383.5
109,383.5,383.6,383.2,383.3,383.3,383.2,383.6,383.5
110,388.5,388.6,388.2,388.3,388.3,388.2,388.6,388.5
111,388.5,388.6,388.2,388.3,388.3,388.2,388.6,388.5
112,388.5,388.6,388.2,388.3,388.3,388.2,388.6,388.5
113,388.5,388.6,388.1,388.3,388.3,388.1,388.6,388.5
114,388.5,388.6,388.2,388.3,388.3,388.2,388.6,388.5
115,388.5,388.6,388.2,388.3,388.3,388.2,388.6,388.5
116,388.5,388.6,388.2,388.3,388.3,388.2,388.6,388.5
117,388.5,388.6,388.2,388.3,388.3,388.2,388.6,388.5
118,388.5,388.6,388.2,388.3,388.3,388.2,388.6,388.5
119,388.5,388.6,388.2,388.3,388.3,388.2,388.6,388.5
120,392.3,392.4,392.0,392.1,392.1,392.0,392.4,392.3
121,392.3,392.4,392.0,392.1,392.1,392.0,392.4,392.3
122,392.3,392.4,392.0,392.1,392.1,392.0,392.4,392.3
123,392.3,392.4,392.0,392.1,392.1,392.0,392.4,392.3
124,392.3,392.4,392.0,392.1,392.1,392.0,392.4,392.3
125,392.3,392.4,392.0,392.1,392.1,392.0,392.4,392.3
126,392.3,392.4,392.0,392.1,392.1,392.0,392.4,392.3
127,392.3,392.4,392.0,392.1,392.1,392.0,392.4,392.3
128,392.3,392.4,392.0,392.1,392.1,392.0,392.4,392.3
129,392.3,392.4,392.0,392.1,392.1,392.0,392.4,392.3
130,395.2,395.3,394.9,395.0,395.0,394.9,395.3,395.2
131,395.2,395.3,394.9,395.0,395.0,394.9,395.3,395.2
132,395.2,395.3,394.9,395.0,395.0,394.9,395.3,395.2
133,395.2,395.3,394.9,395.0,395.0,394.9,395.3,395.2
134,395.2,395.3,394.9,395.0,395.0,394.9,395.3,395.2
135,395.2,395.3,394.8,395.0,395.0,394.8,395.3,395.2
136,395.1,395.2,394.9,395.0,395.0,394.9,395.2,395.1
137,395.1,395.2,394.9,395.0,395.0,394.9,395.2,395.1
138,395.1,395.2,394.9,395.0,395.0,394.9,395.2,395.1
139,395.1,395.2,394.9,395.0,395.0,394.9,395.2,395.1
140,392.9,393.0,392.7,392.8,392.8,392.7,393.0,392.9
141,392.9,393.0,392.7,392.8,392.8,392.7,393.0,392.9
142,392.9,393.0,392.7,392.8,392.8,392.7,393.0,392.9
143,392.9,393.0,392.7,392.8,392.8,392.7,393.0,392.9
144,392.9,393.0,392.7,392.8,392.8,392.7,393.0,392.9
145,392.9,393.0,392.7,392.8,392.8,392.7,393.0,392.9
146,392.9,393.0,392.7,392.8,392.8,392.7,393.0,392.9
147,392.9,393.0,392.7,392.8,392.8,392.7,393.0,392.9
148,392.9,393.0,392.7,392.8,392.8,392.7,393.0,392.9
149,392.9,393.0,392.7,392.8,392.8,392.7,393.0,392.9
150,390.0,390.1,389.8,389.9,389.9,389.8,390.1,390.0
151,390.0,390.1,389.8,389.9,389.9,389.8,390.1,390.0
152,390.0,390.1,389.8,389.9,389.9,389.8,390.1,390.0
153,390.0,390.1,389.8,389.9,389.9,389.8,390.1,390.0
154,390.0,390.1,389.8,389.9,389.9,389.8,390.1,390.0
155,390.0,390.1,389.8,389.9,389.9,389.8,390.1,390.0
156,390.0,390.1,389.8,389.9,389.9,389.8,390.1,390.0
157,390.0,390.1,389.8,389.9,389.9,389.8,390.1,390.0
158,390.0,390.1,389.8,389.9,389.9,389.8,390.1,390.0
159,390.0,390.1,389.8,389.9,389.9,389.8,390.1,390.0
160,387.8,387.9,387.5,387.6,387.6,387.5,387.9,387.8
161,387.8,387.9,387.5,387.6,387.6,387.5,387.9,387.8
162,387.8,387.9,387.5,387.6,387.6,387.5,387.9,387.8
163,387.8,387.9,387.5,387.6,387.6,387.5,387.9,387.8
164,387.8,387.9,387.5,387.6,387.6,387.5,387.9,387.8
165,387.8,387.9,387.5,387.6,387.6,387.5,387.9,387.8
166,387.8,387.9,387.5,387.6,387.6,387.5,387.9,387.8
167,387.8,387.9,387.5,387.6,387.6,387.5,387.9,387.8
168,387.8,387.9,387.5,387.6,387.6,387.5,387.9,387.8
169,387.8,387.9,387.5,387.6,387.6,387.5,387.9,387.8
170,386.0,386.1,385.7,385.8,385.8,385.7,386.1,386.0
171,386.0,386.1,385.7,385.8,385.8,385.7,386.1,386.0
172,386.0,386.1,385.7,385.8,385.8,385.7,386.1,386.0
173,386.0,386.1,385.7,385.8,385.8,385.7,386.1,386.0
174,386.0,386.1,385.7,385.8,385.8,385.7,386.1,386.0
175,386.0,386.1,385.7,385.8,385.8,385.7,386.1,386.0
176,386.0,386.1,385.7,385.8,385.8,385.7,386.1,386.0
177,386.0,386.1,385.7,385.8,385.8,385.7,386.1,386.0
178,386.0,386.1,385.7,385.8,385.8,385.7,386.1,386.0
179,386.0,386.1,385.7,385.8,385.8,385.7,386.1,386.0
180,384.6,384.7,384.3,384.4,384.4,384.3,384.7,384.6
181,384.6,384.7,384.3,384.4,384.4,384.3,384.7,384.6
182,384.6,384.7,384.3,384.4,384.4,384.3,384.7,384.6
183,384.6,384.7,384.3,384.4,384.4,384.3,384.7,384.6
184,384.6,384.7,384.3,384.4,384.4,384.3,384.7,384.6
185,384.6,384.7,384.3,384.4,384.4,384.3,384.7,384.6
186,384.6,384.7,384.3,384.4,384.4,384.3,384.7,384.6
187,384.6,384.7,384.3,384.4,384.4,384.3,384.7,384.6
188,384.6,384.7,384.3,384.4,384.4,384.3,384.7,384.6
189,384.6,384.7,384.3,384.4,384.4,384.3,384.7,384.6
190,383.5,383.6,383.2,383.3,383.3,383.2,383.6,383.5
191,383.5,383.6,383.2,383.3,383.3,383.2,383.6,383.5
192,383.5,383.6,383.2,383.3,383.3,383.2,383.6,383.5
193,383.5,383.6,383.2,383.3,383.3,383.2,383.6,383.5
194,383.5,383.6,383.2,383.3,383.3,383.2,383.6,383.5
195,383.5,383.6,383.2,383.3,383.3,383.2,383.6,383.5
196,383.5,383.6,383.2,383.3,383.3,383.2,383.6,383.5
197,383.5,383.6,383.2,383.3,383.3,383.2,383.6,383.5
198,383.5,383.6,383.2,383.3,383.3,383.2,383.6,383.5
199,383.5,383.6,383.2,383.3,383.3,383.2,383.6,383.5
200,382.6,382.7,382.3,382.4,382.4,382.3,382.7,382.6
201,382.6,382.7,382.3,382.4,382.4,382.3,382.7,382.6
202,382.6,382.7,382.3,382.4,382.4,382.3,382.7,382.6
203,382.6,382.7,382.3,382.4,382.4,382.3,382.7,382.6
204,382.6,382.7,382.3,382.4,382.4,382.3,382.7,382.6
205,382.6,382.7,382.3,382.4,382.4,382.3,382.7,382.6
206,382.6,382.7,382.3,382.4,382.4,382.3,382.7,382.6
207,382.6,382.7,382.3,382.4,382.4,382.3,382.7,382.6
208,382.6,382.7,382.3,382.4,382.4,382.3,382.7,382.6
209,382.6,382.7,382.3,382.4,382.4,382.3,382.7,382.6
210,381.9,382.0,381.6,381.7,381.7,381.6,382.0,381.9
211,381.9,382.0,381.6,381.7,381.7,381.6,382.0,381.9
212,381.9,382.0,381.6,381.7,381.7,381.6,382.0,381.9
213,381.9,382.0,381.6,381.7,381.7,381.6,382.0,381.9
214,381.9,382.0,381.6,381.7,381.7,381.6,382.0,381.9
215,381.9,382.0,381.6,381.7,381.7,381.6,382.0,381.9
216,381.9,382.0,381.6,381.7,381.7,381.6,382.0,381.9
217,381.9,382.0,381.6,381.7,381.7,381.6,382.0,381.9
218,381.9,382.0,381.6,381.7,381.7,381.6,382.0,381.9
219,381.9,382.0,381.6,381.7,381.7,381.6,382.0,381.9
220,381.3,381.4,381.1,381.2,381.2,381.1,381.4,381.3
221,381.3,381.4,381.1,381.2,381.2,381.1,381.4,381.3
222,381.3,381.4,381.1,381.2,381.2,381.1,381.4,381.3
223,381.3,381.4,381.1,381.2,381.2,381.1,381.4,381.3
224,381.3,381.4,381.1,381.2,381.2,381.1,381.4,381.3
225,381.3,381.4,381.1,381.2,381.2,381.1,381.4,381.3
226,381.3,381.4,381.1,381.2,381.2,381.1,381.4,381.3
227,381.3,381.4,381.1,381.2,381.2,381.1,381.4,381.3
228,381.3,381.4,381.1,381.2,381.2,381.1,381.4,381.3
229,381.3,381.4,381.1,381.2,381.2,381.1,381.4,381.3
230,380.9,381.0,380.7,380.8,380.8,380.7,381.0,380.9
231,380.9,381.0,380.7,380.8,380.8,380.7,381.0,380.9
232,380.9,381.0,380.7,380.8,380.8,380.7,381.0,380.9
233,380.9,381.0,380.7,380.8,380.8,380.7,381.0,380.9
234,380.9,381.0,380.7,380.8,380.8,380.7,381.0,380.9
235,380.9,381.0,380.7,380.8,380.8,380.7,381.0,380.9
236,380.9,381.0,380.7,380.8,380.8,380.7,381.0,380.9
237,380.9,381.0,380.7,380.8,380.8,380.7,381.0,380.9
238,380.9,381.0,380.7,380.8,380.8,380.7,381.0,380.9
239,380.9,381.0,380.7,380.8,380.8,380.7,381.0,380.9
240,380.6,380.7,380.3,380.4,380.4,380.3,380.7,380.6
241,380.6,380.7,380.3,380.4,380.4,380.3,380.7,380.6
242,380.6,380.7,380.3,380.4,380.4,380.3,380.7,380.6
243,380.6,380.7,380.3,380.4,380.4,380.3,380.7,380.6
244,380.6,380.7,380.3,380.4,380.4,380.3,380.7,380.6
245,380.6,380.7,380.3,380.4,380.4,380.3,380.7,380.6
246,380.6,380.7,380.3,380.4,380.4,380.3,380.7,380.6
247,380.6,380.7,380.3,380.4,380.4,380.3,380.7,380.6
248,380.6,380.7,380.3,380.4,380.4,380.3,380.7,380.6
249,380.6,380.7,380.3,380.4,380.4,380.3,380.7,380.6
250,380.3,380.4,380.1,380.2,380.2,380.1,380.4,380.3
251,380.3,380.4,380.1,380.2,380.2,380.1,380.4,380.3
252,380.3,380.4,380.1,380.2,380.2,380.1,380.4,380.3
253,380.3,380.4,380.1,380.2,380.2,380.1,380.4,380.3
254,380.3,380.4,380.1,380.2,380.2,380.1,380.4,380.3
255,380.3,380.4,380.1,380.2,380.2,380.1,380.4,380.3
256,380.3,380.4,380.1,380.2,380.2,380.1,380.4,380.3
257,380.3,380.4,380.1,380.2,380.2,380.1,380.4,380.3
258,380.3,380.4,380.1,380.2,380.2,380.1,380.4,380.3
259,380.3,380.4,380.1,380.2,380.2,380.1,380.4,380.3
260,380.1,380.2,379.9,380.0,380.0,379.9,380.2,380.1
261,380.1,380.2,379.9,380.0,380.0,379.9,380.2,380.1
262,380.1,380.2,379.9,380.0,380.0,379.9,380.2,380.1
263,380.1,380.2,379.9,380.0,380.0,379.9,380.2,380.1
264,380.1,380.2,379.9,380.0,380.0,379.9,380.2,380.1
265,380.1,380.2,379.9,380.0,380.0,379.9,380.2,380.1
266,380.1,380.2,379.9,380.0,380.0,379.9,380.2,380.1
267,380.1,380.2,379.9,380.0,380.0,379.9,380.2,380.1
268,380.1,380.2,379.9,380.0,380.0,379.9,380.2,380.1
269,380.1,380.2,379.9,380.0,380.0,379.9,380.2,380.1
270,380.0,380.1,379.7,379.8,379.8,379.7,380.1,380.0
271,380.0,380.1,379.7,379.8,379.8,379.7,380.1,380.0
272,380.0,380.1,379.7,379.8,379.8,379.7,380.1,380.0
273,380.0,380.1,379.7,379.8,379.8,379.7,380.1,380.0
274,380.0,380.1,379.7,379.8,379.8,379.7,380.1,380.0
275,380.0,380.1,379.7,379.8,379.8,379.7,380.1,380.0
276,380.0,380.1,379.7,379.8,379.8,379.7,380.1,380.0
277,380.0,380.1,379.7,379.8,379.8,379.7,380.1,380.0
278,380.0,380.1,379.7,379.8,379.8,379.7,380.1,380.0
279,380.0,380.1,379.7,379.8,379.8,379.7,380.1,380.0
280,379.9,380.0,379.6,379.7,379.7,379.6,380.0,379.9
281,379.9,380.0,379.6,379.7,379.7,379.6,380.0,379.9
282,379.9,380.0,379.6,379.7,379.7,379.6,380.0,379.9
283,379.9,380.0,379.6,379.7,379.7,379.6,380.0,379.9
284,379.9,380.0,379.6,379.7,379.7,379.6,380.0,379.9
285,379.9,380.0,379.6,379.7,379.7,379.6,380.0,379.9
286,379.9,380.0,379.6,379.7,379.7,379.6,380.0,379.9
287,379.9,380.0,379.6,379.7,379.7,379.6,380.0,379.9
288,379.9,380.0,379.6,379.7,379.7,379.6,380.0,379.9
289,379.9,380.0,379.6,379.7,379.7,379.6,380.0,379.9
290,379.7,379.8,379.5,379.6,379.6,379.5,379.8,379.7
291,379.7,379.8,379.5,379.6,379.6,379.5,379.8,379.7
292,379.7,379.8,379.5,379.6,379.6,379.5,379.8,379.7
293,379.7,379.8,379.5,379.6,379.6,379.5,379.8,379.7
294,379.7,379.8,379.5,379.6,379.6,379.5,379.8,379.7
295,379.7,379.8,379.5,379.6,379.6,379.5,379.8,379.7
296,379.7,379.8,379.5,379.6,379.6,379.5,379.8,379.7
297,379.7,379.8,379.5,379.6,379.6,379.5,379.8,379.7
298,379.7,379.8,379.5,379.6,379.6,379.5,379.8,379.7
299,379.7,379.8,379.5,379.6,379.6,379.5,379.8,379.7
300,379.7,379.8,379.4,379.5,379.5,379.4,379.8,379.7
301,379.7,379.8,379.4,379.5,379.5,379.4,379.8,379.7
302,379.7,379.8,379.4,379.5,379.5,379.4,379.8,379.7
303,379.7,379.8,379.4,379.5,379.5,379.4,379.8,379.7
304,379.7,379.8,379.4,379.5,379.5,379.4,379.8,379.7
305,379.7,379.8,379.4,379.5,379.5,379.4,379.8,379.7
306,379.7,379.8,379.4,379.5,379.5,379.4,379.8,379.7
307,379.7,379.8,379.4,379.5,379.5,379.4,379.8,379.7
308,379.7,379.8,379.4,379.5,379.5,379.4,379.8,379.7
309,379.7,379.8,379.4,379.5,379.5,379.4,379.8,379.7
310,379.6,379.7,379.4,379.5,379.5,379.4,379.7,379.6
311,379.6,379.7,379.4,379.5,379.5,379.4,379.7,379.6
312,379.6,379.7,379.4,379.5,379.5,379.4,379.7,379.6
313,379.6,379.7,379.4,379.5,379.5,379.4,379.7,379.6
314,379.6,379.7,379.4,379.5,379.5,379.4,379.7,379.6
315,379.6,379.7,379.4,379.5,379.5,379.4,379.7,379.6
316,379.6,379.7,379.4,379.5,379.5,379.4,379.7,379.6
317,379.6,379.7,379.4,379.5,379.5,379.4,379.7,379.6
318,379.6,379.7,379.4,379.5,379.5,379.4,379.7,379.6
319,379.6,379.7,379.4,379.5,379.5,379.4,379.7,379.6
320,379.6,379.7,379.3,379.4,379.4,379.3,379.7,379.6
321,379.6,379.7,379.3,379.4,379.4,379.3,379.7,379.6
322,379.6,379.7,379.3,379.4,379.4,379.3,379.7,379.6
323,379.6,379.7,379.3,379.4,379.4,379.3,379.7,379.6
324,379.6,379.7,379.3,379.4,379.4,379.3,379.7,379.6
325,379.6,379.7,379.3,379.4,379.4,379.3,379.7,379.6
326,379.6,379.7,379.3,379.4,379.4,379.3,379.7,379.6
327,379.6,379.7,379.3,379.4,379.4,379.3,379.7,379.6
328,379.6,379.7,379.3,379.4,379.4,379.3,379.7,379.6
329,379.6,379.7,379.3,379.4,379.4,379.3,379.7,379.6
330,379.5,379.6,379.3,379.4,379.4,379.3,379.6,379.5
331,379.5,379.6,379.3,379.4,379.4,379.3,379.6,379.5
332,379.5,379.6,379.3,379.4,379.4,379.3,379.6,379.5
333,379.5,379.6,379.3,379.4,379.4,379.3,379.6,379.5
334,379.5,379.6,379.3,379.4,379.4,379.3,379.6,379.5
335,379.5,379.6,379.3,379.4,379.4,379.3,379.6,379.5
336,379.5,379.6,379.3,379.4,379.4,379.3,379.6,379.5
337,379.5,379.6,379.3,379.4,379.4,379.3,379.6,379.5
338,379.5,379.6,379.3,379.4,379.4,379.3,379.6,379.5
339,379.5,379.6,379.3,379.4,379.4,379.3,379.6,379.5
340,379.5,379.6,379.2,379.4,379.4,379.2,379.6,379.5
341,379.5,379.6,379.2,379.4,379.4,379.2,379.6,379.5
342,379.5,379.6,379.2,379.4,379.4,379.2,379.6,379.5
343,379.5,379.6,379.2,379.4,379.4,379.2,379.6,379.5
344,379.5,379.6,379.2,379.4,379.4,379.2,379.6,379.5
345,379.5,379.6,379.2,379.4,379.4,379.2,379.6,379.5
346,379.5,379.6,379.2,379.4,379.4,379.2,379.6,379.5
347,379.5,379.6,379.2,379.4,379.4,379.2,379.6,379.5
348,379.5,379.6,379.2,379.4,379.4,379.2,379.6,379.5
349,379.5,379.6,379.2,379.4,379.4,379.2,379.6,379.5
350,379.5,379.6,379.2,379.3,379.3,379.2,379.6,379.5
351,379.5,379.6,379.2,379.3,379.3,379.2,379.6,379.5
352,379.5,379.6,379.2,379.3,379.3,379.2,379.6,379.5
353,379.5,379.6,379.2,379.3,379.3,379.2,379.6,379.5
354,379.5,379.6,379.2,379.3,379.3,379.2,379.6,379.5
355,379.5,379.6,379.2,379.3,379.3,379.2,379.6,379.5
356,379.5,379.6,379.2,379.3,379.3,379.2,379.6,379.5
357,379.5,379.6,379.2,379.3,379.3,379.2,379.6,379.5
358,379.5,379.6,379.2,379.3,379.3,379.2,379.6,379.5
359,379.5,379.6,379.2,379.3,379.3,379.2,379.6,379.5
360,379.5,379.6,379.2,379.3,379.3,379.2,379.6,379.5
361,379.5,379.6,379.2,379.3,379.3,379.2,379.6,379.5
362,379.5,379.6,379.2,379.3,379.3,379.2,379.6,379.5
363,379.5,379.6,379.2,379.3,379.3,379.2,379.6,379.5
364,379.5,379.6,379.2,379.3,379.3,379.2,379.6,379.5
365,379.5,379.6,379.2,379.3,379.3,379.2,379.6,379.5
366,379.5,379.6,379.2,379.3,379.3,379.2,379.6,379.5
367,379.5,379.6,379.2,379.3,379.3,379.2,379.6,379.5
368,379.5,379.6,379.2,379.3,379.3,379.2,379.6,379.5
369,379.5,379.6,379.2,379.3,379.3,379.2,379.6,379.5
370,379.5,379.6,379.2,379.3,379.3,379.2,379.6,379.5
371,379.5,379.6,379.2,379.3,379.3,379.2,379.6,379.5
372,379.5,379.6,379.2,379.3,379.3,379.2,379.6,379.5
373,379.5,379.6,379.2,379.3,379.3,379.2,379.6,379.5
374,379.5,379.6,379.2,379.3,379.3,379.2,379.6,379.5
375,379.5,379.6,379.2,379.3,379.3,379.2,379.6,379.5
376,379.5,379.6,379.2,379.3,379.3,379.2,379.6,379.5
377,379.5,379.6,379.2,379.3,379.3,379.2,379.6,379.5
378,379.5,379.6,379.2,379.3,379.3,379.2,379.6,379.5
379,379.5,379.6,379.2,379.3,379.3,379.2,379.6,379.5
380,379.5,379.6,379.2,379.3,379.3,379.2,379.6,379.5
381,379.5,379.6,379.2,379.3,379.3,379.2,379.6,379.5
382,379.5,379.6,379.2,379.3,379.3,379.2,379.6,379.5
383,379.5,379.6,379.2,379.3,379.3,379.2,379.6,379.5
384,379.5,379.6,379.2,379.3,379.3,379.2,379.6,379.5
385,379.5,379.6,379.2,379.3,379.3,379.2,379.6,379.5
386,379.5,379.6,379.2,379.3,379.3,379.2,379.6,379.5
387,379.5,379.6,379.2,379.3,379.3,379.2,379.6,379.5
388,379.5,379.6,379.2,379.3,379.3,379.2,379.6,379.5
389,379.5,379.6,379.2,379.3,379.3,379.2,379.6,379.5
390,379.5,379.6,379.2,379.3,379.3,379.2,379.6,379.5
391,379.5,379.6,379.2,379.3,379.3,379.2,379.6,379.5
392,379.5,379.6,379.2,379.3,379.3,379.2,379.6,379.5
393,379.5,379.6,379.2,379.3,379.3,379.2,379.6,379.5
394,379.5,379.6,379.2,379.3,379.3,379.2,379.6,379.5
395,379.5,379.6,379.2,379.3,379.3,379.2,379.6,379.5
396,379.5,379.6,379.2,379.3,379.3,379.2,379.6,379.5
397,379.5,379.6,379.2,379.3,379.3,379.2,379.6,379.5
398,379.5,379.6,379.2,379.3,379.3,379.2,379.6,379.5
399,379.5,379.6,379.2,379.3,379.3,379.2,379.6,379.5
400,379.4,379.6,379.2,379.3,379.3,379.2,379.6,379.4
401,379.4,379.6,379.2,379.3,379.3,379.2,379.6,379.4
402,379.4,379.6,379.2,379.3,379.3,379.2,379.6,379.4
403,379.5,379.7,379.0,379.2,379.2,379.0,379.7,379.5
404,379.8,380.4,378.3,378.9,378.9,378.3,380.4,379.8
405,380.1,381.0,377.7,378.7,378.7,377.7,381.0,380.1
406,380.3,381.6,377.1,378.5,378.5,377.1,381.6,380.3
407,380.5,382.1,376.7,378.3,378.3,376.7,382.1,380.5
408,380.7,382.5,376.2,378.1,378.1,376.2,382.5,380.7
409,380.8,382.9,375.8,377.9,377.9,375.8,382.9,380.8
410,381.0,383.3,375.4,377.7,377.7,375.4,383.3,381.0
411,381.1,383.6,375.0,377.6,377.6,375.0,383.6,381.1
412,381.3,383.9,374.7,377.4,377.4,374.7,383.9,381.3
413,381.4,384.2,374.4,377.3,377.3,374.4,384.2,381.4
414,381.5,384.5,374.2,377.2,377.2,374.2,384.5,381.5
415,381.6,384.7,373.9,377.1,377.1,373.9,384.7,381.6
416,381.7,384.9,373.7,377.0,377.0,373.7,384.9,381.7
417,381.7,385.1,373.6,377.0,377.0,373.6,385.1,381.7
418,381.8,385.2,373.4,376.9,376.9,373.4,385.2,381.8
419,381.9,385.4,373.2,376.8,376.8,373.2,385.4,381.9
420,381.6,385.2,372.9,376.5,376.5,372.9,385.2,381.6
421,381.6,385.2,372.8,376.5,376.5,372.8,385.2,381.6
422,381.7,385.3,372.7,376.4,376.4,372.7,385.3,381.7
423,381.7,385.3,372.7,376.4,376.4,372.7,385.3,381.7
424,381.7,385.4,372.7,376.4,376.4,372.7,385.4,381.7
425,381.7,385.3,372.7,376.4,376.4,372.7,385.3,381.7
426,381.6,385.3,372.7,376.5,376.5,372.7,385.3,381.6
427,381.6,385.2,372.8,376.5,376.5,372.8,385.2,381.6
428,381.5,385.0,373.0,376.6,376.6,373.0,385.0,381.5
429,381.5,384.9,373.2,376.6,376.6,373.2,384.9,381.5
430,380.2,383.5,372.2,375.5,375.5,372.2,383.5,380.2
431,380.1,383.2,372.5,375.7,375.7,372.5,383.2,380.1
432,380.0,382.9,372.8,375.8,375.8,372.8,382.9,380.0
433,379.8,382.5,373.2,375.9,375.9,373.2,382.5,379.8
434,379.6,382.1,373.6,376.1,376.1,373.6,382.1,379.6
435,379.4,381.6,374.1,376.3,376.3,374.1,381.6,379.4
436,379.2,381.1,374.7,376.6,376.6,374.7,381.1,379.2
437,379.0,380.5,375.3,376.8,376.8,375.3,380.5,379.0
438,378.7,379.9,375.9,377.1,377.1,375.9,379.9,378.7
439,378.5,379.2,376.5,377.3,377.3,376.5,379.2,378.5
440,375.9,376.3,375.0,375.4,375.4,375.0,376.3,375.9
441,375.6,375.6,375.7,375.7,375.7,375.7,375.6,375.6
442,375.3,374.8,376.5,376.0,376.0,376.5,374.8,375.3
443,375.0,374.0,377.3,376.3,376.3,377.3,374.0,375.0
444,374.6,373.2,378.1,376.7,376.7,378.1,373.2,374.6
445,374.3,372.3,378.9,377.0,377.0,378.9,372.3,374.3
446,374.0,371.5,379.7,377.3,377.3,379.7,371.5,374.0
447,373.6,370.7,380.5,377.7,377.7,380.5,370.7,373.6
448,373.3,369.9,381.3,378.0,378.0,381.3,369.9,373.3
449,373.0,369.2,382.0,378.3,378.3,382.0,369.2,373.0
450,370.1,365.9,380.2,376.0,376.0,380.2,365.9,370.1
451,369.9,365.3,380.8,376.3,376.3,380.8,365.3,369.9
452,369.6,364.7,381.3,376.5,376.5,381.3,364.7,369.6
453,369.4,364.2,381.8,376.7,376.7,381.8,364.2,369.4
454,369.3,363.8,382.2,376.9,376.9,382.2,363.8,369.3
455,369.2,363.5,382.5,377.0,377.0,382.5,363.5,369.2
456,369.1,363.2,382.7,377.1,377.1,382.7,363.2,369.1
457,369.0,363.1,382.8,377.2,377.2,382.8,363.1,369.0
458,369.0,363.1,382.9,377.2,377.2,382.9,363.1,369.0
459,369.0,363.1,382.8,377.2,377.2,382.8,363.1,369.0
460,367.1,361.3,380.8,375.2,375.2,380.8,361.3,367.1
461,367.2,361.6,380.6,375.1,375.1,380.6,361.6,367.2
462,367.4,361.9,380.3,375.0,375.0,380.3,361.9,367.4
463,367.5,362.2,379.9,374.8,374.8,379.9,362.2,367.5
464,367.7,362.7,379.5,374.7,374.7,379.5,362.7,367.7
465,367.9,363.2,379.0,374.5,374.5,379.0,363.2,367.9
466,368.1,363.8,378.5,374.2,374.2,378.5,363.8,368.1
467,368.4,364.4,377.9,374.0,374.0,377.9,364.4,368.4
468,368.6,365.0,377.3,373.7,373.7,377.3,365.0,368.6
469,368.9,365.6,376.7,373.5,373.5,376.7,365.6,368.9
470,367.9,365.0,374.8,371.9,371.9,374.8,365.0,367.9
471,368.1,365.6,374.2,371.7,371.7,374.2,365.6,368.1
472,368.4,366.3,373.5,371.4,371.4,373.5,366.3,368.4
473,368.7,366.9,372.9,371.2,371.2,372.9,366.9,368.7
474,368.9,367.5,372.3,370.9,370.9,372.3,367.5,368.9
475,369.1,368.1,371.8,370.7,370.7,371.8,368.1,369.1
476,369.4,368.6,371.2,370.4,370.4,371.2,368.6,369.4
477,369.6,369.1,370.7,370.2,370.2,370.7,369.1,369.6
478,369.8,369.6,370.2,370.0,370.0,370.2,369.6,369.8
479,370.0,370.1,369.7,369.8,369.8,369.7,370.1,370.0
480,369.1,369.4,368.2,368.6,368.6,368.2,369.4,369.1
481,369.2,369.8,367.9,368.4,368.4,367.9,369.8,369.2
482,369.3,370.1,367.6,368.3,368.3,367.6,370.1,369.3
483,369.5,370.3,367.3,368.2,368.2,367.3,370.3,369.5
484,369.6,370.6,367.1,368.1,368.1,367.1,370.6,369.6
485,369.6,370.7,366.9,368.0,368.0,366.9,370.7,369.6
486,369.7,370.9,366.8,368.0,368.0,366.8,370.9,369.7
487,369.7,371.0,366.6,367.9,367.9,366.6,371.0,369.7
488,369.8,371.1,366.5,367.9,367.9,366.5,371.1,369.8
489,369.8,371.2,366.5,367.8,367.8,366.5,371.2,369.8
490,368.8,370.2,365.4,366.8,366.8,365.4,370.2,368.8
491,368.8,370.2,365.4,366.8,366.8,365.4,370.2,368.8
492,368.8,370.2,365.4,366.8,366.8,365.4,370.2,368.8
493,368.8,370.2,365.5,366.9,366.9,365.5,370.2,368.8
494,368.8,370.1,365.5,366.9,366.9,365.5,370.1,368.8
495,368.7,370.0,365.6,366.9,366.9,365.6,370.0,368.7
496,368.7,370.0,365.7,366.9,366.9,365.7,370.0,368.7
497,368.7,369.9,365.7,367.0,367.0,365.7,369.9,368.7
498,368.7,369.8,365.8,367.0,367.0,365.8,369.8,368.7
499,368.6,369.8,365.9,367.0,367.0,365.9,369.8,368.6
500,367.8,368.8,365.2,366.3,366.3,365.2,368.8,367.8
501,0.0,368.7,365.3,366.3,366.3,365.3,368.7,367.7
502,0.0,367.3,370.1,365.1,366.2,357.2,373.2,359.5
503,0.0,367.7,373.2,365.6,364.3,350.5,376.1,352.7
504,0.0,369.4,375.1,367.5,361.0,345.0,377.7,347.0
505,0.0,372.6,375.5,370.9,356.1,341.0,377.8,342.8
506,0.0,377.4,374.1,376.0,349.3,339.0,376.1,340.6
507,0.0,383.8,371.0,382.6,340.6,339.0,372.7,340.3
508,0.0,391.7,366.0,390.6,329.9,341.0,367.6,342.2
509,0.0,399.7,360.4,398.9,318.6,343.9,361.7,344.9
510,0.0,411.9,359.4,411.2,313.0,352.5,360.6,353.4
511,0.0,420.3,352.5,419.7,300.2,357.0,353.4,357.6
512,0.0,427.9,345.8,427.4,287.9,361.2,346.5,361.7
513,0.0,434.3,340.1,433.9,276.9,364.5,340.7,364.9
514,0.0,440.0,334.7,439.8,266.4,367.7,335.1,368.0
515,0.0,444.2,331.1,444.2,258.3,369.5,331.2,369.6
516,0.0,447.0,328.5,446.9,252.9,370.7,328.7,370.8
517,0.0,448.4,326.7,447.8,250.7,371.3,327.9,372.0
518,0.0,448.9,326.1,447.9,249.9,371.0,328.1,372.3
519,0.0,448.7,326.5,447.3,250.6,370.0,329.2,371.7
520,0.0,452.6,333.9,450.9,260.2,374.0,337.1,376.0
521,0.0,451.5,335.5,449.7,262.0,372.1,339.0,374.3
522,0.0,450.1,337.6,448.0,264.5,369.7,341.4,372.1
523,0.0,447.9,340.7,445.8,268.1,366.6,344.6,369.1
524,0.0,445.3,344.2,443.2,272.3,363.0,348.2,365.6
525,0.0,443.3,347.1,441.1,275.5,359.9,351.1,362.6
526,0.0,440.9,350.4,438.7,279.1,356.5,354.3,359.2
527,0.0,438.4,353.9,436.2,282.9,352.8,357.6,355.5
528,0.0,435.6,357.6,433.5,286.9,348.8,361.2,351.5
529,0.0,433.6,360.4,431.6,289.7,345.8,363.8,348.3
530,0.0,437.9,371.4,436.0,302.6,350.5,374.6,352.9
531,0.0,436.8,373.2,435.0,303.9,348.3,376.2,350.5
532,0.0,435.5,375.2,433.8,305.4,345.7,378.0,347.9
533,0.0,435.0,376.3,433.3,305.9,344.1,379.0,346.2
534,0.0,433.9,378.0,432.3,307.2,341.9,380.5,343.9
535,0.0,432.5,380.0,431.1,308.8,339.5,382.3,341.3
536,0.0,431.0,382.2,429.7,310.6,336.8,384.2,338.4
537,0.0,429.2,384.6,428.1,312.8,333.9,386.3,335.2
538,0.0,427.2,387.3,426.3,315.1,330.6,388.7,331.8
539,0.0,426.5,388.5,425.8,315.7,329.0,389.6,329.9
540,0.0,434.5,400.5,434.1,329.6,338.8,401.2,339.4
541,0.0,435.9,399.6,435.6,327.4,339.5,400.1,339.9
542,0.0,436.3,399.7,436.2,326.4,339.2,399.8,339.3
543,0.0,436.3,400.2,436.4,326.2,338.3,400.1,338.2
544,0.0,435.6,401.4,435.9,326.7,336.8,400.9,336.4
545,0.0,434.9,402.6,435.5,327.3,335.3,401.7,334.6
546,0.0,433.5,404.5,434.4,328.7,333.1,403.1,331.9
547,0.0,432.1,406.4,433.2,330.3,330.7,404.7,329.2
548,0.0,430.5,408.5,432.0,332.0,328.2,406.3,326.3
549,0.0,428.8,410.6,430.6,333.8,325.7,408.0,323.3
550,0.0,441.0,423.3,443.1,348.4,341.2,420.2,338.5
551,0.0,444.1,420.7,446.4,344.1,344.1,417.3,341.1
552,0.0,445.3,419.8,447.9,342.0,345.1,415.9,341.8
553,0.0,445.3,420.3,448.3,341.6,344.7,415.8,340.9
554,0.0,445.4,420.6,448.8,341.1,344.6,415.5,340.2
555,0.0,444.8,421.5,448.6,341.4,343.8,415.8,338.8
556,0.0,443.4,423.3,447.8,342.8,342.1,416.9,336.4
557,0.0,442.1,425.1,446.9,344.1,340.5,417.9,334.1
558,0.0,440.7,426.8,446.2,345.3,339.0,418.8,331.8
559,0.0,439.5,428.4,445.5,346.5,337.6,419.5,329.6
560,0.0,454.5,443.6,460.9,364.2,357.3,434.1,349.0
561,0.0,460.5,437.8,467.3,356.1,364.5,427.6,355.8
562,0.0,463.1,435.4,470.4,352.2,368.0,424.2,358.6
563,0.0,462.5,436.4,470.6,352.4,368.0,423.9,357.5
564,0.0,460.8,438.5,469.9,354.0,366.9,424.6,355.2
565,0.0,459.2,440.4,469.3,355.4,366.1,425.0,353.0
566,0.0,459.3,440.6,470.5,354.6,367.6,423.4,353.1
567,0.0,456.5,443.6,469.1,357.3,366.0,424.6,349.8
568,0.0,457.9,442.4,470.6,355.3,367.5,423.1,351.1
569,0.0,457.8,442.7,468.7,356.4,363.8,426.1,349.5
570,0.0,476.8,459.7,485.8,377.9,384.4,446.2,372.9
571,0.0,495.1,440.5,501.8,354.6,402.2,429.7,393.9
572,0.0,493.3,442.7,498.9,357.6,397.6,433.8,390.6
573,0.0,494.5,441.6,498.8,356.6,396.5,434.6,391.0
574,0.0,495.1,441.1,498.4,356.2,395.0,435.8,390.8
575,0.0,495.1,441.3,497.5,356.6,392.8,437.5,389.8
576,0.0,494.2,442.5,495.8,358.2,389.8,440.0,387.8
577,0.0,492.3,444.8,493.1,361.2,385.5,443.6,384.5
578,0.0,494.8,442.3,494.8,358.1,386.7,442.3,386.7
579,0.0,490.7,447.0,490.2,363.9,380.2,447.7,380.8
580,0.0,517.1,463.0,515.8,383.4,411.6,465.1,413.2
581,0.0,547.4,427.2,544.6,339.5,445.4,432.3,448.9
582,0.0,508.4,473.0,506.6,394.9,398.6,475.8,400.9
583,0.0,557.2,415.1,553.3,323.7,454.2,422.4,459.0
584,0.0,482.1,500.3,480.6,426.2,364.0,502.3,366.0
585,0.0,598.6,353.6,592.8,240.1,499.2,367.2,506.1
586,0.0,353.0,598.6,356.5,536.4,172.6,595.7,165.3
587,0.0,670.0,0.0,670.0,0.0,670.0,0.0,670.0
588,0.0,670.0,0.0,670.0,0.0,670.0,0.0,670.0
589,0.0,670.0,0.0,670.0,0.0,670.0,0.0,670.0
590,0.0,670.0,0.0,670.0,0.0,670.0,0.0,670.0
591,0.0,670.0,0.0,670.0,0.0,670.0,0.0,670.0
592,0.0,670.0,0.0,670.0,0.0,670.0,0.0,670.0
593,0.0,670.0,0.0,670.0,0.0,670.0,0.0,670.0
594,0.0,670.0,0.0,670.0,0.0,670.0,0.0,670.0
595,0.0,670.0,0.0,670.0,0.0,670.0,0.0,670.0
596,0.0,670.0,0.0,670.0,0.0,670.0,0.0,670.0
597,0.0,670.0,0.0,670.0,0.0,670.0,0.0,670.0
598,0.0,670.0,0.0,670.0,0.0,670.0,0.0,670.0
599,0.0,670.0,0.0,670.0,0.0,670.0,0.0,670.0
600,0.0,670.0,0.0,670.0,0.0,670.0,0.0,670.0
601,0.0,670.0,0.0,670.0,0.0,670.0,0.0,670.0
602,0.0,670.0,0.0,670.0,0.0,670.0,0.0,670.0
603,0.0,670.0,0.0,670.0,0.0,670.0,0.0,670.0
604,0.0,670.0,0.0,670.0,0.0,670.0,0.0,670.0
605,0.0,670.0,0.0,670.0,0.0,670.0,0.0,670.0
606,0.0,670.0,0.0,670.0,0.0,670.0,0.0,670.0
607,0.0,670.0,0.0,670.0,0.0,670.0,0.0,670.0
608,0.0,670.0,0.0,670.0,0.0,670.0,0.0,670.0
609,0.0,670.0,0.0,670.0,0.0,670.0,0.0,670.0
610,0.0,670.0,0.0,670.0,0.0,670.0,0.0,670.0
611,0.0,670.0,0.0,670.0,0.0,670.0,0.0,670.0
612,0.0,670.0,0.0,670.0,0.0,670.0,0.0,670.0
613,0.0,670.0,0.0,670.0,0.0,670.0,0.0,670.0
614,0.0,670.0,0.0,670.0,0.0,670.0,0.0,670.0
615,0.0,670.0,0.0,670.0,0.0,670.0,0.0,670.0
616,0.0,670.0,0.0,670.0,0.0,670.0,0.0,670.0
617,0.0,670.0,0.0,670.0,0.0,670.0,0.0,670.0
618,0.0,670.0,0.0,670.0,0.0,670.0,0.0,670.0
619,0.0,670.0,0.0,670.0,0.0,670.0,0.0,670.0
620,0.0,670.0,0.0,670.0,0.0,670.0,0.0,670.0
621,0.0,670.0,0.0,670.0,0.0,670.0,0.0,670.0
622,0.0,670.0,0.0,670.0,0.0,670.0,0.0,670.0
623,0.0,670.0,0.0,670.0,0.0,670.0,0.0,670.0
624,0.0,670.0,0.0,670.0,0.0,670.0,0.0,670.0
625,0.0,670.0,0.0,670.0,0.0,670.0,0.0,670.0
626,0.0,670.0,0.0,670.0,0.0,670.0,0.0,670.0
627,0.0,670.0,0.0,670.0,0.0,670.0,0.0,670.0
628,0.0,670.0,0.0,670.0,0.0,670.0,0.0,670.0
629,0.0,670.0,0.0,670.0,0.0,670.0,0.0,670.0
630,0.0,670.0,0.0,670.0,0.0,670.0,0.0,670.0
631,0.0,670.0,0.0,670.0,0.0,670.0,0.0,670.0
632,0.0,670.0,0.0,670.0,0.0,670.0,0.0,670.0
633,0.0,670.0,0.0,670.0,0.0,670.0,0.0,670.0
634,0.0,670.0,0.0,670.0,0.0,670.0,0.0,670.0
635,0.0,670.0,0.0,670.0,0.0,670.0,0.0,670.0
636,0.0,670.0,0.0,670.0,0.0,670.0,0.0,670.0
637,0.0,670.0,0.0,670.0,0.0,670.0,0.0,670.0
638,0.0,670.0,0.0,670.0,0.0,670.0,0.0,670.0
639,0.0,670.0,0.0,670.0,0.0,670.0,0.0,670.0
640,0.0,670.0,0.0,670.0,0.0,670.0,0.0,670.0
641,0.0,670.0,0.0,670.0,0.0,670.0,0.0,670.0
642,0.0,670.0,0.0,670.0,0.0,670.0,0.0,670.0
643,0.0,670.0,0.0,670.0,0.0,670.0,0.0,670.0
644,0.0,670.0,0.0,670.0,0.0,670.0,0.0,670.0
645,0.0,670.0,0.0,670.0,0.0,670.0,0.0,670.0
646,0.0,670.0,0.0,670.0,0.0,670.0,0.0,670.0
647,0.0,670.0,0.0,670.0,0.0,670.0,0.0,670.0
648,0.0,670.0,0.0,670.0,0.0,670.0,0.0,670.0
649,0.0,670.0,0.0,670.0,0.0,670.0,0.0,670.0
650,0.0,670.0,0.0,670.0,0.0,670.0,0.0,670.0
651,0.0,670.0,0.0,670.0,0.0,670.0,0.0,670.0
652,0.0,670.0,0.0,670.0,0.0,670.0,0.0,670.0
653,0.0,670.0,0.0,670.0,0.0,670.0,0.0,670.0
654,0.0,670.0,0.0,670.0,0.0,670.0,0.0,670.0
655,0.0,670.0,0.0,670.0,0.0,670.0,0.0,670.0
656,0.0,670.0,0.0,670.0,0.0,670.0,0.0,670.0
657,0.0,670.0,0.0,670.0,0.0,670.0,0.0,670.0
658,0.0,670.0,0.0,670.0,0.0,670.0,0.0,670.0
659,0.0,670.0,0.0,670.0,0.0,670.0,0.0,670.0
660,0.0,670.0,0.0,670.0,0.0,670.0,0.0,670.0
661,0.0,670.0,0.0,670.0,0.0,670.0,0.0,670.0
662,0.0,651.8,526.9,511.6,663.9,573.8,670.0,670.0
663,0.0,0.0,670.0,0.0,670.0,0.0,670.0,0.0
664,0.0,0.0,670.0,0.0,670.0,0.0,670.0,0.0
665,0.0,0.0,670.0,0.0,670.0,0.0,670.0,0.0
666,0.0,0.0,670.0,0.0,670.0,0.0,670.0,0.0
667,0.0,0.0,670.0,0.0,670.0,0.0,670.0,0.0
668,0.0,0.0,670.0,0.0,670.0,0.0,670.0,0.0
669,0.0,0.0,670.0,0.0,670.0,0.0,670.0,0.0
670,0.0,670.0,155.7,670.0,118.0,670.0,391.5,670.0
671,0.0,670.0,0.0,670.0,0.0,670.0,0.0,670.0
672,0.0,670.0,0.0,670.0,0.0,670.0,0.0,670.0
673,0.0,670.0,0.0,670.0,0.0,670.0,0.0,670.0
674,0.0,670.0,0.0,670.0,0.0,670.0,0.0,670.0
675,0.0,670.0,0.0,670.0,0.0,670.0,0.0,670.0
676,0.0,670.0,0.0,670.0,0.0,670.0,0.0,670.0
677,0.0,670.0,0.0,670.0,0.0,670.0,0.0,670.0
678,0.0,670.0,0.0,670.0,0.0,670.0,0.0,670.0
679,0.0,670.0,0.0,670.0,0.0,670.0,0.0,670.0
680,0.0,670.0,0.0,670.0,0.0,670.0,0.0,670.0
681,0.0,670.0,0.0,670.0,0.0,670.0,0.0,670.0
682,0.0,670.0,0.0,670.0,0.0,670.0,0.0,670.0
683,0.0,670.0,0.0,670.0,0.0,670.0,0.0,670.0
684,0.0,670.0,0.0,670.0,0.0,670.0,0.0,670.0
685,0.0,670.0,0.0,670.0,0.0,670.0,0.0,670.0
686,0.0,670.0,0.0,670.0,0.0,670.0,0.0,670.0
687,0.0,670.0,0.0,670.0,0.0,670.0,0.0,670.0
688,0.0,670.0,0.0,670.0,0.0,670.0,0.0,670.0
689,0.0,670.0,0.0,670.0,0.0,670.0,0.0,670.0
690,0.0,670.0,0.0,670.0,0.0,670.0,0.0,670.0
691,0.0,670.0,0.0,670.0,0.0,670.0,0.0,670.0
692,0.0,670.0,0.0,670.0,0.0,670.0,0.0,670.0
693,0.0,670.0,0.0,670.0,0.0,670.0,0.0,670.0
694,0.0,670.0,0.0,670.0,0.0,670.0,0.0,670.0
695,0.0,670.0,0.0,670.0,0.0,670.0,0.0,670.0
696,0.0,670.0,0.0,670.0,0.0,670.0,0.0,670.0
697,0.0,670.0,0.0,670.0,0.0,670.0,0.0,670.0
698,0.0,670.0,0.0,670.0,0.0,670.0,0.0,670.0
699,0.0,670.0,0.0,670.0,0.0,670.0,0.0,670.0
700,0.0,670.0,0.0,670.0,0.0,670.0,0.0,670.0
701,0.0,670.0,0.0,670.0,0.0,670.0,0.0,670.0
702,0.0,670.0,0.0,670.0,0.0,670.0,0.0,670.0
703,0.0,670.0,0.0,670.0,0.0,670.0,0.0,670.0
704,0.0,670.0,0.0,670.0,0.0,670.0,0.0,670.0
705,0.0,670.0,0.0,670.0,0.0,670.0,0.0,670.0
706,0.0,670.0,0.0,670.0,0.0,670.0,0.0,670.0
707,0.0,670.0,0.0,670.0,0.0,670.0,0.0,670.0
708,0.0,670.0,0.0,670.0,0.0,670.0,0.0,670.0
709,0.0,670.0,0.0,670.0,0.0,670.0,0.0,670.0
710,0.0,670.0,0.0,670.0,0.0,670.0,0.0,670.0
711,0.0,670.0,0.0,670.0,0.0,670.0,0.0,670.0
712,0.0,670.0,0.0,670.0,0.0,670.0,0.0,670.0
713,0.0,670.0,0.0,670.0,0.0,670.0,0.0,670.0
714,0.0,670.0,0.0,670.0,0.0,670.0,0.0,670.0
715,0.0,670.0,0.0,670.0,0.0,670.0,0.0,670.0
716,0.0,670.0,0.0,670.0,0.0,670.0,0.0,670.0
717,0.0,670.0,0.0,670.0,0.0,670.0,0.0,670.0
718,0.0,670.0,0.0,670.0,0.0,670.0,0.0,670.0
719,0.0,670.0,0.0,670.0,0.0,670.0,0.0,670.0
720,0.0,670.0,0.0,670.0,0.0,670.0,0.0,670.0
721,0.0,670.0,0.0,670.0,0.0,670.0,0.0,670.0
722,0.0,670.0,0.0,670.0,0.0,670.0,0.0,670.0
723,0.0,670.0,0.0,670.0,0.0,670.0,0.0,670.0
724,0.0,670.0,0.0,670.0,0.0,670.0,0.0,670.0
725,0.0,670.0,0.0,670.0,0.0,670.0,0.0,670.0
726,0.0,670.0,0.0,670.0,0.0,670.0,0.0,670.0
727,0.0,670.0,0.0,670.0,0.0,670.0,0.0,670.0
728,0.0,670.0,0.0,670.0,0.0,670.0,0.0,670.0
729,0.0,670.0,0.0,670.0,0.0,670.0,0.0,670.0
730,0.0,670.0,0.0,670.0,0.0,670.0,0.0,670.0
731,0.0,670.0,0.0,670.0,0.0,670.0,0.0,670.0
732,0.0,670.0,0.0,670.0,0.0,670.0,0.0,670.0
733,0.0,670.0,0.0,670.0,0.0,670.0,0.0,670.0
734,0.0,670.0,0.0,670.0,0.0,670.0,0.0,670.0
735,0.0,670.0,0.0,670.0,0.0,670.0,0.0,670.0
736,0.0,670.0,0.0,670.0,0.0,670.0,0.0,670.0
737,0.0,670.0,0.0,670.0,0.0,670.0,0.0,670.0
738,0.0,670.0,0.0,670.0,0.0,670.0,0.0,670.0
739,0.0,670.0,0.0,670.0,0.0,670.0,0.0,670.0
740,0.0,670.0,0.0,670.0,0.0,670.0,0.0,670.0
741,0.0,670.0,0.0,670.0,0.0,670.0,0.0,670.0
742,0.0,670.0,0.0,670.0,0.0,670.0,0.0,670.0
743,0.0,670.0,0.0,670.0,0.0,670.0,0.0,670.0
744,0.0,670.0,0.0,670.0,0.0,670.0,0.0,670.0
745,0.0,670.0,0.0,670.0,0.0,670.0,0.0,670.0
746,0.0,670.0,0.0,670.0,0.0,670.0,0.0,670.0
747,0.0,670.0,0.0,670.0,0.0,670.0,0.0,670.0
748,0.0,670.0,0.0,670.0,0.0,670.0,0.0,670.0
749,0.0,670.0,0.0,670.0,0.0,670.0,0.0,670.0
750,0.0,670.0,0.0,670.0,0.0,670.0,0.0,670.0
751,0.0,670.0,0.0,670.0,0.0,670.0,0.0,670.0
752,0.0,670.0,0.0,670.0,0.0,670.0,0.0,670.0
753,0.0,670.0,0.0,670.0,0.0,670.0,0.0,670.0
754,0.0,670.0,0.0,670.0,0.0,670.0,0.0,670.0
755,0.0,670.0,0.0,670.0,0.0,670.0,0.0,670.0
756,0.0,670.0,0.0,670.0,0.0,670.0,0.0,670.0
757,0.0,670.0,0.0,670.0,0.0,670.0,0.0,670.0
758,0.0,670.0,0.0,670.0,0.0,670.0,0.0,670.0
759,0.0,670.0,0.0,670.0,0.0,670.0,0.0,670.0
760,0.0,670.0,0.0,670.0,0.0,670.0,0.0,670.0
761,0.0,670.0,0.0,670.0,0.0,670.0,0.0,670.0
762,0.0,670.0,0.0,670.0,0.0,670.0,0.0,670.0
763,0.0,670.0,0.0,670.0,0.0,670.0,0.0,670.0
764,0.0,670.0,0.0,670.0,0.0,670.0,0.0,670.0
765,0.0,670.0,0.0,670.0,0.0,670.0,0.0,670.0
766,0.0,670.0,0.0,670.0,0.0,670.0,0.0,670.0
767,0.0,670.0,0.0,670.0,0.0,670.0,0.0,670.0
768,0.0,670.0,0.0,670.0,0.0,670.0,0.0,670.0
769,0.0,670.0,0.0,670.0,0.0,670.0,0.0,670.0
770,0.0,0.0,670.0,0.0,670.0,0.0,670.0,0.0
771,0.0,0.0,670.0,0.0,670.0,0.0,670.0,0.0
772,0.0,670.0,0.0,670.0,0.0,670.0,0.0,670.0
773,0.0,670.0,0.0,670.0,0.0,670.0,0.0,670.0
774,0.0,670.0,0.0,670.0,0.0,670.0,0.0,670.0
775,0.0,670.0,0.0,670.0,0.0,670.0,0.0,670.0
776,0.0,670.0,0.0,670.0,0.0,670.0,0.0,670.0
777,0.0,670.0,0.0,670.0,0.0,670.0,0.0,670.0
778,0.0,670.0,0.0,670.0,0.0,670.0,0.0,670.0
779,0.0,670.0,0.0,670.0,0.0,670.0,0.0,670.0
780,0.0,670.0,0.0,670.0,0.0,670.0,0.0,670.0
781,0.0,670.0,0.0,670.0,0.0,670.0,0.0,670.0
782,0.0,670.0,0.0,670.0,0.0,670.0,0.0,670.0
783,0.0,670.0,0.0,670.0,0.0,670.0,0.0,670.0
784,0.0,670.0,0.0,670.0,0.0,670.0,0.0,670.0
785,0.0,670.0,0.0,670.0,0.0,670.0,0.0,670.0
786,0.0,670.0,0.0,670.0,0.0,670.0,0.0,670.0
787,0.0,670.0,0.0,670.0,0.0,670.0,0.0,670.0
788,0.0,670.0,0.0,670.0,0.0,670.0,0.0,670.0
789,0.0,670.0,0.0,670.0,0.0,670.0,0.0,670.0
790,0.0,0.0,670.0,0.0,670.0,0.0,670.0,0.0
791,0.0,0.0,670.0,0.0,670.0,0.0,670.0,0.0
792,0.0,0.0,670.0,0.0,670.0,0.0,670.0,0.0
793,0.0,0.0,670.0,0.0,670.0,0.0,670.0,0.0
794,0.0,670.0,0.0,670.0,0.0,670.0,0.0,670.0
795,0.0,670.0,0.0,670.0,0.0,670.0,0.0,670.0
796,0.0,670.0,0.0,670.0,0.0,670.0,0.0,670.0
797,0.0,670.0,0.0,670.0,0.0,670.0,0.0,670.0
798,0.0,670.0,0.0,670.0,0.0,670.0,0.0,670.0
799,0.0,670.0,0.0,670.0,0.0,670.0,0.0,670.0
800,0.0,670.0,0.0,670.0,0.0,670.0,0.0,670.0
801,0.0,670.0,0.0,670.0,0.0,670.0,0.0,670.0
802,0.0,670.0,0.0,670.0,0.0,670.0,0.0,670.0
803,0.0,670.0,0.0,670.0,0.0,670.0,0.0,670.0
804,0.0,670.0,0.0,670.0,0.0,670.0,0.0,670.0
805,0.0,670.0,0.0,670.0,0.0,670.0,0.0,670.0
806,0.0,670.0,670.0,670.0,670.0,670.0,670.0,670.0
807,0.0,0.0,670.0,0.0,670.0,0.0,670.0,0.0
808,0.0,0.0,670.0,0.0,670.0,0.0,670.0,0.0
809,0.0,0.0,670.0,0.0,670.0,0.0,670.0,0.0
810,0.0,0.0,670.0,0.0,670.0,0.0,670.0,0.0
811,0.0,0.0,670.0,0.0,670.0,0.0,670.0,0.0
812,0.0,0.0,670.0,0.0,670.0,0.0,670.0,0.0
813,0.0,0.0,670.0,0.0,670.0,0.0,670.0,0.0
814,0.0,670.0,670.0,633.2,670.0,487.8,670.0,552.7
815,0.0,670.0,670.0,670.0,670.0,670.0,670.0,670.0
816,0.0,670.0,256.9,670.0,0.0,670.0,401.9,670.0
817,0.0,670.0,0.0,670.0,0.0,670.0,288.2,670.0
818,0.0,670.0,0.0,670.0,0.0,670.0,208.9,670.0
