,X,Y,Z,Roll,Pitch,Yaw,WPX,WPY,WPZ,TTE,Wind X,Wind Y
0,0.22923967242240906,5.016308932681568e-05,29.98565101623535,-0.0013057878240942955,0.3715479075908661,-0.0008212996181100607,100.0,0.0,30.0,0.0,0.01167166419327259,0.028785502538084984
1,1.3239365816116333,-0.036234162747859955,29.948482513427734,-0.00856203306466341,0.39041298627853394,0.002176121808588505,100.0,0.0,30.0,0.0,0.0033367453143000603,0.017893046140670776
2,3.3633103370666504,-0.13480070233345032,29.922304153442383,-0.005064750090241432,0.3906005024909973,-0.006889857351779938,100.0,0.0,30.0,0.0,0.15643683075904846,0.02661694586277008
3,6.275705337524414,-0.21703416109085083,29.901762008666992,-0.029181675985455513,0.26978039741516113,0.0020076220389455557,100.0,0.0,30.0,0.0,0.18059226870536804,-0.012989813461899757
4,9.688434600830078,-0.21845339238643646,29.911903381347656,-0.0055195786990225315,0.1317044347524643,-0.00040461120079271495,100.0,0.0,30.0,0.0,0.10275813192129135,0.09638463705778122
5,13.166339874267578,-0.19584797322750092,29.92737579345703,0.010009055957198143,0.10637503117322922,0.004848186857998371,100.0,0.0,30.0,0.0,0.15743614733219147,0.12506818771362305
6,16.63738441467285,-0.18422193825244904,29.930482864379883,-0.024484669789671898,0.09655532985925674,-0.010467305779457092,100.0,0.0,30.0,0.0,0.2605716288089752,0.10407700389623642
7,20.12016487121582,-0.15831851959228516,29.923322677612305,0.020665034651756287,0.09442402422428131,-0.004575799219310284,100.0,0.0,30.0,0.0,0.22115974128246307,0.08787662535905838
8,23.600452423095703,-0.12989100813865662,29.934473037719727,0.04471586272120476,0.1029856950044632,0.003678400069475174,100.0,0.0,30.0,0.0,0.22376064956188202,0.03326951339840889
9,27.07227897644043,-0.14979398250579834,29.942302703857422,-0.006834863219410181,0.09775041788816452,0.006619398482143879,100.0,0.0,30.0,0.0,0.22458818554878235,0.05974335968494415
10,30.564062118530273,-0.25124478340148926,29.865074157714844,0.019268659874796867,0.11890800297260284,0.010415779426693916,100.0,0.0,30.0,0.0,0.24913543462753296,0.044532474130392075
11,34.10443115234375,-0.4559442102909088,29.757675170898438,0.004966162610799074,0.11213700473308563,0.013543730601668358,100.0,0.0,30.0,0.0,0.21913951635360718,0.10128919780254364
12,37.64699172973633,-0.6413251161575317,29.657636642456055,-0.007663659751415253,0.10539916157722473,0.014748855493962765,100.0,0.0,30.0,0.0,0.15770448744297028,0.10528223216533661
13,41.17025375366211,-0.7905486226081848,29.569347381591797,-0.009866048581898212,0.10266577452421188,0.013435041531920433,100.0,0.0,30.0,0.0,0.12323778122663498,0.09144318103790283
14,44.691246032714844,-0.9173398613929749,29.486347198486328,-0.0065812296234071255,0.11564280092716217,0.007486577145755291,100.0,0.0,30.0,0.0,0.08251874893903732,0.037949830293655396
15,48.225467681884766,-1.0554673671722412,29.404848098754883,-0.0005179919535294175,0.11603543907403946,0.015851780772209167,100.0,0.0,30.0,0.0,-0.02353680320084095,-0.11565310508012772
16,51.75704574584961,-1.1773021221160889,29.34047508239746,-0.0059608109295368195,0.11864452809095383,0.017587149515748024,100.0,0.0,30.0,0.0,-0.036150045692920685,-0.19343765079975128
17,55.289424896240234,-1.2611873149871826,29.282062530517578,-0.013104455545544624,0.11987403780221939,0.013424146920442581,100.0,0.0,30.0,0.0,-0.10476744174957275,-0.2506743371486664
18,58.827430725097656,-1.2881425619125366,29.223299026489258,0.012287158519029617,0.11319670081138611,0.015149486251175404,100.0,0.0,30.0,0.0,-0.02793392352759838,-0.18756766617298126
19,62.36566925048828,-1.3063582181930542,29.17864227294922,0.02698834426701069,0.10955144464969635,0.014251730404794216,100.0,0.0,30.0,0.0,-0.022405238822102547,-0.11251921206712723
20,65.90540313720703,-1.3228859901428223,29.131750106811523,-0.005315894726663828,0.10738348215818405,0.005767759867012501,100.0,0.0,30.0,0.0,0.02306559681892395,-0.07067480683326721
21,69.44782257080078,-1.3786171674728394,29.085323333740234,-0.0014291438274085522,0.11050166189670563,0.013692209497094154,100.0,0.0,30.0,0.0,0.042178086936473846,0.06714775413274765
22,72.9955062866211,-1.3998472690582275,29.037145614624023,-0.0017294567078351974,0.10936806350946426,0.012959363870322704,100.0,0.0,30.0,0.0,0.010327290743589401,0.05993710458278656
23,76.53933715820312,-1.4090864658355713,29.005525588989258,-0.002070454880595207,0.1088632270693779,0.020001709461212158,100.0,0.0,30.0,0.0,0.0023195152170956135,0.008849933743476868
24,80.01904296875,-1.3999431133270264,28.98057746887207,-0.005296034272760153,-0.13751505315303802,0.014021612703800201,100.0,0.0,30.0,0.0,0.11237189173698425,0.010110929608345032
25,83.01649475097656,-1.3953967094421387,28.918874740600586,0.013278143480420113,-0.21426762640476227,0.015600590035319328,100.0,0.0,30.0,0.0,0.12318641692399979,0.12743008136749268
26,85.3599853515625,-1.431976079940796,28.885221481323242,-0.008861169219017029,0.045409660786390305,0.00480320630595088,100.0,0.0,30.0,0.0,0.11390893906354904,-0.00126501708291471
27,87.50291442871094,-1.4698125123977661,28.858083724975586,0.007371334824711084,-0.15915510058403015,0.013481621630489826,100.0,0.0,30.0,0.0,0.17679600417613983,0.07059419900178909
28,89.30634307861328,-1.5030070543289185,28.832275390625,0.0014938090462237597,0.014486636035144329,0.021004579961299896,100.0,0.0,30.0,0.0,0.24049389362335205,0.03654005751013756
29,90.91571044921875,-1.5321990251541138,28.818775177001953,-0.013676602393388748,-0.13559648394584656,0.010003346018493176,100.0,0.0,30.0,0.0,0.226609006524086,-0.012608520686626434
30,92.22212982177734,-1.5425986051559448,28.80085563659668,-0.0048614442348480225,-0.016141150146722794,0.015588526614010334,100.0,0.0,30.0,0.0,0.2149663269519806,-0.0807514414191246
31,93.39956665039062,-1.5414217710494995,28.787817001342773,-0.017619704827666283,-0.10299206525087357,0.006510119419544935,100.0,0.0,30.0,0.0,0.20493534207344055,-0.06055482104420662
32,94.38621520996094,-1.5212972164154053,28.775920867919922,0.0012771321926265955,-0.029067613184452057,0.01208495907485485,100.0,0.0,30.0,0.0,0.229766383767128,-0.047596096992492676
33,95.26123046875,-1.4979710578918457,28.764816284179688,0.0016301902942359447,-0.061197876930236816,0.015107659623026848,100.0,0.0,30.0,0.0,0.19654804468154907,-0.010051139630377293
34,96.00358581542969,-1.4703129529953003,28.75415802001953,-0.015424886718392372,-0.0391714908182621,-0.001072019338607788,100.0,0.0,30.0,0.0,0.24473318457603455,0.006770915351808071
35,96.6404800415039,-1.440011978149414,28.7501163482666,0.013391474261879921,-0.03141290321946144,0.008778821676969528,100.0,0.0,30.0,0.0,0.24762719869613647,0.0642983466386795
36,97.1983642578125,-1.4286022186279297,28.74407386779785,-0.006633642129600048,-0.02175540290772915,0.012264987453818321,100.0,0.0,30.0,0.0,0.2538100481033325,0.07403532415628433
37,97.67491912841797,-1.4205130338668823,28.73927116394043,-0.010833151638507843,-0.01609807088971138,0.01385577954351902,100.0,0.0,30.0,0.0,0.2366679459810257,0.10291469097137451
38,98.08441925048828,-1.4066931009292603,28.734272003173828,-0.015125488862395287,-0.02959301881492138,0.012749078683555126,100.0,0.0,30.0,0.0,0.210269033908844,0.09450431913137436
39,98.42322540283203,-1.3891195058822632,28.732646942138672,0.0011029139859601855,-0.010219983756542206,0.005603667348623276,100.0,0.0,30.0,0.0,0.21978744864463806,0.1028066873550415
40,98.72115325927734,-1.369429588317871,28.728517532348633,-0.0009689616272225976,-0.015789255499839783,0.0111964987590909,100.0,0.0,30.0,0.0,0.24117620289325714,0.09652499109506607
41,98.98811340332031,-1.357187271118164,28.723583221435547,-0.005727850832045078,-0.016444439068436623,0.013360959477722645,100.0,0.0,30.0,0.0,0.24835450947284698,0.11343083530664444
42,99.2101821899414,-1.3527331352233887,28.719470977783203,-0.0024751550517976284,-0.004802853334695101,0.020865274593234062,100.0,0.0,30.0,0.0,0.2608725428581238,0.09759171307086945
43,99.27818298339844,-1.3541699647903442,28.7180118560791,-0.009515541605651379,-0.0053215594962239265,0.006654341239482164,100.0,100.0,30.0,1.4712286229830263,0.26212507486343384,0.11807229369878769
44,99.46887969970703,-1.3440093994140625,28.71662139892578,-0.004658651538193226,-0.007934445515275002,0.013657613657414913,100.0,100.0,30.0,1.3889381269797594,0.2709302008152008,0.09583639353513718
45,99.65646362304688,-1.3164042234420776,28.716421127319336,-0.018860433250665665,-0.01625269278883934,0.00778243551030755,100.0,100.0,30.0,1.328755785052286,0.27401378750801086,0.10008682310581207
46,99.72818756103516,-1.259243130683899,28.7086238861084,0.00018828827887773514,-0.08047967404127121,0.013799760490655899,100.0,100.0,30.0,1.319671922838437,0.2718290388584137,0.0905907079577446
47,99.72789001464844,-1.1983857154846191,28.70045280456543,-0.010455001145601273,0.0037550069391727448,0.008512225933372974,100.0,100.0,30.0,1.3277297840859834,0.27449047565460205,0.08321326225996017
48,99.89798736572266,-1.1147944927215576,28.69948387145996,-0.014330554753541946,0.003246538108214736,0.008142978884279728,100.0,100.0,30.0,1.3045107901775483,0.26182088255882263,0.08957657217979431
49,100.07621765136719,-0.9980072379112244,28.697181701660156,-0.014444353058934212,-0.016158686950802803,0.00782215129584074,100.0,100.0,30.0,1.305045915904619,0.26990118622779846,0.11734616756439209
50,100.16831970214844,-0.8560031056404114,28.69325065612793,0.006968973204493523,-0.024719499051570892,0.02504345029592514,100.0,100.0,30.0,1.3175450002522844,0.273334801197052,0.06971733272075653
51,100.22624206542969,-0.7156121730804443,28.69464683532715,-0.02259400114417076,-0.0031444760970771313,0.011609291657805443,100.0,100.0,30.0,1.3248139821131883,0.27198004722595215,0.05806715413928032
52,100.29715728759766,-0.5457788705825806,28.69449234008789,-0.007840210571885109,-0.010089411400258541,0.011900919489562511,100.0,100.0,30.0,1.3388998279195956,0.2593052089214325,0.07842563092708588
53,100.3763427734375,-0.348782479763031,28.69636344909668,-0.010380159132182598,-0.010947194881737232,0.009416733868420124,100.0,100.0,30.0,1.3568720872613573,0.24571526050567627,0.09982295334339142
54,100.430419921875,-0.12567968666553497,28.695337295532227,0.0007714169332757592,0.01453453954309225,0.01245757844299078,100.0,100.0,30.0,1.3738290267890536,0.2618871331214905,0.11114604771137238
55,100.48112487792969,0.11942290514707565,28.693450927734375,-0.006091095972806215,-0.012302156537771225,0.017505723983049393,100.0,100.0,30.0,1.3923187116627505,0.2634807527065277,0.11528240889310837
56,100.51884460449219,0.39433616399765015,28.69548225402832,-0.01181778684258461,0.003659612499177456,0.006836509797722101,100.0,100.0,30.0,1.4039111187733888,0.24063529074192047,0.09448511898517609
57,100.5528335571289,0.6943368911743164,28.694639205932617,-0.0048220292665064335,-0.013437671586871147,0.011777572333812714,100.0,100.0,30.0,1.4176006938318055,0.27278363704681396,0.06876268982887268
58,100.58463287353516,0.9935142397880554,28.696537017822266,-0.0012891639489680529,-0.005420207511633635,0.01036857720464468,100.0,100.0,30.0,1.428569626827585,0.2678946554660797,0.1163858100771904
59,100.61285400390625,1.2928522825241089,28.697132110595703,-0.014166805893182755,-0.008810168132185936,0.004581109154969454,100.0,100.0,30.0,1.4398106240296282,0.27532219886779785,0.09644324332475662
60,100.63074493408203,1.6107434034347534,28.695924758911133,-0.0033695530146360397,0.00443574134260416,0.011106768622994423,100.0,100.0,30.0,1.4486033485510759,0.30178338289260864,0.1066427007317543
61,100.65107727050781,1.94304621219635,28.69512939453125,-0.0054584406316280365,-0.0009050777880474925,0.009094003587961197,100.0,100.0,30.0,1.4582827612960787,0.30785855650901794,0.09545693546533585
62,100.67024230957031,2.2911288738250732,28.69493865966797,-0.010264037176966667,0.0182945653796196,0.009402304887771606,100.0,100.0,30.0,1.4671093603289065,0.29685452580451965,0.07632621377706528
63,100.69906616210938,2.6533994674682617,28.693281173706055,-0.00843850802630186,-0.004669953137636185,0.019923657178878784,100.0,100.0,30.0,1.4819605869870347,0.2572455108165741,0.0530889667570591
64,100.71051788330078,3.044933795928955,28.697696685791016,-0.018877552822232246,0.004946604836732149,0.005473830737173557,100.0,100.0,30.0,1.4835192722741823,0.2590886652469635,0.101323701441288
65,100.71678161621094,3.472109794616699,28.69321632385254,-0.014404986053705215,-0.022461917251348495,0.012438034638762474,100.0,100.0,30.0,1.4904562228884066,0.20853446424007416,0.09234102815389633
66,100.7146987915039,3.9105632305145264,28.692453384399414,-0.010550339706242085,0.01315330434590578,0.01625143736600876,100.0,100.0,30.0,1.4901251071690615,0.2095559686422348,0.07093498855829239
67,100.72872924804688,4.371666431427002,28.692428588867188,-0.012783327139914036,0.0061914813704788685,0.015004577115178108,100.0,100.0,30.0,1.4969265597377657,0.16694626212120056,0.09609267860651016
68,100.73949432373047,4.867669105529785,28.692651748657227,-0.007998207584023476,-0.01157327089458704,0.012702415697276592,100.0,100.0,30.0,1.502002395868648,0.17170287668704987,0.07445864379405975
69,100.73294830322266,5.382009983062744,28.691375732421875,-0.010512374341487885,-0.00014614872634410858,0.01098567433655262,100.0,100.0,30.0,1.4999035494540895,0.12959977984428406,0.05709557235240936
70,100.7297134399414,5.925203323364258,28.6904239654541,-0.003777822945266962,0.005453524645417929,0.016146933659911156,100.0,100.0,30.0,1.4991567843248383,0.13651292026042938,0.053930096328258514
71,100.74683380126953,6.500403881072998,28.688390731811523,-0.014892233535647392,-0.0021295060869306326,0.015428648330271244,100.0,100.0,30.0,1.5093307344184115,0.11127383261919022,0.06061578169465065
72,100.75206756591797,7.109774112701416,28.688884735107422,-0.013055732473731041,0.0027302198577672243,0.0090284189209342,100.0,100.0,30.0,1.511498855734621,0.14839747548103333,0.05426521226763725
73,100.75267791748047,7.734304904937744,28.68951988220215,-0.011333114467561245,-0.0029774848371744156,0.008372555486857891,100.0,100.0,30.0,1.5112518159421693,0.14391525089740753,0.03982997313141823
74,100.75057220458984,8.37640380859375,28.686325073242188,0.001260484685190022,0.008275364525616169,0.01618393324315548,100.0,100.0,30.0,1.5129772797921022,0.15951158106327057,0.04139886796474457
75,100.7579116821289,9.018569946289062,28.687881469726562,-0.008577688597142696,-0.008463988080620766,0.015236951410770416,100.0,100.0,30.0,1.5152837983237246,0.24335086345672607,0.045971401035785675
76,100.7494888305664,9.659838676452637,28.688875198364258,-0.009561761282384396,0.010185761377215385,0.01893254742026329,100.0,100.0,30.0,1.510225814975867,0.24137046933174133,0.10217438638210297
77,100.74407196044922,10.318315505981445,28.689409255981445,-0.006647681817412376,0.005887897219508886,0.01643197424709797,100.0,100.0,30.0,1.5070803682299776,0.20652201771736145,0.15329714119434357
78,100.74751281738281,11.010254859924316,28.692562103271484,-0.016327951103448868,-0.011246878653764725,0.0017816271865740418,100.0,100.0,30.0,1.5060442964629945,0.22484339773654938,0.18460947275161743
79,100.74842834472656,11.74610710144043,28.689937591552734,-0.00505469087511301,0.009496266022324562,0.007353551685810089,100.0,100.0,30.0,1.5087771455567598,0.2178623527288437,0.08428971469402313
80,100.75984191894531,12.492298126220703,28.690635681152344,-0.023289866745471954,-0.011921752244234085,0.0055851563811302185,100.0,100.0,30.0,1.5138674775371066,0.29274070262908936,0.1359369456768036
81,100.75919342041016,13.247803688049316,28.689523696899414,-0.009898828342556953,0.0023565818555653095,0.011767338961362839,100.0,100.0,30.0,1.514504226798317,0.3095787763595581,0.1136341318488121
82,100.7641372680664,14.01379108428955,28.688926696777344,-0.006814542226493359,0.00949728675186634,0.009070628322660923,100.0,100.0,30.0,1.517504257285895,0.2998679578304291,0.09064695239067078
83,100.77052307128906,14.796560287475586,28.68766212463379,-0.0026068584993481636,0.0032630539499223232,0.02011558786034584,100.0,100.0,30.0,1.5218202057290635,0.34663042426109314,0.0737321674823761
84,100.76976776123047,15.591129302978516,28.692184448242188,-0.00748593732714653,-0.008394084870815277,0.006883483380079269,100.0,100.0,30.0,1.5175387421488313,0.32605674862861633,0.03457680344581604
85,100.7642593383789,16.411006927490234,28.691492080688477,-0.010951299220323563,-0.002908996306359768,0.007727517746388912,100.0,100.0,30.0,1.5153500214675937,0.29260265827178955,0.04233299940824509
86,100.76573944091797,17.239805221557617,28.691110610961914,-0.005014750175178051,0.0018359096720814705,0.006629517301917076,100.0,100.0,30.0,1.5164262238494097,0.2358776479959488,-0.005556597374379635
87,100.76683044433594,18.077558517456055,28.68857765197754,-0.0036521549336612225,0.009124821051955223,0.004484332166612148,100.0,100.0,30.0,1.5191634979919588,0.2253633588552475,-0.00857294350862503
88,100.77566528320312,18.922773361206055,28.6889705657959,-0.007947143167257309,-0.003632510080933571,0.01301262155175209,100.0,100.0,30.0,1.5233038177747744,0.1678696721792221,0.02222944237291813
89,100.76983642578125,19.760696411132812,28.685232162475586,-0.007338058669120073,-0.0011886215070262551,0.01614968478679657,100.0,100.0,30.0,1.5235690155260286,0.20105810463428497,-0.007316925562918186
90,100.76199340820312,20.600284576416016,28.690597534179688,-0.009081192314624786,0.011313446797430515,0.007922354154288769,100.0,100.0,30.0,1.51498136912753,0.17008289694786072,-0.08043348789215088
91,100.76168823242188,21.44933319091797,28.69234275817871,-0.009755056351423264,-0.002115973737090826,0.009902827441692352,100.0,100.0,30.0,1.5133195344273516,0.16579318046569824,-0.09787441790103912
92,100.75827026367188,22.30062484741211,28.69658851623535,-0.02150513231754303,-0.0034791158977895975,0.004887826275080442,100.0,100.0,30.0,1.507930893123816,0.18708184361457825,-0.10049337148666382
93,100.75154113769531,23.164989471435547,28.692380905151367,-0.005684057250618935,0.004228270146995783,0.007606598548591137,100.0,100.0,30.0,1.5082047883847491,0.15345466136932373,-0.13512258231639862
94,100.76446533203125,24.020265579223633,28.695968627929688,-0.00022369937505573034,-0.004702865611761808,0.022987985983490944,100.0,100.0,30.0,1.5115902558801912,0.14315488934516907,-0.13880304992198944
95,100.75436401367188,24.869625091552734,28.69222068786621,-0.009192115627229214,0.00919459480792284,0.018936317414045334,100.0,100.0,30.0,1.5097521821681033,0.17219886183738708,-0.17890723049640656
96,100.75067901611328,25.724397659301758,28.69384765625,-0.006902226246893406,-0.0005418554646894336,0.015420197509229183,100.0,100.0,30.0,1.5065035860091829,0.17078298330307007,-0.12032705545425415
97,100.74595642089844,26.589706420898438,28.694293975830078,-0.003898201510310173,0.00344279408454895,0.018007267266511917,100.0,100.0,30.0,1.503768295509192,0.13970565795898438,-0.09537786990404129
98,100.73751831054688,27.467811584472656,28.69070816040039,-0.017273517325520515,0.004342022817581892,0.013599793426692486,100.0,100.0,30.0,1.5027236788204195,0.14943119883537292,-0.07249876111745834
99,100.74230194091797,28.35594940185547,28.689958572387695,-0.012201864272356033,-0.006058708764612675,0.0144650312140584,100.0,100.0,30.0,1.505729355059894,0.1527421921491623,-0.06568808853626251
100,100.74126434326172,29.24665069580078,28.69153594970703,-0.007693479768931866,0.017509860917925835,0.012735835276544094,100.0,100.0,30.0,1.5038453523931872,0.20554256439208984,0.035529956221580505
101,100.74958801269531,30.135711669921875,28.690385818481445,-0.00450667180120945,-0.004304111003875732,0.015176042914390564,100.0,100.0,30.0,1.508963760545128,0.16285444796085358,-0.035814885050058365
102,100.75291442871094,31.024797439575195,28.694931030273438,-0.007521987892687321,-0.0165421050041914,0.009525395929813385,100.0,100.0,30.0,1.5066801301968706,0.2097432166337967,0.04060063138604164
103,100.73794555664062,31.91109848022461,28.69493293762207,-0.010713609866797924,0.005637194961309433,0.004991563968360424,100.0,100.0,30.0,1.499254440573862,0.18830230832099915,0.011710078455507755
104,100.74494171142578,32.80754470825195,28.696796417236328,-0.012261208146810532,-0.007746843155473471,0.007939147762954235,100.0,100.0,30.0,1.5010922091101717,0.2041391134262085,0.020161353051662445
105,100.75532531738281,33.69930648803711,28.700475692749023,-0.012854519300162792,0.0014782941434532404,0.009111964143812656,100.0,100.0,30.0,1.5030900423421465,0.16012409329414368,0.0026461214292794466
106,100.75761413574219,34.600040435791016,28.698320388793945,-0.00531080923974514,0.004266018979251385,0.011307760141789913,100.0,100.0,30.0,1.5061039583276323,0.14258278906345367,0.035052377730607986
107,100.7553939819336,35.506744384765625,28.693788528442383,-0.011216248385608196,0.003830823814496398,0.01685318350791931,100.0,100.0,30.0,1.508909744432387,0.1186562180519104,0.06088978797197342
108,100.75132751464844,36.42710876464844,28.693784713745117,-0.016425520181655884,-0.014791631139814854,0.006133794318884611,100.0,100.0,30.0,1.5068812410347032,0.13270211219787598,0.053138911724090576
109,100.7409439086914,37.35542297363281,28.694604873657227,-0.009009855799376965,0.0007921886281110346,0.006550978869199753,100.0,100.0,30.0,1.5010177462202914,0.15611541271209717,0.0606582872569561
110,100.7363052368164,38.289527893066406,28.69239044189453,-0.012354130856692791,0.004369692411273718,0.007667317520827055,100.0,100.0,30.0,1.5006626742023577,0.09500972926616669,0.05683443695306778
111,100.74443817138672,39.23790740966797,28.69399070739746,-0.01689324900507927,-0.004135632887482643,0.005579923279583454,100.0,100.0,30.0,1.5032792513246294,0.11619315296411514,0.061077382415533066
112,100.74671173095703,40.19187545776367,28.693296432495117,-0.011610929854214191,-0.010468496941030025,0.010289691388607025,100.0,100.0,30.0,1.505009140223346,0.10532757639884949,0.1344657987356186
113,100.74225616455078,41.13971710205078,28.69370460510254,-0.01553733367472887,-0.019136687740683556,0.001433536410331726,100.0,100.0,30.0,1.5024485628563737,0.12530402839183807,0.16146045923233032
114,100.72555541992188,42.09099578857422,28.69218635559082,0.012747439555823803,0.028547577559947968,0.015869738534092903,100.0,100.0,30.0,1.4955959933448213,0.20815327763557434,0.17719252407550812
115,100.73303985595703,43.02394485473633,28.690513610839844,-0.019729848951101303,-0.016231559216976166,0.013050474226474762,100.0,100.0,30.0,1.5007005159988542,0.20674191415309906,0.2036013901233673
116,100.7230453491211,43.97698974609375,28.68378448486328,-0.004901728127151728,0.009154090657830238,0.020194780081510544,100.0,100.0,30.0,1.5017382662326173,0.22257976233959198,0.20887449383735657
117,100.71826171875,44.940879821777344,28.686887741088867,-0.014308352023363113,-0.0017356094904243946,0.010727588087320328,100.0,100.0,30.0,1.496717666917589,0.24283146858215332,0.19080659747123718
118,100.7132797241211,45.92070007324219,28.687166213989258,-0.010360483080148697,-0.00342018180526793,0.007468721829354763,100.0,100.0,30.0,1.4940885775884112,0.17588135600090027,0.1448560357093811
119,100.70822143554688,46.92494201660156,28.686254501342773,-0.005091629922389984,0.0011128417681902647,0.0036426750011742115,100.0,100.0,30.0,1.4924825900556429,0.2221786081790924,0.13627754151821136
120,100.7068099975586,47.932945251464844,28.683704376220703,-0.013289622962474823,0.008379635401070118,0.0034995153546333313,100.0,100.0,30.0,1.4940597384773715,0.21345286071300507,0.14600494503974915
121,100.71830749511719,48.948455810546875,28.682449340820312,-0.026521479710936546,-0.008342617191374302,0.008503247052431107,100.0,100.0,30.0,1.5006349032065416,0.25063326954841614,0.14634864032268524
122,100.72924041748047,49.98158264160156,28.678834915161133,-0.012955911457538605,-0.002669359091669321,0.009482590481638908,100.0,100.0,30.0,1.509062332321486,0.25352147221565247,0.20516008138656616
123,100.7252426147461,51.019874572753906,28.673355102539062,-0.010451475158333778,0.004986691288650036,0.014609090983867645,100.0,100.0,30.0,1.5119402924977847,0.21105587482452393,0.13971927762031555
124,100.72682189941406,52.06220626831055,28.67474365234375,-0.013429462909698486,0.0077630383893847466,0.011677931062877178,100.0,100.0,30.0,1.5114808503637072,0.20115940272808075,0.06088029593229294
125,100.72537994384766,53.10508346557617,28.673500061035156,-0.009700673632323742,0.0023141868878155947,0.010901091620326042,100.0,100.0,30.0,1.5118789521663667,0.23984265327453613,-0.008731208741664886
126,100.71721649169922,54.15119934082031,28.675853729248047,-0.020638346672058105,0.00787788350135088,0.013195237144827843,100.0,100.0,30.0,1.5059092561811418,0.28491243720054626,0.02865404263138771
127,100.72257995605469,55.20242691040039,28.681629180908203,-0.006825253367424011,-0.002576586091890931,0.014217901974916458,100.0,100.0,30.0,1.5034039156300234,0.20196014642715454,-0.017465924844145775
128,100.71727752685547,56.259788513183594,28.684818267822266,-0.015051467344164848,0.002953375456854701,0.008912050165235996,100.0,100.0,30.0,1.4980621188084413,0.1836548000574112,-0.03752990439534187
129,100.71849060058594,57.324459075927734,28.683565139770508,-0.0019610864110291004,-0.003083853516727686,0.009931325912475586,100.0,100.0,30.0,1.4997431795826464,0.16618028283119202,0.016954435035586357
130,100.70793914794922,58.37950134277344,28.686965942382812,-0.011488959193229675,0.0178780909627676,0.01173622440546751,100.0,100.0,30.0,1.4917225497800402,0.21631154417991638,-0.010620770044624805
131,100.71491241455078,59.427459716796875,28.68874168395996,-0.0010056647006422281,-0.015194154344499111,0.011886619962751865,100.0,100.0,30.0,1.4934852450749132,0.2526665925979614,-0.0077195120975375175
132,100.70446014404297,60.471675872802734,28.688159942626953,-0.009943502023816109,0.01667306013405323,0.015268695540726185,100.0,100.0,30.0,1.4890226596703202,0.25524166226387024,0.060897111892700195
133,100.7031478881836,61.514259338378906,28.68868064880371,-0.013848597183823586,-0.012295354157686234,0.004740963689982891,100.0,100.0,30.0,1.4879432529428331,0.25145602226257324,0.024512572214007378
134,100.71256256103516,62.5601806640625,28.68678092956543,-0.0129026398062706,-0.006822898983955383,0.014776219613850117,100.0,100.0,30.0,1.4940847628911837,0.22846195101737976,0.06084148958325386
135,100.71442413330078,63.61489486694336,28.687162399291992,-0.006676948629319668,0.0028113003354519606,0.016803015023469925,100.0,100.0,30.0,1.4946385043407244,0.25701668858528137,0.0741020143032074
136,100.70030212402344,64.66614532470703,28.688636779785156,-0.013486150652170181,-0.015358947217464447,0.014025048352777958,100.0,100.0,30.0,1.486639236842592,0.21367549896240234,0.06034292280673981
137,100.68387603759766,65.7178955078125,28.692066192626953,-0.009658205322921276,0.008043968118727207,0.012632109224796295,100.0,100.0,30.0,1.475932755016063,0.22728204727172852,0.015710776671767235
138,100.67386627197266,66.76776885986328,28.69277572631836,-0.014357407577335835,0.005540086422115564,0.01117209903895855,100.0,100.0,30.0,1.4706905980860627,0.24189680814743042,-0.032594095915555954
139,100.68538665771484,67.80986022949219,28.69582176208496,-0.007700270041823387,0.0038121298421174288,0.010325340554118156,100.0,100.0,30.0,1.4733076329720018,0.2009301483631134,-0.022214358672499657
140,100.69754028320312,68.85012817382812,28.69552230834961,-0.014210638590157032,0.007572906091809273,0.018953075632452965,100.0,100.0,30.0,1.4792648167503206,0.22653427720069885,-0.05310380831360817
141,100.6963119506836,69.88529205322266,28.690128326416016,-0.02030780538916588,0.003294966882094741,0.008041015826165676,100.0,100.0,30.0,1.4834467930268602,0.18853415548801422,-0.020163696259260178
142,100.70352172851562,70.93610382080078,28.689939498901367,0.003943206742405891,0.005523437634110451,0.01993301883339882,100.0,100.0,30.0,1.4870107883525483,0.18266640603542328,0.001487154746428132
143,100.70256042480469,71.9653549194336,28.69273567199707,-0.017007632181048393,-0.013208581134676933,0.015063981525599957,100.0,100.0,30.0,1.4840928501493058,0.19067588448524475,0.04717167839407921
144,100.68257141113281,72.98262786865234,28.695486068725586,-0.006222613155841827,-0.0069466219283640385,0.01321787666529417,100.0,100.0,30.0,1.4722975011461656,0.13158415257930756,0.02905857563018799
145,100.66268157958984,74.00627136230469,28.692394256591797,-0.014466737397015095,-0.001199925784021616,0.004411583766341209,100.0,100.0,30.0,1.4659397741589617,0.10213898122310638,0.052058152854442596
146,100.66671752929688,75.0476303100586,28.688804626464844,0.006157724652439356,0.008528919890522957,0.011351616121828556,100.0,100.0,30.0,1.4709675451047777,0.11937674134969711,0.07044415920972824
147,100.66063690185547,76.09136199951172,28.687482833862305,-0.0034691442269831896,0.013545139692723751,0.014698226936161518,100.0,100.0,30.0,1.4694019933626208,0.1382116824388504,0.049549270421266556
148,100.65556335449219,77.13472747802734,28.687423706054688,-0.01725277118384838,-0.007641247007995844,0.01575586386024952,100.0,100.0,30.0,1.467180924048894,0.15051423013210297,0.08807729184627533
149,100.65116119384766,78.19120788574219,28.690587997436523,-0.0115781519562006,0.015339000150561333,0.01867981255054474,100.0,100.0,30.0,1.4623852392823977,0.09980449825525284,0.17780768871307373
150,100.66112518310547,79.25448608398438,28.694190979003906,-0.0038911476731300354,-0.007061055861413479,0.0173757616430521,100.0,100.0,30.0,1.4636337133910067,0.15903759002685547,0.21631914377212524
151,100.64873504638672,80.31902313232422,28.69154930114746,-0.006812151055783033,0.018324732780456543,0.013096174225211143,100.0,100.0,30.0,1.4604452368603915,0.1657409965991974,0.26449501514434814
152,100.64801788330078,81.38422393798828,28.693363189697266,-0.01558957900851965,-0.01241226401180029,0.012534946203231812,100.0,100.0,30.0,1.4585015723290469,0.10142481327056885,0.20799468457698822
153,100.64971160888672,82.45609283447266,28.692232131958008,-0.010501808486878872,-0.010028588585555553,0.007100880146026611,100.0,100.0,30.0,1.4602677771453692,0.13697123527526855,0.256992906332016
154,100.65211486816406,83.53038024902344,28.68992805480957,-0.0038673984818160534,-0.014991320669651031,0.013807977549731731,100.0,100.0,30.0,1.4634010168601306,0.110089510679245,0.3194727301597595
155,100.63587188720703,84.60704040527344,28.685056686401367,-0.003539862111210823,0.013508671894669533,0.015139120630919933,100.0,100.0,30.0,1.4606193396418534,0.11545179784297943,0.3447413742542267
156,100.63216400146484,85.6887435913086,28.688955307006836,-0.011121721938252449,-0.007539146579802036,0.017777983099222183,100.0,100.0,30.0,1.4554962012653505,0.11056077480316162,0.354680597782135
157,100.63367462158203,86.76822662353516,28.692590713500977,-0.019042225554585457,0.005755704827606678,0.01277503464370966,100.0,100.0,30.0,1.4528808448461916,0.0839519128203392,0.396355003118515
158,100.6395263671875,87.85721588134766,28.688373565673828,-0.00687562208622694,0.010999203659594059,0.013160843402147293,100.0,100.0,30.0,1.4592318579662753,0.12072229385375977,0.38405391573905945
159,100.6482162475586,88.95352172851562,28.6899356842041,-0.008348074741661549,0.01636681519448757,0.017861204221844673,100.0,100.0,30.0,1.4616610571607331,0.15658310055732727,0.35232096910476685
160,100.65946960449219,90.05072021484375,28.68743324279785,-0.010590923018753529,-0.008459879085421562,0.01965388096868992,100.0,100.0,30.0,1.4689219518635148,0.1664501279592514,0.30576345324516296
161,100.64844512939453,91.14019012451172,28.691129684448242,-0.0243954099714756,0.0030633285641670227,0.008165411651134491,100.0,100.0,30.0,1.460692429240732,0.15272127091884613,0.21398477256298065
162,100.64315032958984,92.22811126708984,28.68665313720703,0.06431281566619873,0.003324911929666996,0.008216374553740025,100.0,100.0,30.0,1.462368759790375,0.17591151595115662,0.17367208003997803
163,100.64629364013672,93.14861297607422,28.68439483642578,0.056530632078647614,0.0018207563553005457,0.01261984370648861,100.0,100.0,30.0,1.4657804724027421,0.18983635306358337,0.13700906932353973
164,100.64859771728516,93.89674377441406,28.686176300048828,0.032147761434316635,-0.007297084201127291,0.012235851027071476,100.0,100.0,30.0,1.4652001806604982,0.1911725252866745,0.07285957783460617
165,100.64188385009766,94.54179382324219,28.686241149902344,0.030486077070236206,0.00017710350221022964,0.01012298185378313,100.0,100.0,30.0,1.462182297389896,0.18496794998645782,0.09598875045776367
166,100.63563537597656,95.10214233398438,28.689441680908203,0.0320751927793026,0.010456044226884842,0.006987026892602444,100.0,100.0,30.0,1.456569657065163,0.1798386126756668,0.061847373843193054
167,100.63493347167969,95.59845733642578,28.69267463684082,0.04288730025291443,0.0102457944303751,0.011156980879604816,100.0,100.0,30.0,1.4533547828297335,0.2284001260995865,0.09537192434072495
168,100.63492584228516,96.01612091064453,28.69182777404785,0.021105816587805748,0.0004910581628791988,0.013960911892354488,100.0,100.0,30.0,1.4541132972264452,0.23700900375843048,0.08966119587421417
169,100.63480377197266,96.37654876708984,28.692739486694336,0.014679589308798313,-0.005754003766924143,0.01872730441391468,100.0,100.0,30.0,1.4532397315613528,0.24750757217407227,0.049289025366306305
170,100.62933349609375,96.69358825683594,28.692794799804688,0.025436757132411003,0.012540454976260662,0.017987443134188652,100.0,100.0,30.0,1.4508087013122255,0.2462671995162964,0.07289258390665054
171,100.63003540039062,96.95891571044922,28.69518280029297,-0.00770127959549427,-0.02150224708020687,0.000927410670556128,100.0,100.0,30.0,1.4489625404420152,0.24602127075195312,0.06332875043153763
172,100.61236572265625,97.21117401123047,28.69305992126465,0.03300081938505173,0.008180415257811546,0.013447916135191917,100.0,100.0,30.0,1.4432893227253099,0.24161945283412933,0.07373356074094772
173,100.60907745361328,97.41301727294922,28.694944381713867,0.009494447149336338,-0.0022791912779212,0.008812494575977325,100.0,100.0,30.0,1.4401893471703722,0.22874069213867188,0.062013279646635056
174,100.61109924316406,97.58740234375,28.69380760192871,0.022118184715509415,-0.002513527637347579,0.01528121717274189,100.0,100.0,30.0,1.4420751808917482,0.2309269905090332,0.048809394240379333
175,100.60236358642578,97.72584533691406,28.694293975830078,-0.0029003205709159374,0.007990955375134945,0.011628459207713604,100.0,100.0,30.0,1.4379534768314028,0.24092485010623932,0.018325697630643845
176,100.59970092773438,97.8552017211914,28.695663452148438,0.0006545105716213584,0.006554852239787579,0.009649173356592655,100.0,100.0,30.0,1.435595688769043,0.24924500286579132,0.020125826820731163
177,100.60736846923828,97.97064208984375,28.69521141052246,0.0009335396462120116,-0.011943510733544827,0.0011531399795785546,100.0,100.0,30.0,1.439225296887044,0.2538592219352722,0.020653005689382553
178,100.60105895996094,98.07748413085938,28.693408966064453,-0.0008351040305569768,-0.00675395829603076,0.02126586064696312,100.0,100.0,30.0,1.4382113503639802,0.26388898491859436,0.04683564975857735
179,100.58927154541016,98.17521667480469,28.694429397583008,0.018886340782046318,0.0028713673818856478,0.010524705983698368,100.0,100.0,30.0,1.432395157795189,0.25320154428482056,0.0600828193128109
180,100.58444213867188,98.23851776123047,28.693296432495117,-0.00797970499843359,0.0008146055624820292,0.011829907074570656,100.0,100.0,30.0,1.4314491128827744,0.25205767154693604,0.07589316368103027
181,100.58621978759766,98.29690551757812,28.694202423095703,-0.004872916731983423,-0.001450507901608944,0.006708527449518442,100.0,100.0,30.0,1.4313493204033036,0.265042781829834,0.0889374241232872
182,100.58720397949219,98.35847473144531,28.695602416992188,0.004559674765914679,-0.0024791336618363857,0.006225562188774347,100.0,100.0,30.0,1.4304760599139894,0.27117329835891724,0.090095654129982
183,100.5863265991211,98.4139175415039,28.695558547973633,0.0022027783561497927,-0.0006377718527801335,0.003796173492446542,100.0,100.0,30.0,1.4301560831105486,0.2871933877468109,0.09976187348365784
184,100.58511352539062,98.45724487304688,28.69479751586914,-0.0003324137069284916,0.005551009904593229,0.0051094526425004005,100.0,100.0,30.0,1.4303535318390428,0.2781159579753876,0.09614033252000809
185,100.58473205566406,98.47966766357422,28.69367027282715,-0.013216976076364517,0.0012034217361360788,0.00487483199685812,100.0,100.0,30.0,1.4312261819768006,0.2786557972431183,0.09681900590658188
186,100.58441925048828,98.51374816894531,28.694698333740234,-0.009355534799396992,-0.003101042937487364,0.007287113927304745,100.0,100.0,30.0,1.4301602029835543,0.28850820660591125,0.10897967219352722
187,100.58294677734375,98.5596694946289,28.697629928588867,0.008277062326669693,0.00260919239372015,0.010426119901239872,100.0,100.0,30.0,1.4268827677135942,0.2849147617816925,0.11049951612949371
188,100.57888793945312,98.58428955078125,28.69698143005371,-0.0032182447612285614,0.004252614453434944,0.00891443807631731,100.0,100.0,30.0,1.4258219767085771,0.2857150733470917,0.1178787499666214
189,100.57677459716797,98.5982894897461,28.695293426513672,-0.00011237943544983864,0.008921888656914234,0.012891482561826706,0.0,100.0,30.0,1.9149546622469378,0.2848506271839142,0.11394742876291275
190,100.44407653808594,98.6048355102539,28.690387725830078,0.0038432711735367775,-0.22102618217468262,0.01876712590456009,0.0,100.0,30.0,1.9135224723198534,0.27349400520324707,0.11728334426879883
191,99.80521392822266,98.57303619384766,28.67399787902832,0.006372328847646713,-0.22755931317806244,0.010905755683779716,0.0,100.0,30.0,1.9479496570341754,0.28447622060775757,0.09475052356719971
192,98.61969757080078,98.48991394042969,28.660371780395508,0.001278892275877297,-0.2316153198480606,0.012259425595402718,0.0,100.0,30.0,2.018654002030257,0.2117547243833542,0.060450587421655655
193,96.9124984741211,98.40180969238281,28.64906883239746,-0.0009620381752029061,-0.23165324330329895,0.013002388179302216,0.0,100.0,30.0,2.0926603489464433,0.24247999489307404,0.09744216501712799
194,94.73175048828125,98.32776641845703,28.64214515686035,-0.0009389063343405724,-0.22826844453811646,0.014625713229179382,0.0,100.0,30.0,2.1540972684980897,0.23034203052520752,0.07929627597332001
195,92.13201904296875,98.26579284667969,28.639680862426758,-0.00702301412820816,-0.23720496892929077,0.006573832593858242,0.0,100.0,30.0,2.204074227226836,0.23943832516670227,-0.031623080372810364
196,89.14225006103516,98.21510314941406,28.628639221191406,-0.007136614061892033,-0.2317240685224533,0.011415241286158562,0.0,100.0,30.0,2.25088590278411,0.2500276267528534,0.062400009483098984
197,85.82413482666016,98.20059204101562,28.631187438964844,0.0021053296513855457,-0.14876216650009155,0.015112724155187607,0.0,100.0,30.0,2.260866371434305,0.18481862545013428,0.004343735054135323
198,82.40230560302734,98.20639038085938,28.640531539916992,-0.007111981511116028,-0.11393702775239944,0.012655986472964287,0.0,100.0,30.0,2.2505976642616017,0.25780558586120605,0.11963418871164322
199,79.00186157226562,98.2350082397461,28.65534019470215,-0.0021047417540103197,-0.1102285161614418,0.011571384966373444,0.0,100.0,30.0,2.218852211698197,0.3710783123970032,0.10752778500318527
200,75.6287841796875,98.2783203125,28.664268493652344,-0.016166364774107933,-0.11337900906801224,0.009323344565927982,0.0,100.0,30.0,2.179073006773723,0.2627563178539276,0.10279224812984467
201,72.26859283447266,98.3346176147461,28.664306640625,-0.012568457052111626,-0.12168111652135849,0.010179746896028519,0.0,100.0,30.0,2.1348476959366796,0.291597843170166,0.32602831721305847
202,68.91251373291016,98.38546752929688,28.690073013305664,-0.0016801500460132957,-0.11800625175237656,0.014291697181761265,0.0,100.0,30.0,2.0790920812598603,0.2820184826850891,0.4447944462299347
203,65.54205322265625,98.4220199584961,28.685956954956055,0.010998548939824104,-0.10775908082723618,0.013475214131176472,0.0,100.0,30.0,2.053467844455556,0.26052209734916687,0.45549920201301575
204,62.17305374145508,98.39617156982422,28.68052864074707,-0.007141812238842249,-0.10968956351280212,0.01821785792708397,0.0,100.0,30.0,2.0768414098956485,0.1873002052307129,0.4561986029148102
205,58.80986404418945,98.34644317626953,28.68849754333496,-0.01830322854220867,-0.11634446680545807,0.010018967092037201,0.0,100.0,30.0,2.110518625135048,0.1822926253080368,0.42409181594848633
206,55.44482421875,98.30181121826172,28.68881607055664,-0.013984277844429016,-0.10894882678985596,0.010492388159036636,0.0,100.0,30.0,2.1454716277152057,0.20351113379001617,0.38601014018058777
207,52.072242736816406,98.30919647216797,28.69742774963379,-0.018174583092331886,-0.10541486740112305,0.01121289748698473,0.0,100.0,30.0,2.134364297504013,0.2477114200592041,0.42925116419792175
208,48.69743728637695,98.37959289550781,28.69740867614746,0.022992951795458794,-0.11180995404720306,0.014840153977274895,0.0,100.0,30.0,2.0790534765239186,0.27547308802604675,0.4318513572216034
209,45.33066940307617,98.42093658447266,28.704971313476562,0.02479391358792782,-0.11667781323194504,0.011979532428085804,0.0,100.0,30.0,2.04219007357224,0.29658523201942444,0.38515084981918335
210,41.965267181396484,98.4096450805664,28.69303321838379,0.0025367967318743467,-0.10703487694263458,0.02515314519405365,0.0,100.0,30.0,2.058492411055701,0.2914699912071228,0.35971975326538086
211,38.600093841552734,98.36389923095703,28.712770462036133,-0.030304569751024246,-0.12726731598377228,0.007302064914256334,0.0,100.0,30.0,2.0817747289381123,0.2985502779483795,0.3636421263217926
212,35.22378921508789,98.4004135131836,28.714380264282227,0.005444454029202461,-0.10921572148799896,0.010881966911256313,0.0,100.0,30.0,2.052192820054244,0.34330275654792786,0.3323165774345398
213,31.846668243408203,98.43326568603516,28.722148895263672,-0.001420095912180841,-0.11473260074853897,0.017709903419017792,0.0,100.0,30.0,2.021771372604552,0.3928326666355133,0.23634612560272217
214,28.470333099365234,98.46910095214844,28.725997924804688,0.01886719837784767,-0.11499497294425964,0.01341974176466465,0.0,100.0,30.0,1.9916659346731844,0.3160450756549835,0.1580263376235962
215,25.092117309570312,98.49032592773438,28.717449188232422,0.021444587036967278,-0.10667113214731216,0.021336885169148445,0.0,100.0,30.0,1.9809220688138263,0.3611626625061035,0.15996035933494568
216,21.719980239868164,98.49172973632812,28.714004516601562,0.012869773432612419,-0.041921984404325485,0.011604112572968006,0.0,100.0,30.0,1.982085551468207,0.43713638186454773,0.10778611153364182
217,18.590320587158203,98.51188659667969,28.704050064086914,0.07181956619024277,0.23330500721931458,0.014716384932398796,0.0,100.0,30.0,1.973313884075455,0.46448931097984314,0.06399083882570267
218,16.34917640686035,98.32270812988281,28.630725860595703,0.05705941841006279,0.21145662665367126,-0.011891117319464684,0.0,100.0,30.0,2.1652296231230945,0.4419684410095215,0.07027541846036911
219,14.735018730163574,97.96415710449219,28.62611198425293,0.0011144635500386357,-0.21009813249111176,0.008347474969923496,0.0,100.0,30.0,2.45605863022457,0.439301997423172,0.12403331696987152
220,12.783634185791016,97.60589599609375,28.619678497314453,-0.015243815258145332,0.04008641466498375,0.006637462880462408,0.0,100.0,30.0,2.7635162077164006,0.3621962368488312,0.11514466255903244
221,10.946335792541504,97.28205871582031,28.617277145385742,0.018731269985437393,0.09010962396860123,0.02072414942085743,0.0,100.0,30.0,3.0494469909899053,0.27997106313705444,0.12050612270832062
222,9.522562026977539,96.9275131225586,28.61553382873535,-0.012074113823473454,0.014324456453323364,0.018712293356657028,0.0,100.0,30.0,3.3700033232335604,0.3212861120700836,0.1260623037815094
223,8.285889625549316,96.60371398925781,28.62082862854004,-0.01003777515143156,0.10057764500379562,0.0053064036183059216,0.0,100.0,30.0,3.665633813441318,0.3276892900466919,0.09356838464736938
224,7.21416711807251,96.32965850830078,28.62445640563965,0.0006897423882037401,0.03866291791200638,0.018156778067350388,0.0,100.0,30.0,3.919633444690384,0.35557660460472107,0.12492693215608597
225,6.279374599456787,96.06429290771484,28.632015228271484,-0.015416998416185379,0.05561409890651703,0.01670784130692482,0.0,100.0,30.0,4.166674152669196,0.35754257440567017,0.10573884844779968
226,5.488551616668701,95.83699035644531,28.641559600830078,-0.005295539274811745,0.022248800843954086,0.01476383674889803,0.0,100.0,30.0,4.379042314608014,0.37698525190353394,0.12972043454647064
227,4.79306697845459,95.64276885986328,28.64666748046875,-0.013922225683927536,0.026958802714943886,0.005744653288275003,0.0,100.0,30.0,4.562561905057975,0.38500866293907166,0.1263091117143631
228,4.199868202209473,95.46065521240234,28.64838409423828,-0.014773393981158733,0.02363326959311962,0.0120511744171381,0.0,100.0,30.0,4.736297865234678,0.37714532017707825,0.09539560228586197
229,3.704850435256958,95.30329132080078,28.656579971313477,-0.018711505457758904,0.027849707752466202,0.012516374699771404,0.0,100.0,30.0,4.8850640380634225,0.35214874148368835,0.07481610774993896
230,3.268533706665039,95.20574188232422,28.660934448242188,-0.010362583212554455,0.018835870549082756,0.01331270020455122,0.0,100.0,30.0,4.977751109890458,0.3508445620536804,0.02814035676419735
231,2.8837387561798096,95.14517974853516,28.660615921020508,-0.013386959210038185,0.02950253337621689,0.01867545396089554,0.0,100.0,30.0,5.036191966239643,0.34715497493743896,0.03402578830718994
232,2.558979034423828,95.09812927246094,28.664880752563477,-0.018483344465494156,0.002401081845164299,0.005097704939544201,0.0,100.0,30.0,5.080440928199497,0.32583385705947876,0.08371821790933609
233,2.2741496562957764,95.0765151977539,28.667104721069336,-0.003456618869677186,0.0201778132468462,0.013418481685221195,0.0,100.0,30.0,5.100716806902988,0.295798122882843,0.07070187479257584
234,2.0398383140563965,95.0780258178711,28.670244216918945,-0.012628773227334023,0.004122542683035135,0.006817151792347431,0.0,100.0,30.0,5.098438974894517,0.30722635984420776,0.06305881589651108
235,1.8366003036499023,95.10822296142578,28.673851013183594,-0.009741338901221752,0.010751983150839806,0.012632092460989952,0.0,100.0,30.0,5.068348032812613,0.3182542026042938,0.047157127410173416
236,1.6657185554504395,95.1617431640625,28.674711227416992,-0.018623467534780502,-0.0033798059448599815,0.016827400773763657,0.0,100.0,30.0,5.016484935186713,0.32882317900657654,0.05601293221116066
237,1.4959760904312134,95.23889923095703,28.677440643310547,-0.016707655042409897,0.017650507390499115,0.005744054913520813,0.0,100.0,30.0,4.94138056582057,0.3281310796737671,0.04250239208340645
238,1.3700435161590576,95.34931182861328,28.679141998291016,-0.0022738196421414614,0.005921876989305019,0.006011141464114189,0.0,100.0,30.0,4.834621533685035,0.35077401995658875,0.06065201759338379
239,1.2682383060455322,95.46897888183594,28.680198669433594,-0.01035312470048666,-0.0010820090537890792,0.008623793721199036,0.0,100.0,30.0,4.7193249039786265,0.37003207206726074,0.08030537515878677
240,1.1729779243469238,95.6200942993164,28.68123435974121,-0.00016868265811353922,0.029097044840455055,0.016116954386234283,0.0,100.0,30.0,4.574135391270365,0.3714235723018646,0.0733259990811348
241,1.0996977090835571,95.79866027832031,28.6829833984375,-0.0066384728997945786,-0.004976916592568159,0.008930905722081661,0.0,100.0,30.0,4.402929338294926,0.37279394268989563,0.07037655264139175
242,1.0122709274291992,95.995361328125,28.684528350830078,-0.008580115623772144,0.0062412903644144535,0.01015491783618927,0.0,100.0,30.0,4.21516261653978,0.360660582780838,0.04298645630478859
243,0.9447948932647705,96.20672607421875,28.686574935913086,-0.01752486824989319,0.006705902051180601,0.014438803307712078,0.0,100.0,30.0,4.014226339252268,0.34594064950942993,0.03799854591488838
244,0.8933862447738647,96.44905853271484,28.687583923339844,-0.013341671787202358,0.01340874470770359,0.009346607141196728,0.0,100.0,30.0,3.7857128527678716,0.3462754786014557,0.02994290553033352
245,0.8513432741165161,96.70852661132812,28.68471336364746,0.0022795316763222218,0.011374900117516518,0.025744551792740822,0.0,100.0,30.0,3.544541590531147,0.3484804630279541,0.027227254584431648
246,0.8099596500396729,96.97386932373047,28.688140869140625,0.0002035468933172524,0.005829374771565199,0.006712725851684809,0.0,100.0,30.0,3.2982482580331425,0.34941229224205017,0.032994162291288376
247,0.7792157530784607,97.23883056640625,28.687976837158203,0.01596229150891304,-0.009060443378984928,0.011070838198065758,0.0,100.0,30.0,3.0570348815390265,0.343586266040802,0.036278169602155685
248,0.7459298968315125,97.44873046875,28.687978744506836,0.003144055139273405,-0.0007126422715373337,0.009405883029103279,0.0,100.0,30.0,2.868863191526212,0.3390343487262726,0.040496498346328735
249,0.7189925909042358,97.62004089355469,28.687902450561523,0.00039537064731121063,-0.0006513793487101793,0.007803542073816061,0.0,100.0,30.0,2.7176836886434756,0.3502728343009949,0.03654009848833084
250,0.7059123516082764,97.7695541381836,28.68790054321289,2.133904490619898e-05,-0.010649964213371277,0.0024030776694417,0.0,100.0,30.0,2.587758458009134,0.35675713419914246,0.03481221944093704
251,0.6843108534812927,97.9093017578125,28.688390731811523,0.014467820525169373,0.015005002729594707,0.014948668889701366,0.0,100.0,30.0,2.4680636349873324,0.3534105718135834,0.043735072016716
252,0.6750984191894531,98.01502990722656,28.687713623046875,0.0025475367438048124,-0.00882050208747387,0.007732037454843521,0.0,100.0,30.0,2.3795380926596974,0.3524198532104492,0.04317965358495712
253,0.6586812138557434,98.105712890625,28.689844131469727,0.010671304538846016,0.006794414483010769,0.01769432984292507,0.0,100.0,30.0,2.3032221754541062,0.3485766053199768,0.04515563324093819
254,0.6463672518730164,98.16931915283203,28.689960479736328,-0.012288691475987434,0.009062479250133038,0.011821278370916843,0.0,100.0,30.0,2.2511320270492265,0.35102424025535583,0.05003368481993675
255,0.6403802633285522,98.22270965576172,28.687835693359375,-0.007475674618035555,-0.014175469987094402,0.016517074778676033,0.0,100.0,30.0,2.2091935509061114,0.34827178716659546,0.051467470824718475
256,0.6301785707473755,98.2834701538086,28.689208984375,0.000982097233645618,-0.00828186422586441,0.017814481630921364,0.0,100.0,30.0,2.159779488900252,0.3470035195350647,0.054005421698093414
257,0.6143604516983032,98.34501647949219,28.68976593017578,0.0019489952828735113,0.014940296299755573,0.014032674953341484,0.0,100.0,30.0,2.110848977914948,0.3408817648887634,0.05442414432764053
258,0.6223130822181702,98.39922332763672,28.69035530090332,0.015248512849211693,-0.014722206629812717,0.019066529348492622,0.0,100.0,30.0,2.068249338448366,0.3416897654533386,0.0550527423620224
259,0.6064791679382324,98.4291000366211,28.691707611083984,-0.014420672319829464,0.0038164742290973663,0.006824481301009655,0.0,100.0,30.0,2.0443472085604344,0.33833348751068115,0.057587552815675735
260,0.6037932634353638,98.47467041015625,28.691781997680664,0.013102635741233826,-0.0047139618545770645,0.01733708567917347,0.0,100.0,30.0,2.0094936932839693,0.3346901834011078,0.059075720608234406
261,0.6068654656410217,98.4979019165039,28.68777847290039,0.0007061053765937686,0.006342111621052027,0.017462346702814102,0.0,100.0,30.0,1.994548625074045,0.33833348751068115,0.057587552815675735
262,0.6043044328689575,98.51277160644531,28.68970489501953,0.005065579898655415,0.010451998561620712,0.015953967347741127,0.0,100.0,30.0,1.9821001999055605,0.3346901834011078,0.059075720608234406
263,0.6045158505439758,98.52803802490234,28.690841674804688,-0.0038822328206151724,0.001645161071792245,0.013920987956225872,0.0,100.0,30.0,1.9699155991973285,0.3346901834011078,0.059075720608234406
264,0.6078749299049377,98.55277252197266,28.692859649658203,0.009454945102334023,-0.0007841057376936078,0.016497835516929626,0.0,100.0,30.0,1.9501495166313174,0.33833348751068115,0.057587552815675735
265,0.6011642217636108,98.57148742675781,28.691423416137695,-0.004044198431074619,0.007811266463249922,0.01589927449822426,0.0,100.0,30.0,1.937271556555019,0.3346901834011078,0.059075720608234406
266,0.5965349674224854,98.58741760253906,28.690940856933594,-0.0071055400185287,-0.013618160039186478,0.014438389800488949,0.0,100.0,30.0,1.9258828542763278,0.33367791771888733,0.056950509548187256
267,0.5876071453094482,98.60556030273438,28.691938400268555,0.0031241299584507942,0.012850169092416763,0.014242579229176044,0.0,100.0,30.0,1.9119328116912189,0.335679829120636,0.055040501058101654
268,0.5874817371368408,98.60600280761719,28.691957473754883,0.0033313934691250324,0.010149233043193817,0.015491612255573273,0.0,0.0,30.0,1.4339143228190598,0.335679829120636,0.055040501058101654
269,0.5899091958999634,98.26313781738281,28.640439987182617,0.7535272240638733,0.0006241312948986888,0.01862248219549656,0.0,0.0,30.0,1.4820243687246781,0.34044089913368225,0.07450659573078156
270,0.5884807109832764,96.1126708984375,28.452964782714844,0.4649522006511688,-0.020522188395261765,0.011582180857658386,0.0,0.0,30.0,1.6551820208016954,0.40246063470840454,0.010271823965013027
271,0.5239378213882446,92.78089904785156,28.42241859436035,0.1461455374956131,-0.03787314146757126,0.02057546004652977,0.0,0.0,30.0,1.6623098588651828,0.4493173360824585,0.13936804234981537
272,0.38224363327026367,89.22563171386719,28.444734573364258,0.15300177037715912,0.0353887677192688,0.000648168264888227,0.0,0.0,30.0,1.6015495140138019,0.49726998805999756,0.146015003323555
273,0.31379562616348267,85.5646743774414,28.481077194213867,0.13447076082229614,0.026232758536934853,-0.00087329326197505,0.0,0.0,30.0,1.5509977567068194,0.5059529542922974,0.03878173977136612
274,0.36845800280570984,81.869873046875,28.505882263183594,0.12581801414489746,-0.010627171956002712,0.0033333906903862953,0.0,0.0,30.0,1.5388792265545672,0.508903443813324,0.005750622600317001
275,0.45484989881515503,78.168212890625,28.527257919311523,0.1241326779127121,-0.007595183793455362,0.012983257882297039,0.0,0.0,30.0,1.5413816679357928,0.4818761944770813,-0.050737012177705765
276,0.4651240408420563,74.45052337646484,28.539827346801758,0.1252816617488861,0.02374180220067501,0.015989389270544052,0.0,0.0,30.0,1.5324636687573947,0.45791906118392944,0.0006963189807720482
277,0.48168936371803284,70.73703002929688,28.549421310424805,0.11172325164079666,-0.01824190281331539,0.014212763868272305,0.0,0.0,30.0,1.5284641875962175,0.3943972885608673,-0.0822785347700119
278,0.4441218376159668,67.05549621582031,28.568134307861328,0.11466111242771149,0.012004733085632324,0.009171033278107643,0.0,0.0,30.0,1.4991609041978442,0.4623364210128784,-0.13976964354515076
279,0.43540123105049133,63.38884353637695,28.601348876953125,0.12448296695947647,-0.002602615626528859,0.012074535712599754,0.0,0.0,30.0,1.4648547216795778,0.45941662788391113,-0.21824561059474945
280,0.44939106702804565,59.70728302001953,28.601041793823242,0.11234333366155624,-0.010870260186493397,0.011647447943687439,0.0,0.0,30.0,1.4693658300329042,0.49119898676872253,-0.21476541459560394
281,0.45671018958091736,56.02137756347656,28.612810134887695,0.11951540410518646,-0.014007088728249073,0.01591586321592331,0.0,0.0,30.0,1.460438370405382,0.39982905983924866,-0.20478515326976776
282,0.4654924273490906,52.33835220336914,28.632272720336914,0.12148711085319519,-0.016148686408996582,0.017179133370518684,0.0,0.0,30.0,1.444770340776906,0.3694896996021271,-0.023868048563599586
283,0.4795618951320648,48.646881103515625,28.636056900024414,0.11143811047077179,-0.02961321920156479,0.015404830686748028,0.0,0.0,30.0,1.445794052924872,0.4073942005634308,-0.09118153154850006
284,0.45902368426322937,44.96561813354492,28.647769927978516,0.12947161495685577,-0.005229528062045574,0.02066158503293991,0.0,0.0,30.0,1.4280157327901553,0.3349561393260956,-0.09893397986888885
285,0.4630318284034729,41.2734375,28.652719497680664,0.11587373912334442,-0.0085653867572546,0.002696636598557234,0.0,0.0,30.0,1.4246275187127093,0.30045783519744873,-0.03217240050435066
286,0.4690576195716858,37.58753967285156,28.65032958984375,0.11900434643030167,-0.013226722367107868,0.007797276601195335,0.0,0.0,30.0,1.4288545084165332,0.32204070687294006,0.17778685688972473
287,0.4628075063228607,33.90532302856445,28.6434383392334,0.10181272029876709,-0.008528919890522957,0.0006461090524680912,0.0,0.0,30.0,1.4333352517799287,0.3357574939727783,0.1552472859621048
288,0.42963001132011414,30.23291778564453,28.644794464111328,0.11907543241977692,0.014745982363820076,0.0004745672340504825,0.0,0.0,30.0,1.4216764689375323,0.21132728457450867,0.1830260008573532
289,0.41973480582237244,26.564260482788086,28.648479461669922,0.11726421862840652,0.015473561361432076,0.009204520843923092,0.0,0.0,30.0,1.4151978923421618,0.06731918454170227,0.09327911585569382
290,0.44438645243644714,22.887134552001953,28.647205352783203,0.12400747835636139,0.006439435761421919,0.013258885592222214,0.0,0.0,30.0,1.423914475506949,0.04569598287343979,0.17750826478004456
291,0.47288715839385986,19.28826904296875,28.678428649902344,-0.0151420459151268,0.023303980007767677,0.006524654105305672,0.0,0.0,30.0,1.4036285260027772,0.04999493435025215,-0.005915853660553694
292,0.4958511292934418,15.978927612304688,28.68277931213379,-0.0022852502297610044,0.025010183453559875,0.019040949642658234,0.0,0.0,30.0,1.4074583294312761,-0.011211840435862541,-0.026197342202067375
293,0.5145128965377808,12.923445701599121,28.689529418945312,-0.02595512941479683,0.014610092155635357,0.01233687810599804,0.0,0.0,30.0,1.407855363118712,-0.030984122306108475,-0.10682599246501923
294,0.5372766256332397,10.105917930603027,28.704015731811523,-0.03696233406662941,-0.02358805574476719,0.0017134812660515308,0.0,0.0,30.0,1.4029402020350512,0.011642640456557274,-0.18557429313659668
295,0.5092062950134277,7.494164943695068,28.700122833251953,-0.002482876880094409,-0.010202023200690746,0.0146003607660532,0.0,0.0,30.0,1.396055741654677,0.043536774814128876,-0.2842297852039337
296,0.4902464747428894,5.021896839141846,28.691896438598633,0.0024236771278083324,0.031895652413368225,0.012068215757608414,0.0,0.0,30.0,1.3969526532668017,-0.03535313159227371,-0.2939346730709076
297,0.5341678261756897,2.6761839389801025,28.68886947631836,-0.005614661145955324,-0.019309280440211296,0.015634585171937943,0.0,0.0,30.0,1.415767808107947,0.0065416633151471615,-0.2210696041584015
298,0.5453794002532959,1.3741971254348755,28.691802978515625,-0.01971486397087574,-0.020792245864868164,0.012678098864853382,0.0,0.0,30.0,1.4173278666860964,0.008691870607435703,-0.21094734966754913
