,X,Y,Z,Roll,Pitch,Yaw,WPX,WPY,WPZ,TTE
0,0.21761472523212433,0.25592106580734253,29.994705200195312,0.23279547691345215,0.3677588701248169,0.012463025748729706,100.0,0.0,30.0,0.0
1,1.2892800569534302,0.561047375202179,29.95870590209961,0.2903952896595001,0.38974645733833313,0.0023979952093213797,100.0,0.0,30.0,0.0
2,3.3047657012939453,0.7210878729820251,29.9310245513916,0.28510555624961853,0.3771992027759552,0.007993996143341064,100.0,0.0,30.0,0.0
3,6.150178909301758,0.8379809260368347,29.908964157104492,0.27523472905158997,0.3096953332424164,-0.022114748135209084,100.0,0.0,30.0,0.0
4,9.550710678100586,0.8575629591941833,29.901952743530273,0.30790841579437256,0.1669892519712448,-0.022616155445575714,100.0,0.0,30.0,0.0
5,13.04260540008545,0.7453747987747192,29.913713455200195,0.2894018888473511,0.11263395100831985,0.0070647369138896465,100.0,0.0,30.0,0.0
6,16.5244140625,0.6561106443405151,29.925703048706055,0.2816183567047119,0.1099812388420105,-0.007983217015862465,100.0,0.0,30.0,0.0
7,20.018537521362305,0.586206316947937,29.941633224487305,0.3029000461101532,0.10920397937297821,0.0013062291545793414,100.0,0.0,30.0,0.0
8,23.50484275817871,0.5309263467788696,29.94672203063965,0.30950984358787537,0.11201253533363342,-0.0005035011563450098,100.0,0.0,30.0,0.0
9,26.981021881103516,0.4668453335762024,29.9575252532959,0.2958112359046936,0.10876152664422989,-0.0045305234380066395,100.0,0.0,30.0,0.0
10,30.53077507019043,0.5107006430625916,29.876447677612305,0.23832271993160248,0.14568525552749634,-0.001186678884550929,100.0,0.0,30.0,0.0
11,34.18389129638672,0.730042040348053,29.78545379638672,0.25852546095848083,0.10973838716745377,0.006411501206457615,100.0,0.0,30.0,0.0
12,37.822818756103516,1.0483311414718628,29.702848434448242,0.2516912817955017,0.10813479870557785,0.00599233852699399,100.0,0.0,30.0,0.0
13,41.451271057128906,1.3882405757904053,29.626577377319336,0.2544076442718506,0.11520279198884964,0.005811148323118687,100.0,0.0,30.0,0.0
14,45.09348678588867,1.8119163513183594,29.551198959350586,0.25040996074676514,0.10881084948778152,0.009462621062994003,100.0,0.0,30.0,0.0
15,48.74234390258789,2.2792060375213623,29.481348037719727,0.2434399425983429,0.10445389896631241,0.013412394560873508,100.0,0.0,30.0,0.0
16,52.38423538208008,2.7914695739746094,29.428564071655273,0.25045686960220337,0.10401275753974915,0.008857596665620804,100.0,0.0,30.0,0.0
17,56.02421188354492,3.2984778881073,29.379928588867188,0.26281285285949707,0.10957597196102142,0.011273964308202267,100.0,0.0,30.0,0.0
18,59.6579704284668,3.765286922454834,29.33704376220703,0.25738289952278137,0.11853429675102234,0.010516700334846973,100.0,0.0,30.0,0.0
19,63.28833770751953,4.223865032196045,29.304237365722656,0.2570323944091797,0.11863914877176285,0.008400538004934788,100.0,0.0,30.0,0.0
20,66.92926788330078,4.678059101104736,29.26313018798828,0.24877028167247772,0.11257824301719666,0.014574258588254452,100.0,0.0,30.0,0.0
21,70.56571197509766,5.1470561027526855,29.238609313964844,0.26729509234428406,0.11754245311021805,0.018483474850654602,100.0,0.0,30.0,0.0
22,74.19700622558594,5.620658874511719,29.192445755004883,0.26350897550582886,0.10375092178583145,0.006111585535109043,100.0,0.0,30.0,0.0
23,77.82176971435547,6.045516490936279,29.168880462646484,0.26409682631492615,0.08172611147165298,0.0018347427248954773,100.0,0.0,30.0,0.0
24,81.30342864990234,6.463064193725586,29.14780044555664,0.2653842866420746,-0.05724014714360237,-0.006310334429144859,100.0,0.0,30.0,0.0
25,84.43110656738281,6.869860649108887,29.118877410888672,0.2515164315700531,-0.04373243823647499,0.0098152756690979,100.0,0.0,30.0,0.0
26,87.22140502929688,7.310166835784912,29.110567092895508,0.252818763256073,-0.05983315780758858,0.01052742451429367,100.0,0.0,30.0,0.0
27,89.69271850585938,7.796320915222168,29.099885940551758,0.26048773527145386,-0.06914535909891129,0.0035941703245043755,100.0,0.0,30.0,0.0
28,91.87211608886719,8.297597885131836,29.086793899536133,0.2531353831291199,-0.05401886999607086,0.007531401235610247,100.0,0.0,30.0,0.0
29,93.80471801757812,8.819291114807129,29.06850814819336,0.25423380732536316,-0.03880875185132027,0.02614007703959942,100.0,0.0,30.0,0.0
30,95.52676391601562,9.375676155090332,29.052766799926758,0.25577512383461,-0.05622631311416626,0.008302279748022556,100.0,0.0,30.0,0.0
31,97.04744720458984,9.932537078857422,29.04415512084961,0.2595610022544861,-0.07349667698144913,0.002174436580389738,100.0,0.0,30.0,0.0
32,98.37320709228516,10.506542205810547,29.038097381591797,0.2663232982158661,-0.07040420919656754,0.008879616856575012,100.0,0.0,30.0,0.0
33,99.49647521972656,11.089373588562012,29.03277587890625,0.2579460144042969,-0.06143897771835327,0.01762193813920021,100.0,0.0,30.0,0.0
34,100.43268585205078,11.67990493774414,29.02252197265625,0.2521754801273346,-0.05845227465033531,0.01601140946149826,100.0,0.0,30.0,0.0
35,101.1980972290039,12.271551132202148,29.017772674560547,0.258627325296402,-0.06802810728549957,0.01516684889793396,100.0,0.0,30.0,0.0
36,101.78657531738281,12.855545997619629,29.010358810424805,0.24899165332317352,-0.05180741846561432,0.016967013478279114,100.0,0.0,30.0,0.0
37,102.22077941894531,13.438575744628906,29.005678176879883,0.24902459979057312,-0.06895507127046585,0.015540903434157372,100.0,0.0,30.0,0.0
38,102.49738311767578,14.017925262451172,29.001615524291992,0.2644351124763489,-0.07041144371032715,0.010486474260687828,100.0,0.0,30.0,0.0
39,102.6182861328125,14.585015296936035,28.99468994140625,0.2647402882575989,-0.06767020374536514,0.007429535035043955,100.0,0.0,30.0,0.0
40,102.58873748779297,15.144551277160645,28.987783432006836,0.2571159303188324,-0.05338797718286514,0.017251525074243546,100.0,0.0,30.0,0.0
41,102.41513061523438,15.711617469787598,28.982398986816406,0.2502553164958954,-0.03047001175582409,0.02196875773370266,100.0,0.0,30.0,0.0
42,102.16456604003906,16.285499572753906,28.97693634033203,0.25840336084365845,0.01987120322883129,0.011823853477835655,100.0,0.0,30.0,0.0
43,101.96600341796875,16.85957908630371,28.974746704101562,0.26060232520103455,-0.001647524069994688,-0.0026480790693312883,100.0,0.0,30.0,0.0
44,101.8350601196289,17.423477172851562,28.970998764038086,0.2671692967414856,0.007538909558206797,0.008498696610331535,100.0,0.0,30.0,0.0
45,101.74103546142578,17.975971221923828,28.9691104888916,0.26214998960494995,-0.006346418522298336,0.003951612394303083,100.0,0.0,30.0,0.0
46,101.6624755859375,18.530208587646484,28.965986251831055,0.2552538216114044,-0.007033132016658783,0.008088008500635624,100.0,0.0,30.0,0.0
47,101.59276580810547,19.086923599243164,28.962718963623047,0.255778968334198,-0.004479344002902508,0.002648061839863658,100.0,0.0,30.0,0.0
48,101.53317260742188,19.638378143310547,28.961063385009766,0.26035168766975403,-0.0016559695359319448,0.006167277693748474,100.0,0.0,30.0,0.0
49,101.48020935058594,20.192882537841797,28.960311889648438,0.2653524577617645,-0.007081624586135149,0.00429255235940218,100.0,0.0,30.0,0.0
50,101.43090057373047,20.7371826171875,28.958860397338867,0.2523971498012543,-0.003447119612246752,0.004420367069542408,100.0,0.0,30.0,0.0
51,101.39421081542969,21.289268493652344,28.956501007080078,0.25204962491989136,0.01747189462184906,0.018057459965348244,100.0,0.0,30.0,0.0
52,101.3633041381836,21.84063148498535,28.95380210876465,0.25218936800956726,-0.0013125399127602577,0.01454859133809805,100.0,0.0,30.0,0.0
53,101.33653259277344,22.388059616088867,28.953380584716797,0.2580972909927368,-0.006600864697247744,0.00031033833511173725,100.0,0.0,30.0,0.0
54,101.31070709228516,22.94024085998535,28.95171546936035,0.2559269368648529,-0.003416718216612935,-0.008573919534683228,100.0,0.0,30.0,0.0
55,101.29866790771484,23.4934024810791,28.948944091796875,0.2502788305282593,-0.007673076819628477,0.006435623858124018,100.0,0.0,30.0,0.0
56,101.28655242919922,24.048429489135742,28.950958251953125,0.26192277669906616,-0.009321628138422966,0.0032433122396469116,100.0,0.0,30.0,0.0
57,101.26962280273438,24.590728759765625,28.950340270996094,0.25635600090026855,-0.008388864807784557,0.009101402945816517,100.0,0.0,30.0,0.0
58,101.24728393554688,25.14137077331543,28.948638916015625,0.2537098228931427,-0.0018858839757740498,0.010532471351325512,100.0,0.0,30.0,0.0
59,101.22799682617188,25.695335388183594,28.948856353759766,0.25763019919395447,-0.0007438093307428062,0.014281652867794037,100.0,0.0,30.0,0.0
60,101.2160873413086,26.250877380371094,28.950212478637695,0.2572992444038391,-0.008948654867708683,0.003337895032018423,100.0,0.0,30.0,0.0
61,101.1968002319336,26.80312156677246,28.95032501220703,0.25341206789016724,-0.003164136316627264,0.014375487342476845,100.0,0.0,30.0,0.0
62,101.16838836669922,27.361549377441406,28.950868606567383,0.26671651005744934,0.009758714586496353,0.009454888291656971,100.0,0.0,30.0,0.0
63,101.1488265991211,27.908842086791992,28.94976043701172,0.24900348484516144,0.00964352022856474,0.013097223825752735,100.0,0.0,30.0,0.0
64,101.14543914794922,28.45782470703125,28.946292877197266,0.24857567250728607,0.00653452193364501,0.016394367441534996,100.0,0.0,30.0,0.0
65,101.13905334472656,29.02309799194336,28.943769454956055,0.2496681809425354,0.005140081979334354,0.017528489232063293,100.0,0.0,30.0,0.0
66,101.13127136230469,29.598981857299805,28.943937301635742,0.2512923777103424,0.005162302870303392,0.01667466014623642,100.0,0.0,30.0,0.0
67,101.12776947021484,30.180736541748047,28.94243049621582,0.24753648042678833,-0.002164251869544387,0.013576275669038296,100.0,0.0,30.0,0.0
68,101.12054443359375,30.768310546875,28.9439640045166,0.26545363664627075,-0.0034913786221295595,0.006161854602396488,100.0,0.0,30.0,0.0
69,101.10758972167969,31.33582878112793,28.94356346130371,0.25697430968284607,0.0007128513534553349,0.004996181931346655,100.0,0.0,30.0,0.0
70,101.10006713867188,31.900989532470703,28.94337272644043,0.26589810848236084,-0.005568242631852627,0.0020599402487277985,100.0,0.0,30.0,0.0
71,101.10563659667969,32.45863723754883,28.944019317626953,0.2538488805294037,0.00715505238622427,0.012558504939079285,100.0,0.0,30.0,0.0
72,101.11160278320312,33.01943588256836,28.942781448364258,0.2561982572078705,0.003715335391461849,0.01504498440772295,100.0,0.0,30.0,0.0
73,101.11304473876953,33.57913589477539,28.943614959716797,0.2557455897331238,-0.0028586857952177525,0.00412426982074976,100.0,0.0,30.0,0.0
74,101.12214660644531,34.13584899902344,28.940629959106445,0.24074804782867432,0.0015590365510433912,0.01608365774154663,100.0,0.0,30.0,0.0
75,101.12173461914062,34.70969772338867,28.940759658813477,0.26328837871551514,-0.004962032660841942,0.007153048180043697,100.0,0.0,30.0,0.0
76,101.11676025390625,35.27827072143555,28.938838958740234,0.2466261386871338,0.0007358297007158399,0.011471912264823914,100.0,0.0,30.0,0.0
77,101.10748291015625,35.85795211791992,28.93793487548828,0.245916947722435,0.010280580259859562,0.015477471053600311,100.0,0.0,30.0,0.0
78,101.10295867919922,36.44230651855469,28.938194274902344,0.24325640499591827,0.0027415913064032793,0.0032898415811359882,100.0,0.0,30.0,0.0
79,101.10556030273438,37.04142379760742,28.937402725219727,0.24853335320949554,0.00031036639120429754,0.0034762932918965816,100.0,0.0,30.0,0.0
80,101.10620880126953,37.64386749267578,28.93582534790039,0.2435053586959839,0.010083676315844059,0.018559793010354042,100.0,0.0,30.0,0.0
81,101.11148834228516,38.24985122680664,28.938413619995117,0.25884944200515747,-0.003137548454105854,0.002343311905860901,100.0,0.0,30.0,0.0
82,101.11421966552734,38.84628677368164,28.935348510742188,0.25280874967575073,-0.013638203963637352,0.007841071113944054,100.0,0.0,30.0,0.0
83,101.11347198486328,39.439208984375,28.937267303466797,0.2555443048477173,0.007866054773330688,0.0075491927564144135,100.0,0.0,30.0,0.0
84,101.10926818847656,40.03304672241211,28.932775497436523,0.2436549961566925,-0.0033993034157902002,0.009391626343131065,100.0,0.0,30.0,0.0
85,101.10669708251953,40.643218994140625,28.93389320373535,0.2581792175769806,0.00620284304022789,0.01594986394047737,100.0,0.0,30.0,0.0
86,101.11122131347656,41.247928619384766,28.93589973449707,0.24872268736362457,-0.0007949997670948505,0.004636176861822605,100.0,0.0,30.0,0.0
87,101.11150360107422,41.846031188964844,28.937097549438477,0.26377072930336,0.0013459038455039263,0.007446118164807558,100.0,0.0,30.0,0.0
88,101.11386108398438,42.426300048828125,28.93928337097168,0.26515430212020874,-0.002509341575205326,0.007780438754707575,100.0,0.0,30.0,0.0
89,101.11833190917969,42.98908996582031,28.93815803527832,0.2501840889453888,-0.0021378316450864077,0.018859997391700745,100.0,0.0,30.0,0.0
90,101.11075592041016,43.563018798828125,28.939838409423828,0.25881025195121765,-0.012291588820517063,0.008043521083891392,100.0,0.0,30.0,0.0
91,101.09835052490234,44.13252258300781,28.93955421447754,0.25590604543685913,-0.003669183934107423,0.012791328132152557,100.0,0.0,30.0,0.0
92,101.0843276977539,44.69953918457031,28.939844131469727,0.25533154606819153,0.004465687088668346,0.0209023617208004,100.0,0.0,30.0,0.0
93,101.07023620605469,45.269954681396484,28.940689086914062,0.2571241855621338,0.01093236543238163,0.011685837060213089,100.0,0.0,30.0,0.0
94,101.0634994506836,45.8369140625,28.942115783691406,0.2633448541164398,-0.0061555178835988045,0.008451960980892181,100.0,0.0,30.0,0.0
95,101.0596923828125,46.385684967041016,28.946630477905273,0.2691604495048523,0.003974190913140774,0.006187001243233681,100.0,0.0,30.0,0.0
96,101.05927276611328,46.92428207397461,28.94269371032715,0.2492290437221527,0.006319674663245678,0.018056124448776245,100.0,0.0,30.0,0.0
97,101.06102752685547,47.47148132324219,28.94563865661621,0.26587021350860596,0.008750464767217636,0.0018127979710698128,100.0,0.0,30.0,0.0
98,101.07308959960938,48.005615234375,28.944250106811523,0.24904072284698486,0.0033871859777718782,0.010247267782688141,100.0,0.0,30.0,0.0
99,101.07616424560547,48.54901885986328,28.94270896911621,0.25372833013534546,-0.021358463913202286,0.0050059654749929905,100.0,0.0,30.0,0.0
100,101.05899047851562,49.11300277709961,28.940311431884766,0.2540453374385834,0.004598586354404688,0.013087502680718899,100.0,0.0,30.0,0.0
101,101.04424285888672,49.671875,28.94269561767578,0.2545630633831024,0.0026382619980722666,0.007365073077380657,100.0,0.0,30.0,0.0
102,101.04325103759766,50.2199821472168,28.94240379333496,0.2566688656806946,-0.00826491229236126,0.010868755169212818,100.0,0.0,30.0,0.0
103,101.0396728515625,50.76332092285156,28.943918228149414,0.255487322807312,0.0025084749795496464,0.009365126490592957,100.0,0.0,30.0,0.0
104,101.03997039794922,51.31211471557617,28.94303321838379,0.2545713782310486,-0.00255579873919487,0.019302522763609886,100.0,0.0,30.0,0.0
105,101.0353012084961,51.86107635498047,28.945201873779297,0.26504313945770264,-0.0006503777694888413,0.009528369642794132,100.0,0.0,30.0,0.0
106,101.02964782714844,52.402305603027344,28.943330764770508,0.246843159198761,-0.0055717290379107,0.016424646601080894,100.0,0.0,30.0,0.0
107,101.02452850341797,52.96067810058594,28.942495346069336,0.24934269487857819,0.021769128739833832,0.021108992397785187,100.0,0.0,30.0,0.0
108,101.01921081542969,53.531333923339844,28.94272804260254,0.251461386680603,0.0029029021970927715,0.016931502148509026,100.0,0.0,30.0,0.0
109,101.01263427734375,54.098114013671875,28.942113876342773,0.2558903992176056,0.011809105984866619,0.006846638862043619,100.0,0.0,30.0,0.0
110,101.01594543457031,54.66376876831055,28.94122886657715,0.2610650360584259,-0.0003479348961263895,0.015213970094919205,100.0,0.0,30.0,0.0
111,101.02305603027344,55.23368835449219,28.94192886352539,0.2523074746131897,-0.0036890446208417416,0.013719219714403152,100.0,0.0,30.0,0.0
112,101.02284240722656,55.80900955200195,28.941267013549805,0.2594110071659088,0.007819054648280144,0.002026606583967805,100.0,0.0,30.0,0.0
113,101.02923583984375,56.36707305908203,28.943138122558594,0.25674471259117126,0.007263305131345987,0.024651305750012398,100.0,0.0,30.0,0.0
114,101.02960968017578,56.9246940612793,28.94191551208496,0.24727971851825714,0.009125486016273499,0.011451962403953075,100.0,0.0,30.0,0.0
115,101.03013610839844,57.48587417602539,28.94198989868164,0.2544136941432953,0.005166672635823488,0.013174889609217644,100.0,0.0,30.0,0.0
116,101.02506256103516,58.0543098449707,28.939088821411133,0.2506198585033417,-0.0005942401476204395,0.008367862552404404,100.0,0.0,30.0,0.0
117,101.01856994628906,58.633567810058594,28.940221786499023,0.24942174553871155,0.015965893864631653,0.013715207576751709,100.0,0.0,30.0,0.0
118,101.02545166015625,59.21717834472656,28.93782615661621,0.24777059257030487,0.010906750336289406,0.019104670733213425,100.0,0.0,30.0,0.0
119,101.0280990600586,59.801483154296875,28.938196182250977,0.25979581475257874,-0.01033005677163601,0.010004280135035515,100.0,0.0,30.0,0.0
120,101.03013610839844,60.38066101074219,28.938575744628906,0.25234898924827576,0.0035300340969115496,0.010771126486361027,100.0,0.0,30.0,0.0
121,101.03815460205078,60.947052001953125,28.938980102539062,0.2549915611743927,0.0028077070601284504,0.008548264391720295,100.0,0.0,30.0,0.0
122,101.04434967041016,61.50865936279297,28.937768936157227,0.2486628293991089,0.007854952476918697,0.023906251415610313,100.0,0.0,30.0,0.0
123,101.04254150390625,62.07091522216797,28.94092559814453,0.2530425786972046,-0.006362796761095524,0.014087582938373089,100.0,0.0,30.0,0.0
124,101.03721618652344,62.62697219848633,28.939350128173828,0.25671395659446716,-0.007288190536201,0.01411756407469511,100.0,0.0,30.0,0.0
125,101.01934051513672,63.182952880859375,28.94059944152832,0.26888689398765564,0.003953969106078148,0.01540684886276722,100.0,0.0,30.0,0.0
126,101.00647735595703,63.718360900878906,28.940139770507812,0.25110018253326416,0.00978403352200985,0.012465687468647957,100.0,0.0,30.0,0.0
127,101.00418090820312,64.25311279296875,28.94188690185547,0.255583256483078,-0.008140911348164082,0.006056694313883781,100.0,0.0,30.0,0.0
128,101.0029296875,64.78944396972656,28.941818237304688,0.2570895552635193,0.004102515522390604,0.017281770706176758,100.0,0.0,30.0,0.0
129,101.00553131103516,65.32001495361328,28.943408966064453,0.2616065740585327,-0.004523163195699453,0.0072764866054058075,100.0,0.0,30.0,0.0
130,101.01607513427734,65.83871459960938,28.94505500793457,0.25849324464797974,0.00048113917000591755,0.012318099848926067,100.0,0.0,30.0,0.0
131,101.03255462646484,66.34919738769531,28.947612762451172,0.2612542510032654,-0.01590213179588318,0.0015178248286247253,100.0,0.0,30.0,0.0
132,101.03388214111328,66.86709594726562,28.944551467895508,0.24770332872867584,0.0026898595970124006,0.010325773619115353,100.0,0.0,30.0,0.0
133,101.03402709960938,67.4017562866211,28.941997528076172,0.24427758157253265,-0.0013933766167610884,0.00477461377158761,100.0,0.0,30.0,0.0
134,101.03800201416016,67.95024871826172,28.942659378051758,0.2577967941761017,0.008601278997957706,0.01159245427697897,100.0,0.0,30.0,0.0
135,101.03907775878906,68.50131225585938,28.943370819091797,0.2576713263988495,0.001855726120993495,0.009538463316857815,100.0,0.0,30.0,0.0
136,101.03929138183594,69.05318450927734,28.941612243652344,0.2546888589859009,-0.011569004505872726,0.002887057140469551,100.0,0.0,30.0,0.0
137,101.03557586669922,69.61666107177734,28.940950393676758,0.254500150680542,0.0036419807001948357,0.01283381599932909,100.0,0.0,30.0,0.0
138,101.0346450805664,70.17440032958984,28.942575454711914,0.2573767900466919,-0.009257097728550434,0.0070181190967559814,100.0,0.0,30.0,0.0
139,101.02565002441406,70.7400131225586,28.940357208251953,0.2504903972148895,0.00014541647396981716,0.014409298077225685,100.0,0.0,30.0,0.0
140,101.0164794921875,71.31514739990234,28.940414428710938,0.24521353840827942,0.011410696431994438,0.01894320733845234,100.0,0.0,30.0,0.0
141,101.010498046875,71.89708709716797,28.94052505493164,0.2557947337627411,0.0013013381976634264,0.007951988838613033,100.0,0.0,30.0,0.0
142,101.01249694824219,72.48406219482422,28.93949317932129,0.25051525235176086,0.00571985449641943,0.014309383928775787,100.0,0.0,30.0,0.0
143,101.01781463623047,73.06484985351562,28.94007682800293,0.25580504536628723,0.005486247595399618,0.013914238661527634,100.0,0.0,30.0,0.0
144,101.01737213134766,73.64215087890625,28.940685272216797,0.25957080721855164,0.002949002431705594,0.00848681852221489,100.0,0.0,30.0,0.0
145,101.01874542236328,74.20733642578125,28.941192626953125,0.26281508803367615,0.003376007080078125,0.010657674632966518,100.0,0.0,30.0,0.0
146,101.01770782470703,74.76448822021484,28.942007064819336,0.2653425931930542,-0.010605981573462486,0.005449716933071613,100.0,0.0,30.0,0.0
147,101.01000213623047,75.3155746459961,28.939067840576172,0.25516438484191895,-0.009198280051350594,0.006034068763256073,100.0,0.0,30.0,0.0
148,101.00619506835938,75.87116241455078,28.941402435302734,0.2552453279495239,0.001742286840453744,0.008156263269484043,100.0,0.0,30.0,0.0
149,101.00782012939453,76.4287109375,28.94124984741211,0.24858291447162628,0.004410737194120884,0.01693028211593628,100.0,0.0,30.0,0.0
150,101.00985717773438,76.9907455444336,28.945810317993164,0.26342666149139404,0.00816518533974886,0.01821836829185486,100.0,0.0,30.0,0.0
151,101.00233459472656,77.53952026367188,28.944231033325195,0.2547043263912201,-0.002819791669026017,0.009271493181586266,100.0,0.0,30.0,0.0
152,101.00144958496094,78.08635711669922,28.945362091064453,0.2601185441017151,-0.007182580418884754,0.006140086799860001,100.0,0.0,30.0,0.0
153,101.00188446044922,78.6213150024414,28.946144104003906,0.2555469572544098,0.0024507048074156046,0.010858253575861454,100.0,0.0,30.0,0.0
154,101.00283813476562,79.1573715209961,28.945323944091797,0.2526503801345825,0.006279035471379757,0.004551513586193323,100.0,0.0,30.0,0.0
155,101.00794219970703,79.71867370605469,28.943023681640625,0.2592865228652954,-0.0016371101373806596,0.0011968843173235655,100.0,0.0,30.0,0.0
156,101.01725006103516,80.29472351074219,28.9416446685791,0.24728789925575256,-0.008688214235007763,0.006463329773396254,100.0,0.0,30.0,0.0
157,101.0177230834961,80.8870849609375,28.938669204711914,0.25125306844711304,-0.00242127338424325,0.00901206023991108,100.0,0.0,30.0,0.0
158,101.0121078491211,81.48439025878906,28.939373016357422,0.25911378860473633,-0.00435715401545167,0.011751518584787846,100.0,0.0,30.0,0.0
159,101.00273895263672,82.0720443725586,28.938268661499023,0.24873025715351105,0.00735714565962553,0.02030668593943119,100.0,0.0,30.0,0.0
160,100.99385070800781,82.66356658935547,28.93752670288086,0.2503297030925751,0.00463450700044632,0.010344095528125763,100.0,0.0,30.0,0.0
161,100.98957824707031,83.26338195800781,28.935457229614258,0.24833188951015472,-0.0026053034234791994,0.01025536097586155,100.0,0.0,30.0,0.0
162,100.98299407958984,83.86738586425781,28.933753967285156,0.25350165367126465,0.006432599853724241,0.016078757122159004,100.0,0.0,30.0,0.0
163,100.9820785522461,84.46237182617188,28.935827255249023,0.25860393047332764,0.0011406451230868697,0.01405558455735445,100.0,0.0,30.0,0.0
164,100.98604583740234,85.05218505859375,28.935794830322266,0.2476193606853485,0.015075674280524254,0.01704629883170128,100.0,0.0,30.0,0.0
165,100.99491882324219,85.64836120605469,28.934425354003906,0.24781255424022675,0.001718325074762106,0.01637652888894081,100.0,0.0,30.0,0.0
166,100.99551391601562,86.24526977539062,28.936017990112305,0.2586502134799957,0.00790194608271122,0.011033869348466396,100.0,0.0,30.0,0.0
167,100.99409484863281,86.84192657470703,28.934694290161133,0.2484031468629837,0.006627687253057957,0.009489192627370358,100.0,0.0,30.0,0.0
168,100.98568725585938,87.44183349609375,28.92928123474121,0.24375934898853302,0.008530765771865845,0.019070304930210114,100.0,0.0,30.0,0.0
169,100.98419952392578,88.03102111816406,28.93416976928711,0.25414761900901794,0.00619940459728241,0.004376071039587259,100.0,0.0,30.0,0.0
170,100.9944076538086,88.60676574707031,28.930879592895508,0.24628005921840668,-0.012410719878971577,0.01637497916817665,100.0,0.0,30.0,0.0
171,100.99205780029297,89.19039154052734,28.931814193725586,0.2601570188999176,-0.012011691927909851,0.007586694322526455,100.0,0.0,30.0,0.0
172,100.9812240600586,89.7732925415039,28.931747436523438,0.2562001645565033,0.006288701202720404,0.017565179616212845,100.0,0.0,30.0,0.0
173,100.97505950927734,90.35502624511719,28.933115005493164,0.2609493136405945,0.00509981531649828,0.013650866225361824,100.0,0.0,30.0,0.0
174,100.97314453125,90.92416381835938,28.93353843688965,0.25857195258140564,0.003099671797826886,0.017864633351564407,100.0,0.0,30.0,0.0
175,100.97115325927734,91.48770904541016,28.9335994720459,0.2485409379005432,-0.0058876583352684975,0.006267797667533159,100.0,0.0,30.0,0.0
176,100.96997833251953,92.06011199951172,28.936214447021484,0.2529985308647156,0.0038972930051386356,0.012612671591341496,100.0,0.0,30.0,0.0
177,100.97066497802734,92.63712310791016,28.937829971313477,0.254599928855896,-0.004839807283133268,0.00936843827366829,100.0,0.0,30.0,0.0
178,100.97088623046875,93.22471618652344,28.93254852294922,0.24162018299102783,-0.013150215148925781,0.014629966579377651,100.0,0.0,30.0,0.0
179,100.96556854248047,93.83334350585938,28.93177032470703,0.25010740756988525,-0.0019048721296712756,0.015096118673682213,100.0,0.0,30.0,0.0
180,100.95660400390625,94.43138885498047,28.934309005737305,0.2588036358356476,0.006432106718420982,0.010498927906155586,100.0,0.0,30.0,0.0
181,100.95469665527344,95.01681518554688,28.936464309692383,0.26562389731407166,-0.004634747747331858,0.0006767576560378075,100.0,0.0,30.0,0.0
182,100.96163177490234,95.58263397216797,28.936126708984375,0.2549450397491455,-0.0024606878869235516,0.022046035155653954,100.0,0.0,30.0,0.0
183,100.96753692626953,96.14482879638672,28.937700271606445,0.2642989754676819,-0.0038946601562201977,0.009362534619867802,100.0,0.0,30.0,0.0
184,100.96739196777344,96.69196319580078,28.93928337097168,0.25286656618118286,0.006240151356905699,0.002976516494527459,100.0,0.0,30.0,0.0
185,100.96713256835938,97.2341537475586,28.940448760986328,0.261167049407959,0.0016352491220459342,0.011799275875091553,100.0,0.0,30.0,0.0
186,100.96964263916016,97.76314544677734,28.94102668762207,0.2503346800804138,-0.006351117044687271,0.00800502672791481,100.0,0.0,30.0,0.0
187,100.97008514404297,98.29486083984375,28.939790725708008,0.25548067688941956,-0.010516035370528698,-0.0003194719320163131,100.0,0.0,30.0,0.0
188,100.97537231445312,98.83440399169922,28.941020965576172,0.25174927711486816,-0.0007794403354637325,0.009428695775568485,100.0,0.0,30.0,0.0
189,100.9718246459961,99.37910461425781,28.941570281982422,0.25805434584617615,0.001147920498624444,0.006552370730787516,100.0,0.0,30.0,0.0
190,100.97100067138672,99.91943359375,28.941715240478516,0.2518697679042816,-0.0010091233998537064,0.01134582981467247,100.0,0.0,30.0,0.0
191,100.9709701538086,100.46015167236328,28.942798614501953,0.26287728548049927,-0.010916182771325111,-0.0006564602954313159,100.0,0.0,30.0,0.0
192,100.97477722167969,100.98867797851562,28.941177368164062,0.25157827138900757,0.005732799880206585,0.022382589057087898,100.0,0.0,30.0,0.0
193,100.98104858398438,101.52564239501953,28.942066192626953,0.258303701877594,-0.006806563585996628,0.011746793985366821,100.0,0.0,30.0,0.0
194,100.98146057128906,102.06439208984375,28.942590713500977,0.25763577222824097,0.010830030776560307,0.016748137772083282,100.0,0.0,30.0,0.0
195,100.97234344482422,102.60050201416016,28.943883895874023,0.26296690106391907,0.005719953216612339,0.009469306096434593,100.0,0.0,30.0,0.0
196,100.97095489501953,103.12689971923828,28.94571876525879,0.24865426123142242,-0.006228713318705559,0.012970398180186749,100.0,0.0,30.0,0.0
197,100.97543334960938,103.65677642822266,28.94390296936035,0.24703086912631989,-0.006267809774726629,0.013272824697196484,100.0,0.0,30.0,0.0
198,100.9747085571289,104.19308471679688,28.9451961517334,0.26031628251075745,0.003056660993024707,0.016656428575515747,100.0,0.0,30.0,0.0
199,100.970947265625,104.72232055664062,28.945606231689453,0.2527119815349579,0.011121644638478756,0.01054142415523529,100.0,0.0,30.0,0.0
200,100.96976470947266,105.25737762451172,28.946340560913086,0.25768759846687317,0.006262775044888258,0.012365425936877728,100.0,0.0,30.0,0.0
201,100.97151184082031,105.80220031738281,28.943115234375,0.25127920508384705,-0.003918446134775877,0.01416272297501564,100.0,0.0,30.0,0.0
202,100.95964813232422,106.35853576660156,28.941709518432617,0.2503012418746948,-0.00013849901733919978,0.016048843041062355,100.0,0.0,30.0,0.0
203,100.95404052734375,106.91393280029297,28.94337272644043,0.2510322034358978,0.0122939832508564,0.013341482728719711,100.0,0.0,30.0,0.0
204,100.95465850830078,107.45918273925781,28.940500259399414,0.25306764245033264,0.00011298258323222399,0.0151505246758461,100.0,0.0,30.0,0.0
205,100.95805358886719,108.00858306884766,28.94512176513672,0.26578032970428467,-0.0061226882971823215,-0.0004286389739718288,100.0,0.0,30.0,0.0
206,100.95850372314453,108.54460906982422,28.941875457763672,0.2511634826660156,-0.0005048350431025028,0.005841341335326433,100.0,0.0,30.0,0.0
207,100.95938873291016,109.08077239990234,28.942691802978516,0.25976017117500305,-0.009359436109662056,0.002620549174025655,100.0,0.0,30.0,0.0
208,100.95976257324219,109.60816955566406,28.942739486694336,0.2563835680484772,-0.0013271196512505412,0.01210553664714098,100.0,0.0,30.0,0.0
209,100.958740234375,110.14088439941406,28.944286346435547,0.26058894395828247,0.00617460859939456,0.00984905194491148,100.0,0.0,30.0,0.0
210,100.94914245605469,110.67559814453125,28.944963455200195,0.25112995505332947,-0.002316891448572278,0.009068845771253109,100.0,0.0,30.0,0.0
211,100.93742370605469,111.20616149902344,28.94710922241211,0.26280274987220764,0.008936562575399876,0.013577720150351524,100.0,0.0,30.0,0.0
212,100.9310531616211,111.72364807128906,28.94776725769043,0.2562144100666046,0.009382404386997223,0.00908240582793951,100.0,0.0,30.0,0.0
213,100.93001556396484,112.23979949951172,28.948328018188477,0.2584960162639618,0.007422775030136108,0.012186490930616856,100.0,0.0,30.0,0.0
214,100.92826080322266,112.75857543945312,28.94911003112793,0.2623457610607147,0.00017115124501287937,0.00952206365764141,100.0,0.0,30.0,0.0
215,100.92565155029297,113.27169799804688,28.948406219482422,0.253417432308197,0.016516881063580513,0.01614852249622345,100.0,0.0,30.0,0.0
216,100.9195327758789,113.79057312011719,28.94841957092285,0.25350576639175415,0.010021712630987167,0.017616353929042816,100.0,0.0,30.0,0.0
217,100.92102813720703,114.3105239868164,28.95082664489746,0.2626507580280304,-0.0012824994046241045,0.007281938102096319,100.0,0.0,30.0,0.0
218,100.92050170898438,114.83905792236328,28.949810028076172,0.2575535774230957,-0.0017051245085895061,0.017871426418423653,100.0,0.0,30.0,0.0
219,100.91950988769531,115.37728118896484,28.951183319091797,0.26339882612228394,-0.006367867346853018,0.006209248211234808,100.0,0.0,30.0,0.0
220,100.92691802978516,115.91465759277344,28.949914932250977,0.25637108087539673,0.000580763618927449,0.028575392439961433,100.0,0.0,30.0,0.0
221,100.92422485351562,116.4596939086914,28.952367782592773,0.2588910460472107,0.0010270082857459784,0.011009549722075462,100.0,0.0,30.0,0.0
222,100.92681121826172,116.99430084228516,28.954193115234375,0.25816527009010315,0.0019916207529604435,0.01279429066926241,100.0,0.0,30.0,0.0
223,100.92919921875,117.5126953125,28.951753616333008,0.2543626129627228,-0.00030212459387257695,0.01427397970110178,100.0,0.0,30.0,0.0
224,100.92857360839844,118.03742980957031,28.953166961669922,0.26122069358825684,-0.006662286818027496,0.005150928627699614,100.0,0.0,30.0,0.0
225,100.92728424072266,118.56624603271484,28.9544620513916,0.2563159763813019,-0.00882025994360447,-9.029102511703968e-05,100.0,0.0,30.0,0.0
226,100.92143249511719,119.10712432861328,28.951086044311523,0.26259151101112366,0.0011463124537840486,0.003835569601505995,100.0,0.0,30.0,0.0
227,100.91856384277344,119.65772247314453,28.94843864440918,0.2505200207233429,-0.006881250999867916,0.01252848468720913,100.0,0.0,30.0,0.0
228,100.91150665283203,120.20841217041016,28.950817108154297,0.2659459710121155,0.004034732934087515,0.006254745181649923,100.0,0.0,30.0,0.0
229,100.90128326416016,120.75151062011719,28.948387145996094,0.25205111503601074,0.0029936442151665688,0.024263406172394753,100.0,0.0,30.0,0.0
230,100.89414978027344,121.30077362060547,28.94896125793457,0.25896814465522766,0.00013997219502925873,0.005157542414963245,100.0,0.0,30.0,0.0
231,100.89761352539062,121.8481216430664,28.9492244720459,0.2552892565727234,-0.002512055914849043,0.010943114757537842,100.0,0.0,30.0,0.0
232,100.90809631347656,122.3882827758789,28.948774337768555,0.24434567987918854,-0.005452021490782499,0.011721989139914513,100.0,0.0,30.0,0.0
233,100.91999053955078,122.92350006103516,28.94765853881836,0.24873225390911102,-0.00953706819564104,0.006020155269652605,100.0,0.0,30.0,0.0
234,100.92704010009766,123.47259521484375,28.94538116455078,0.24978263676166534,-0.006435651797801256,0.006698006764054298,100.0,0.0,30.0,0.0
235,100.92529296875,124.0388412475586,28.9410400390625,0.23948639631271362,-0.0006036776467226446,0.023058680817484856,100.0,0.0,30.0,0.0
236,100.9190444946289,124.6170425415039,28.942773818969727,0.2537335753440857,0.005484003107994795,0.017340458929538727,100.0,0.0,30.0,0.0
237,100.91414642333984,125.19031524658203,28.94243049621582,0.25365591049194336,-4.475274181459099e-05,0.0107528455555439,100.0,0.0,30.0,0.0
238,100.9120101928711,125.75508880615234,28.944753646850586,0.25852257013320923,0.01496267132461071,0.020580006763339043,100.0,0.0,30.0,0.0
239,100.90425872802734,126.30664825439453,28.94510841369629,0.2543007433414459,-0.002765180543065071,0.009484570473432541,100.0,0.0,30.0,0.0
240,100.89820861816406,126.85609436035156,28.94550895690918,0.25511178374290466,0.010720239952206612,0.009579717181622982,100.0,0.0,30.0,0.0
241,100.90252685546875,127.40513610839844,28.943283081054688,0.25214722752571106,0.005154907703399658,0.003802415682002902,100.0,0.0,30.0,0.0
242,100.91558837890625,127.96322631835938,28.94290542602539,0.25190287828445435,-0.002621044870465994,0.006515122950077057,100.0,0.0,30.0,0.0
243,100.92658233642578,128.5337677001953,28.944076538085938,0.2515215277671814,0.0031874331180006266,0.006783456541597843,100.0,0.0,30.0,0.0
244,100.93360900878906,129.10284423828125,28.942790985107422,0.2645757496356964,0.0031643386464565992,0.009465014562010765,100.0,0.0,30.0,0.0
245,100.93619537353516,129.65826416015625,28.94312286376953,0.2600868344306946,-0.007651061285287142,0.0025427378714084625,100.0,0.0,30.0,0.0
246,100.9343490600586,130.2107391357422,28.94039535522461,0.25010061264038086,0.012048209086060524,0.02740962989628315,100.0,0.0,30.0,0.0
247,100.93126678466797,130.7692108154297,28.94395637512207,0.2580079436302185,0.007337958551943302,0.003488947171717882,100.0,0.0,30.0,0.0
248,100.93798828125,131.314208984375,28.9422664642334,0.2570667564868927,-0.008562530390918255,0.00421144301071763,100.0,0.0,30.0,0.0
249,100.94183349609375,131.86328125,28.941635131835938,0.24971555173397064,0.002497281413525343,0.019235890358686447,100.0,0.0,30.0,0.0
250,100.93310546875,132.4219512939453,28.94198226928711,0.258698433637619,-0.009895744733512402,0.010541251860558987,100.0,0.0,30.0,0.0
251,100.91217041015625,132.9891815185547,28.94110107421875,0.25220242142677307,0.009915889240801334,0.012449570931494236,100.0,0.0,30.0,0.0
252,100.89220428466797,133.5644989013672,28.940502166748047,0.2546241879463196,0.0012254617176949978,0.008563709445297718,100.0,0.0,30.0,0.0
253,100.88516235351562,134.14781188964844,28.93991470336914,0.25177276134490967,0.0015163050265982747,0.009285526350140572,100.0,0.0,30.0,0.0
254,100.88842010498047,134.72872924804688,28.943071365356445,0.2518444359302521,0.005047555547207594,0.008818774484097958,100.0,0.0,30.0,0.0
255,100.89651489257812,135.3063507080078,28.94059181213379,0.2556452453136444,0.0014827720588073134,0.010525427758693695,100.0,0.0,30.0,0.0
256,100.90176391601562,135.88656616210938,28.940229415893555,0.2561759650707245,-0.004906586371362209,2.5358109269291162e-05,100.0,0.0,30.0,0.0
257,100.9118423461914,136.47044372558594,28.938770294189453,0.24947188794612885,0.002376001561060548,0.013400071300566196,100.0,0.0,30.0,0.0
258,100.91571807861328,137.0558624267578,28.9364013671875,0.248438760638237,-0.0035604299046099186,0.007915634661912918,100.0,0.0,30.0,0.0
259,100.90696716308594,137.6511993408203,28.935956954956055,0.2546108067035675,0.007717675529420376,0.01646377332508564,100.0,0.0,30.0,0.0
260,100.90042877197266,138.23739624023438,28.93826675415039,0.2506551742553711,-0.0019663588609546423,0.01003437489271164,100.0,0.0,30.0,0.0
261,100.89824676513672,138.82229614257812,28.938875198364258,0.2577235996723175,-0.005224299617111683,0.009933270514011383,100.0,0.0,30.0,0.0
262,100.8960189819336,139.40711975097656,28.93499183654785,0.24489741027355194,0.004788894206285477,0.01900911144912243,100.0,0.0,30.0,0.0
263,100.89169311523438,139.9921112060547,28.939281463623047,0.2594147026538849,-0.007020734250545502,0.0018642429495230317,100.0,0.0,30.0,0.0
264,100.89161682128906,140.559814453125,28.93808937072754,0.2535465359687805,0.0021880040876567364,0.0080796480178833,100.0,0.0,30.0,0.0
265,100.8932876586914,141.12498474121094,28.939393997192383,0.2535691559314728,0.003901285119354725,0.007147795520722866,100.0,0.0,30.0,0.0
266,100.8995590209961,141.68849182128906,28.94141960144043,0.2587496042251587,-0.002811545506119728,0.004430388566106558,100.0,0.0,30.0,0.0
267,100.90277099609375,142.24436950683594,28.941242218017578,0.25137385725975037,-0.006872114725410938,0.0060207294300198555,100.0,0.0,30.0,0.0
268,100.9018325805664,142.80361938476562,28.940322875976562,0.2587648034095764,-0.014341196976602077,-0.0010923069203272462,100.0,0.0,30.0,0.0
269,100.90142059326172,143.373046875,28.942752838134766,0.2556723356246948,0.0021330362651497126,0.0020570443011820316,100.0,0.0,30.0,0.0
270,100.90242767333984,143.94981384277344,28.940317153930664,0.24326983094215393,0.013039988465607166,0.01881389692425728,100.0,0.0,30.0,0.0
271,100.89869689941406,144.5338592529297,28.938405990600586,0.2534872889518738,-0.004979135934263468,0.008416545577347279,100.0,0.0,30.0,0.0
272,100.88858795166016,145.1122589111328,28.940052032470703,0.25514715909957886,0.010608834214508533,0.015492958016693592,100.0,0.0,30.0,0.0
273,100.88311004638672,145.6853485107422,28.942344665527344,0.26841193437576294,-0.002444551093503833,0.0039663235656917095,100.0,0.0,30.0,0.0
274,100.88729095458984,146.24786376953125,28.940980911254883,0.24172033369541168,0.0029148301109671593,0.016390210017561913,100.0,0.0,30.0,0.0
275,100.88478088378906,146.8169708251953,28.942188262939453,0.2596637010574341,-0.015127833001315594,-0.0011174639221280813,100.0,0.0,30.0,0.0
276,100.87892150878906,147.37478637695312,28.94280242919922,0.256381630897522,0.004315051715821028,0.008865212090313435,100.0,0.0,30.0,0.0
277,100.86974334716797,147.9269561767578,28.941604614257812,0.2559204697608948,0.0047562276013195515,0.01150881964713335,100.0,0.0,30.0,0.0
278,100.87128448486328,148.48609924316406,28.942106246948242,0.2542653977870941,-0.0027825133875012398,0.01657097414135933,100.0,0.0,30.0,0.0
279,100.86589050292969,149.0507049560547,28.941402435302734,0.2558838427066803,-0.008239814080297947,0.0046315561048686504,100.0,0.0,30.0,0.0
280,100.85975646972656,149.6162109375,28.940515518188477,0.25706571340560913,-0.005379913374781609,0.015090414322912693,100.0,0.0,30.0,0.0
281,100.85144805908203,150.1832733154297,28.939054489135742,0.2545078694820404,0.010743451304733753,0.018323281779885292,100.0,0.0,30.0,0.0
282,100.83973693847656,150.7481689453125,28.940654754638672,0.2508336305618286,0.007225212641060352,0.014454053714871407,100.0,0.0,30.0,0.0
283,100.83161163330078,151.32418823242188,28.93817138671875,0.25326818227767944,0.0037896926514804363,0.01067559514194727,100.0,0.0,30.0,0.0
284,100.84136199951172,151.90850830078125,28.9390926361084,0.2580309212207794,0.004903515335172415,0.010519612580537796,100.0,0.0,30.0,0.0
285,100.8544692993164,152.4931640625,28.938745498657227,0.2546389698982239,0.002752728294581175,0.01364936400204897,100.0,0.0,30.0,0.0
286,100.86199188232422,153.07301330566406,28.938926696777344,0.253682404756546,-0.007434143219143152,0.011701997369527817,100.0,0.0,30.0,0.0
287,100.8662338256836,153.65499877929688,28.937225341796875,0.24841248989105225,0.0040754592046141624,0.011039039120078087,100.0,0.0,30.0,0.0
288,100.8672866821289,154.24810791015625,28.93732261657715,0.25529104471206665,0.007328597828745842,0.00815178919583559,100.0,0.0,30.0,0.0
289,100.8749008178711,154.8319091796875,28.937959671020508,0.25348493456840515,-0.007580527104437351,0.008064721710979939,100.0,0.0,30.0,0.0
290,100.87377166748047,155.4158172607422,28.93647003173828,0.25679638981819153,-0.0020477829966694117,0.003028725739568472,100.0,0.0,30.0,0.0
291,100.86878204345703,155.98533630371094,28.937959671020508,0.25966677069664,-0.0010484382510185242,0.007774988189339638,100.0,0.0,30.0,0.0
292,100.86897277832031,156.54698181152344,28.940101623535156,0.2592548727989197,0.0040385667234659195,0.0145332096144557,100.0,0.0,30.0,0.0
293,100.86697387695312,157.0991668701172,28.938552856445312,0.25802257657051086,-0.01170595083385706,0.005346702411770821,100.0,0.0,30.0,0.0
294,100.86981201171875,157.6469268798828,28.938976287841797,0.25614652037620544,0.0011755292071029544,0.011689607985317707,100.0,0.0,30.0,0.0
295,100.87397003173828,158.18287658691406,28.944059371948242,0.2583940029144287,0.006695915479212999,0.0050650788471102715,100.0,0.0,30.0,0.0
296,100.88462829589844,158.70896911621094,28.942678451538086,0.2525356709957123,-0.00263596186414361,0.008327427320182323,100.0,0.0,30.0,0.0
297,100.88516235351562,159.24554443359375,28.942880630493164,0.25964754819869995,-0.015843290835618973,0.009971985593438148,100.0,0.0,30.0,0.0
298,100.87474822998047,159.78338623046875,28.941970825195312,0.2528490424156189,0.005273919552564621,0.010189141146838665,100.0,0.0,30.0,0.0
299,100.86382293701172,160.3279571533203,28.942758560180664,0.24567262828350067,0.011650735512375832,0.019967559725046158,100.0,0.0,30.0,0.0
300,100.8511962890625,160.88417053222656,28.941652297973633,0.2518247961997986,0.00910424254834652,0.013910068199038506,100.0,0.0,30.0,0.0
301,100.84314727783203,161.4442901611328,28.942359924316406,0.25466132164001465,0.0066438098438084126,0.00890366081148386,100.0,0.0,30.0,0.0
302,100.8453598022461,161.9938507080078,28.94209861755371,0.26201504468917847,-0.011408865451812744,0.009449692443013191,100.0,0.0,30.0,0.0
303,100.84495544433594,162.53680419921875,28.94430923461914,0.2646070718765259,0.006407535634934902,0.0054983519949018955,100.0,0.0,30.0,0.0
304,100.8514404296875,163.06398010253906,28.946741104125977,0.26331356167793274,-0.00376198161393404,0.009928381070494652,100.0,0.0,30.0,0.0
305,100.84917449951172,163.59573364257812,28.94675636291504,0.2599100172519684,-0.009329570457339287,0.004943668842315674,100.0,0.0,30.0,0.0
306,100.83920288085938,164.1253204345703,28.947004318237305,0.25560030341148376,0.01264084130525589,0.01690683700144291,100.0,0.0,30.0,0.0
307,100.83097839355469,164.65036010742188,28.949039459228516,0.26105087995529175,0.0057515595108270645,0.013161909766495228,100.0,0.0,30.0,0.0
308,100.82254028320312,165.17359924316406,28.9455509185791,0.23724983632564545,0.0026612835936248302,0.02201518975198269,100.0,0.0,30.0,0.0
309,100.82316589355469,165.71998596191406,28.94601058959961,0.25593218207359314,0.0006551708211190999,0.011867662891745567,100.0,0.0,30.0,0.0
310,100.82730102539062,166.26141357421875,28.947568893432617,0.26281002163887024,-0.003483917098492384,0.0035756833385676146,100.0,0.0,30.0,0.0
311,100.83566284179688,166.79342651367188,28.94717788696289,0.2562345266342163,-0.00021826973534189165,0.013616981916129589,100.0,0.0,30.0,0.0
312,100.84683990478516,167.3250274658203,28.947864532470703,0.2516069710254669,0.001656564068980515,0.010486654005944729,100.0,0.0,30.0,0.0
313,100.84919738769531,167.85508728027344,28.946895599365234,0.26201748847961426,0.0038392068818211555,0.01590084470808506,100.0,0.0,30.0,0.0
314,100.85040283203125,168.37591552734375,28.946075439453125,0.25553905963897705,-0.013909922912716866,0.009795499965548515,100.0,0.0,30.0,0.0
315,100.8424301147461,168.90074157714844,28.944175720214844,0.2527614235877991,-0.0022031711414456367,0.019397199153900146,100.0,0.0,30.0,0.0
316,100.82393646240234,169.4280548095703,28.945295333862305,0.2578810453414917,0.000718425028026104,0.009668894112110138,100.0,0.0,30.0,0.0
317,100.81249237060547,169.96466064453125,28.946989059448242,0.2547030746936798,0.01291408110409975,0.022132443264126778,100.0,0.0,30.0,0.0
318,100.80426025390625,170.5052490234375,28.946409225463867,0.259261816740036,0.0072359987534582615,0.01738606207072735,100.0,0.0,30.0,0.0
319,100.7967758178711,171.05149841308594,28.946670532226562,0.2538967728614807,0.008426958695054054,0.01871643215417862,100.0,0.0,30.0,0.0
320,100.78974151611328,171.5927734375,28.945514678955078,0.24804753065109253,0.00717528909444809,0.014572197571396828,100.0,0.0,30.0,0.0
321,100.78606414794922,172.1438446044922,28.942981719970703,0.25103098154067993,-0.006447526626288891,0.013018905185163021,100.0,0.0,30.0,0.0
322,100.7816390991211,172.71791076660156,28.944318771362305,0.24971042573451996,0.002877409802749753,0.01749137043952942,100.0,0.0,30.0,0.0
323,100.78437042236328,173.30165100097656,28.94636344909668,0.2584163546562195,0.006162513978779316,0.013599084690213203,100.0,0.0,30.0,0.0
324,100.78534698486328,173.8837432861328,28.943035125732422,0.24628688395023346,0.0018964627524837852,0.015386818908154964,100.0,0.0,30.0,0.0
325,100.79193115234375,174.46527099609375,28.941974639892578,0.2513296604156494,-0.0010614331113174558,0.012033110484480858,100.0,0.0,30.0,0.0
326,100.8004150390625,175.04066467285156,28.942338943481445,0.2548232078552246,0.001529100351035595,0.015017693862318993,100.0,0.0,30.0,0.0
327,100.81172943115234,175.62026977539062,28.944372177124023,0.25740891695022583,-0.0023460828233510256,0.007673519663512707,100.0,0.0,30.0,0.0
328,100.81830596923828,176.19781494140625,28.93999481201172,0.24576683342456818,-0.007653349544852972,0.00805032067000866,100.0,0.0,30.0,0.0
329,100.81416320800781,176.78207397460938,28.9415225982666,0.25653958320617676,0.0003675426705740392,0.01261629443615675,100.0,0.0,30.0,0.0
330,100.80706787109375,177.35015869140625,28.943267822265625,0.2560825049877167,0.018432121723890305,0.01623796485364437,100.0,0.0,30.0,0.0
331,100.81318664550781,177.91908264160156,28.9403018951416,0.24336197972297668,0.004279282875359058,0.011313521303236485,100.0,0.0,30.0,0.0
332,100.8231430053711,178.4997100830078,28.9418888092041,0.25751444697380066,0.004489844664931297,0.019363626837730408,100.0,0.0,30.0,0.0
333,100.82342529296875,179.0730743408203,28.942888259887695,0.26117318868637085,0.012442095205187798,0.0126169603317976,100.0,0.0,30.0,0.0
334,100.82400512695312,179.6341094970703,28.93924903869629,0.2412911355495453,0.014063127338886261,0.019841907545924187,100.0,0.0,30.0,0.0
335,100.82720184326172,180.2078094482422,28.93926429748535,0.24827198684215546,0.0009963004849851131,0.020418953150510788,100.0,0.0,30.0,0.0
336,100.82084655761719,180.77403259277344,28.94032859802246,0.2543681561946869,-0.009865309111773968,0.007354404777288437,100.0,0.0,30.0,0.0
337,100.81713104248047,181.3347930908203,28.93817901611328,0.24035727977752686,0.003522047773003578,0.010229451581835747,100.0,0.0,30.0,0.0
338,100.82282257080078,181.9029541015625,28.940025329589844,0.2558932602405548,0.008395625278353691,0.017422202974557877,100.0,0.0,30.0,0.0
339,100.82518768310547,182.47727966308594,28.938369750976562,0.24641528725624084,0.0016650623874738812,0.009133746847510338,100.0,0.0,30.0,0.0
340,100.82303619384766,183.05667114257812,28.938480377197266,0.2509439289569855,0.006835884880274534,0.010472333058714867,100.0,0.0,30.0,0.0
341,100.82049560546875,183.64114379882812,28.937292098999023,0.25026461482048035,-0.004177737981081009,0.011597009375691414,100.0,0.0,30.0,0.0
342,100.81559753417969,184.22470092773438,28.934961318969727,0.24340176582336426,0.010249723680317402,0.027024203911423683,100.0,0.0,30.0,0.0
343,100.8050308227539,184.81240844726562,28.936922073364258,0.2471005618572235,0.003235842566937208,0.013110838830471039,100.0,0.0,30.0,0.0
344,100.80541229248047,185.39251708984375,28.938947677612305,0.2519203722476959,0.0032780684996396303,0.009900340810418129,100.0,0.0,30.0,0.0
345,100.80924224853516,185.9700164794922,28.93810272216797,0.2604413628578186,-0.009381668642163277,0.005862189456820488,100.0,0.0,30.0,0.0
346,100.80496978759766,186.54917907714844,28.935354232788086,0.251988023519516,0.007177309133112431,0.011491067707538605,100.0,0.0,30.0,0.0
347,100.80270385742188,187.13145446777344,28.935373306274414,0.2537609934806824,0.0015184659278020263,0.007264656946063042,100.0,0.0,30.0,0.0
348,100.81571197509766,187.7077178955078,28.94053077697754,0.26420170068740845,-0.011097460985183716,-0.003814066294580698,100.0,0.0,30.0,0.0
349,100.82229614257812,188.27597045898438,28.94009017944336,0.2531016767024994,0.008213548921048641,0.015614991076290607,100.0,0.0,30.0,0.0
350,100.82089233398438,188.8450927734375,28.936481475830078,0.2508317828178406,-0.00041812684503383934,0.012264102697372437,100.0,0.0,30.0,0.0
351,100.81472778320312,189.40936279296875,28.93825340270996,0.25509142875671387,-0.0014678530860692263,0.006389155052602291,100.0,0.0,30.0,0.0
352,100.81410217285156,189.96133422851562,28.94136619567871,0.2521921396255493,0.02168707363307476,0.015322832390666008,100.0,0.0,30.0,0.0
353,100.8224868774414,190.52896118164062,28.93729591369629,0.2485940158367157,0.0042734891176223755,0.013605376705527306,100.0,0.0,30.0,0.0
354,100.82349395751953,191.10833740234375,28.934738159179688,0.2439013570547104,-0.0004044283996336162,0.011986193247139454,100.0,0.0,30.0,0.0
355,100.82131958007812,191.69137573242188,28.934513092041016,0.247700035572052,0.005799208767712116,0.010758220218122005,100.0,0.0,30.0,0.0
356,100.81703186035156,192.27755737304688,28.93560028076172,0.2612494230270386,0.00513281486928463,0.01256595179438591,100.0,0.0,30.0,0.0
357,100.8126220703125,192.86477661132812,28.933073043823242,0.24482493102550507,-0.012819825671613216,0.011541081592440605,100.0,0.0,30.0,0.0
358,100.79971313476562,193.45947265625,28.933914184570312,0.2562219202518463,0.010515548288822174,0.012464375235140324,100.0,0.0,30.0,0.0
359,100.79167938232422,194.0440673828125,28.934680938720703,0.2548573613166809,0.005168036092072725,0.007884038612246513,100.0,0.0,30.0,0.0
360,100.78656768798828,194.62925720214844,28.933185577392578,0.24654169380664825,0.006905423477292061,0.013317422941327095,100.0,0.0,30.0,0.0
361,100.79448699951172,195.214599609375,28.933090209960938,0.24801978468894958,0.00017272864351980388,0.007794146426022053,100.0,0.0,30.0,0.0
362,100.79798889160156,195.81410217285156,28.931304931640625,0.25081318616867065,0.0035036152694374323,0.010274655185639858,100.0,0.0,30.0,0.0
363,100.79778289794922,196.41294860839844,28.93311309814453,0.2568909525871277,-0.00873802974820137,-0.003531533991917968,100.0,0.0,30.0,0.0
364,100.79959869384766,197.0001220703125,28.932756423950195,0.2484123408794403,0.0003633928718045354,0.011423499323427677,100.0,0.0,30.0,0.0
365,100.79850769042969,197.58323669433594,28.93283462524414,0.2572104334831238,0.00503208301961422,0.013350878842175007,100.0,0.0,30.0,0.0
366,100.7906494140625,198.16014099121094,28.93307876586914,0.2575559616088867,0.0009726788848638535,0.011358928866684437,100.0,0.0,30.0,0.0
367,100.78754425048828,198.73260498046875,28.932653427124023,0.2603372037410736,-0.0009502785396762192,0.014084492810070515,100.0,0.0,30.0,0.0
368,100.78600311279297,199.30209350585938,28.93499183654785,0.2532097399234772,0.011639720760285854,0.013369516469538212,100.0,0.0,30.0,0.0
369,100.78521728515625,199.86561584472656,28.93776512145996,0.2585299611091614,-0.006320547312498093,0.004533747211098671,100.0,0.0,30.0,0.0
370,100.78388977050781,200.4243927001953,28.93556022644043,0.25823014974594116,-0.0005036855582147837,0.013414250686764717,100.0,0.0,30.0,0.0
371,100.77228546142578,200.98252868652344,28.93782615661621,0.2508123219013214,0.007271743845194578,0.012017067521810532,100.0,0.0,30.0,0.0
372,100.77006530761719,201.54441833496094,28.93956756591797,0.2599945068359375,0.002935797907412052,0.0021493511740118265,100.0,0.0,30.0,0.0
373,100.77304077148438,202.1005401611328,28.939725875854492,0.2570372521877289,-0.006293963175266981,0.007985809817910194,100.0,0.0,30.0,0.0
374,100.77255249023438,202.65646362304688,28.940622329711914,0.2598174214363098,-0.0062767197377979755,0.012439657002687454,100.0,0.0,30.0,0.0
375,100.77680969238281,203.20899963378906,28.942419052124023,0.2443479299545288,0.0026534958742558956,0.01401615235954523,100.0,0.0,30.0,0.0
376,100.78388214111328,203.7685089111328,28.940670013427734,0.2570575475692749,0.012123525142669678,0.02286936156451702,100.0,0.0,30.0,0.0
377,100.78353881835938,204.32818603515625,28.939006805419922,0.24799205362796783,-0.003331266576424241,0.008342983201146126,100.0,0.0,30.0,0.0
378,100.7835693359375,204.88658142089844,28.93813705444336,0.25212642550468445,-0.007382979616522789,0.008380251005291939,100.0,0.0,30.0,0.0
379,100.78389739990234,205.44154357910156,28.940107345581055,0.24952197074890137,0.0028687266167253256,0.0109453359618783,100.0,0.0,30.0,0.0
380,100.78390502929688,205.99171447753906,28.94046401977539,0.2475571632385254,-0.008495614863932133,0.002823957707732916,100.0,0.0,30.0,0.0
381,100.78565979003906,206.53924560546875,28.942420959472656,0.25358182191848755,0.011255706660449505,0.012373083271086216,100.0,0.0,30.0,0.0
382,100.79427337646484,207.08872985839844,28.94314956665039,0.2500777244567871,-0.008214088156819344,0.0025954481679946184,100.0,0.0,30.0,0.0
383,100.79995727539062,207.64491271972656,28.94145393371582,0.2500379681587219,-0.010846277698874474,0.008574092760682106,100.0,0.0,30.0,0.0
384,100.79651641845703,208.21141052246094,28.942947387695312,0.25239771604537964,0.0006175311282277107,0.020485037937760353,100.0,0.0,30.0,0.0
385,100.787109375,208.78713989257812,28.942745208740234,0.25968146324157715,-0.0072977314703166485,0.0026004770770668983,100.0,0.0,30.0,0.0
386,100.77739715576172,209.35084533691406,28.94336700439453,0.2523491382598877,0.006330392323434353,0.02110028825700283,100.0,0.0,30.0,0.0
387,100.77218627929688,209.90708923339844,28.94462013244629,0.2620319724082947,0.006023960188031197,0.009997733868658543,100.0,0.0,30.0,0.0
388,100.77561950683594,210.45477294921875,28.948030471801758,0.26554131507873535,-0.00037253263872116804,0.015771182253956795,100.0,0.0,30.0,0.0
389,100.7762680053711,210.99392700195312,28.94635009765625,0.2483276128768921,-0.004830171819776297,0.007510035298764706,100.0,0.0,30.0,0.0
390,100.78023529052734,211.53652954101562,28.945566177368164,0.2570214569568634,0.0015098190633580089,0.009005064144730568,100.0,0.0,30.0,0.0
391,100.78113555908203,212.0782470703125,28.94756507873535,0.26206034421920776,-0.004581107757985592,0.00681703258305788,100.0,0.0,30.0,0.0
392,100.77518463134766,212.62069702148438,28.94443130493164,0.246522918343544,0.013516608625650406,0.02121344394981861,100.0,0.0,30.0,0.0
393,100.76555633544922,213.18116760253906,28.9408016204834,0.2500234842300415,0.004113834351301193,0.018268587067723274,100.0,0.0,30.0,0.0
394,100.75760650634766,213.74081420898438,28.942060470581055,0.24920548498630524,0.004714612383395433,0.015215592458844185,100.0,0.0,30.0,0.0
395,100.75818634033203,214.29981994628906,28.94327163696289,0.26758208870887756,-0.0019630552269518375,0.002771807601675391,100.0,0.0,30.0,0.0
396,100.76488494873047,214.84796142578125,28.94365882873535,0.2554161250591278,-0.0015398766845464706,0.0004541913513094187,100.0,0.0,30.0,0.0
397,100.78096008300781,215.39280700683594,28.944049835205078,0.25424352288246155,0.013435667380690575,0.012715481221675873,100.0,0.0,30.0,0.0
398,100.79047393798828,215.9317169189453,28.94438934326172,0.25665873289108276,-0.016855109483003616,0.00048201397294178605,100.0,0.0,30.0,0.0
399,100.78675079345703,216.47544860839844,28.944067001342773,0.25913798809051514,0.004329223185777664,0.010054963640868664,100.0,0.0,30.0,0.0
400,100.7730712890625,217.0264434814453,28.941452026367188,0.2505689561367035,0.0017826298717409372,0.019947083666920662,100.0,0.0,30.0,0.0
401,100.75611114501953,217.57846069335938,28.943056106567383,0.25811517238616943,0.012622595764696598,0.01832631602883339,100.0,0.0,30.0,0.0
402,100.75370788574219,218.12594604492188,28.945219039916992,0.256390243768692,0.00021417136304080486,0.00424392893910408,100.0,0.0,30.0,0.0
403,100.76605224609375,218.6648406982422,28.94517707824707,0.2560771405696869,-0.004318741615861654,0.01364086102694273,100.0,0.0,30.0,0.0
404,100.76254272460938,219.2101287841797,28.944326400756836,0.2539078891277313,-0.0028276178054511547,0.015669573098421097,100.0,0.0,30.0,0.0
405,100.75684356689453,219.7617645263672,28.945356369018555,0.25280243158340454,0.006389354355633259,0.010736244730651379,100.0,0.0,30.0,0.0
406,100.756591796875,220.3101806640625,28.946025848388672,0.25595179200172424,0.0021471313666552305,0.009579497389495373,100.0,0.0,30.0,0.0
407,100.75753784179688,220.8623809814453,28.945663452148438,0.2571789026260376,0.001267142011784017,0.00902854185551405,100.0,0.0,30.0,0.0
408,100.75468444824219,221.40940856933594,28.94297218322754,0.24470625817775726,0.003706370946019888,0.010258887894451618,100.0,0.0,30.0,0.0
409,100.75556945800781,221.96279907226562,28.940876007080078,0.2516927719116211,-0.003880647011101246,0.010930761694908142,100.0,0.0,30.0,0.0
410,100.75865173339844,222.5209197998047,28.941368103027344,0.2539459466934204,-0.0006264462135732174,0.003120580455288291,100.0,0.0,30.0,0.0
411,100.76805877685547,223.087158203125,28.93892478942871,0.2534847557544708,-0.0032410533167421818,0.018510477617383003,100.0,0.0,30.0,0.0
412,100.76766967773438,223.65725708007812,28.940032958984375,0.2599498927593231,0.0055664777755737305,0.013073659501969814,100.0,0.0,30.0,0.0
413,100.76773834228516,224.22015380859375,28.938840866088867,0.2470158189535141,0.006488867104053497,0.012472117319703102,100.0,0.0,30.0,0.0
414,100.76293182373047,224.79310607910156,28.93807029724121,0.25408676266670227,-0.0006270611193031073,0.0077696554362773895,100.0,0.0,30.0,0.0
415,100.75439453125,225.35220336914062,28.940242767333984,0.2511797249317169,-0.007266978267580271,0.011750509031116962,100.0,0.0,30.0,0.0
416,100.74987030029297,225.909912109375,28.940410614013672,0.2507941424846649,0.0015307371504604816,0.008597178384661674,100.0,0.0,30.0,0.0
417,100.75715637207031,226.46780395507812,28.938940048217773,0.24809008836746216,0.004495857283473015,0.012469634413719177,100.0,0.0,30.0,0.0
418,100.77040100097656,227.02978515625,28.94032859802246,0.2545223534107208,-0.0027263695374131203,8.883426198735833e-05,100.0,0.0,30.0,0.0
419,100.78411865234375,227.5875701904297,28.94089698791504,0.2509908378124237,-0.00283851008862257,0.010239409282803535,100.0,0.0,30.0,0.0
420,100.78439331054688,228.14524841308594,28.941415786743164,0.24761688709259033,0.0034840917214751244,0.01958930306136608,100.0,0.0,30.0,0.0
421,100.78382110595703,228.70103454589844,28.939666748046875,0.24388857185840607,0.0012461015721783042,0.012427618727087975,100.0,0.0,30.0,0.0
422,100.78063201904297,229.2661895751953,28.94036293029785,0.25645285844802856,-0.006666294764727354,0.009497404098510742,100.0,0.0,30.0,0.0
423,100.77696228027344,229.83023071289062,28.939163208007812,0.24825707077980042,0.0067442310974001884,0.011607254855334759,100.0,0.0,30.0,0.0
424,100.7745361328125,230.39271545410156,28.939769744873047,0.25164058804512024,0.013230361975729465,0.010844657197594643,100.0,0.0,30.0,0.0
425,100.77473449707031,230.95814514160156,28.93915367126465,0.25264662504196167,-0.012857881374657154,0.0038177419919520617,100.0,0.0,30.0,0.0
426,100.76522064208984,231.5278778076172,28.93885040283203,0.24780625104904175,-0.0024313684552907944,0.007732473313808441,100.0,0.0,30.0,0.0
427,100.7584457397461,232.10415649414062,28.940359115600586,0.2504352331161499,0.016552574932575226,0.016554715111851692,100.0,0.0,30.0,0.0
428,100.7583236694336,232.6833038330078,28.93873405456543,0.24489320814609528,0.014338134787976742,0.01913120225071907,100.0,0.0,30.0,0.0
429,100.75526428222656,233.2665557861328,28.939489364624023,0.2625039219856262,-0.013587978668510914,0.002530769445002079,100.0,0.0,30.0,0.0
430,100.74666595458984,233.83836364746094,28.940929412841797,0.26573067903518677,0.012443454936146736,0.007593503687530756,100.0,0.0,30.0,0.0
431,100.74008178710938,234.3984375,28.940628051757812,0.2568913996219635,0.007900413125753403,0.014226297847926617,100.0,0.0,30.0,0.0
432,100.73487854003906,234.94924926757812,28.940471649169922,0.255941778421402,0.0011975230881944299,0.010118207894265652,100.0,0.0,30.0,0.0
433,100.72950744628906,235.4907684326172,28.94025421142578,0.25360196828842163,0.0010949294082820415,0.01184040866792202,100.0,0.0,30.0,0.0
434,100.72677612304688,236.0350799560547,28.939727783203125,0.2576454281806946,-0.0036295985337346792,0.014039652422070503,100.0,0.0,30.0,0.0
435,100.72136688232422,236.58370971679688,28.939226150512695,0.255217969417572,0.009998113848268986,0.024340808391571045,100.0,0.0,30.0,0.0
436,100.70948028564453,237.12545776367188,28.940927505493164,0.2675454318523407,-0.009978041052818298,0.0033440575934946537,100.0,0.0,30.0,0.0
437,100.71266174316406,237.6556396484375,28.94451141357422,0.25330376625061035,0.01673915423452854,0.005079955793917179,100.0,0.0,30.0,0.0
438,100.7301025390625,238.19473266601562,28.941896438598633,0.2437104433774948,-0.006920530926436186,0.014114489778876305,100.0,0.0,30.0,0.0
439,100.7334213256836,238.7509002685547,28.94096565246582,0.2629851698875427,-0.01311324629932642,0.004887853749096394,100.0,0.0,30.0,0.0
440,100.73468780517578,239.30984497070312,28.940826416015625,0.2524954378604889,-0.004681318998336792,0.0057189553044736385,100.0,0.0,30.0,0.0
441,100.73670959472656,239.87355041503906,28.939077377319336,0.24883003532886505,-0.002945065964013338,0.005212006159126759,100.0,0.0,30.0,0.0
442,100.7381591796875,240.44483947753906,28.938411712646484,0.24843929708003998,0.0007361884345300496,0.0060805147513747215,100.0,0.0,30.0,0.0
443,100.7440414428711,241.02403259277344,28.938465118408203,0.25267770886421204,-0.011967883445322514,0.0047013526782393456,100.0,0.0,30.0,0.0
444,100.74090576171875,241.60716247558594,28.938676834106445,0.2645106613636017,-0.0033418694511055946,0.005080677568912506,100.0,0.0,30.0,0.0
445,100.74210357666016,242.1841278076172,28.93834114074707,0.25385239720344543,-0.012226689606904984,0.0011369868880137801,100.0,0.0,30.0,0.0
446,100.74840545654297,242.76243591308594,28.937788009643555,0.25821056962013245,-0.005698349326848984,0.007862764410674572,100.0,0.0,30.0,0.0
447,100.74893188476562,243.3267822265625,28.936891555786133,0.25669705867767334,-0.007729651872068644,0.004676316864788532,100.0,0.0,30.0,0.0
448,100.75355529785156,243.8877716064453,28.933603286743164,0.24858106672763824,-0.00609983317553997,0.012041492387652397,100.0,0.0,30.0,0.0
449,100.75431060791016,244.44772338867188,28.93359375,0.24708305299282074,0.009210494346916676,0.010693772695958614,100.0,0.0,30.0,0.0
450,100.76119232177734,245.00209045410156,28.935335159301758,0.2560179829597473,0.0055876122787594795,0.010130947455763817,100.0,0.0,30.0,0.0
451,100.76007080078125,245.5519256591797,28.935625076293945,0.2606869339942932,-0.010752663016319275,-1.349311787635088e-05,100.0,0.0,30.0,0.0
452,100.75261688232422,246.0989532470703,28.93631362915039,0.2585398852825165,0.0014706173678860068,0.011905730701982975,100.0,0.0,30.0,0.0
453,100.73954772949219,246.6437530517578,28.937166213989258,0.26176130771636963,0.0007187037263065577,0.020926130935549736,100.0,0.0,30.0,0.0
454,100.72509002685547,247.17535400390625,28.939706802368164,0.2494579255580902,0.012558773159980774,0.014404796995222569,100.0,0.0,30.0,0.0
455,100.71928405761719,247.71707153320312,28.940608978271484,0.25914034247398376,-0.0010403149062767625,0.006539365276694298,100.0,0.0,30.0,0.0
456,100.72311401367188,248.2628936767578,28.942825317382812,0.2560174763202667,-0.00027353689074516296,0.005747970659285784,100.0,0.0,30.0,0.0
457,100.72776794433594,248.80960083007812,28.943952560424805,0.2654954791069031,-0.002910035429522395,0.0009197910549119115,100.0,0.0,30.0,0.0
458,100.72632598876953,249.3513946533203,28.94220733642578,0.254309743642807,-0.0018990470562130213,0.009869743138551712,100.0,0.0,30.0,0.0
459,100.71955871582031,249.90000915527344,28.94034767150879,0.2449064701795578,0.0025134060997515917,0.011974141001701355,100.0,0.0,30.0,0.0
460,100.71234893798828,250.47174072265625,28.94080352783203,0.2568957805633545,-0.0059665534645318985,0.009546775370836258,100.0,0.0,30.0,0.0
461,100.7065658569336,251.04592895507812,28.941076278686523,0.2586401104927063,-0.006900855340063572,0.0073245312087237835,100.0,0.0,30.0,0.0
462,100.69861602783203,251.6143035888672,28.940309524536133,0.25159481167793274,0.005764220375567675,0.008654319681227207,100.0,0.0,30.0,0.0
463,100.70282745361328,252.1809844970703,28.94147300720215,0.2509452998638153,0.012273810803890228,0.007510912138968706,100.0,0.0,30.0,0.0
464,100.71641540527344,252.76185607910156,28.93836212158203,0.25300440192222595,0.0017063580453395844,0.012739772908389568,100.0,0.0,30.0,0.0
465,100.72223663330078,253.345947265625,28.9420108795166,0.2638302743434906,0.00010987237328663468,0.005721644964069128,100.0,0.0,30.0,0.0
466,100.72132873535156,253.91807556152344,28.939613342285156,0.2467636913061142,0.0018214430892840028,0.01741192676126957,100.0,0.0,30.0,0.0
467,100.71092987060547,254.4986114501953,28.93977928161621,0.2618567943572998,-0.0081015070900321,0.012840528041124344,100.0,0.0,30.0,0.0
468,100.69477844238281,255.07513427734375,28.940290451049805,0.2536507844924927,0.0017910362221300602,0.014667341485619545,100.0,0.0,30.0,0.0
469,100.68241882324219,255.6385040283203,28.942350387573242,0.2606394290924072,0.013283345848321915,0.01714341714978218,100.0,0.0,30.0,0.0
470,100.67922973632812,256.19256591796875,28.941781997680664,0.2579107880592346,0.0015426968457177281,0.003403765382245183,100.0,0.0,30.0,0.0
471,100.68297576904297,256.737548828125,28.944795608520508,0.26005733013153076,0.008576035499572754,0.021477747708559036,100.0,0.0,30.0,0.0
472,100.67766571044922,257.2791442871094,28.94223976135254,0.2562146782875061,-0.009043389931321144,0.02056848257780075,100.0,0.0,30.0,0.0
473,100.6688232421875,257.81817626953125,28.94475746154785,0.2556518018245697,-0.006753564812242985,0.008915440179407597,100.0,0.0,30.0,0.0
474,100.66287994384766,258.349853515625,28.944101333618164,0.25247034430503845,0.009698924608528614,0.018355850130319595,100.0,0.0,30.0,0.0
475,100.66209411621094,258.8882751464844,28.945024490356445,0.25029340386390686,0.010821758769452572,0.012339486740529537,100.0,0.0,30.0,0.0
476,100.67568969726562,259.4335632324219,28.94125747680664,0.24910645186901093,0.003093164414167404,0.02132716029882431,100.0,0.0,30.0,0.0
477,100.68293762207031,259.9793701171875,28.942773818969727,0.2500894069671631,-5.840812809765339e-05,0.011489465832710266,100.0,0.0,30.0,0.0
478,100.68705749511719,260.5186462402344,28.94145393371582,0.2493053525686264,0.00046420012949965894,0.006940244697034359,100.0,0.0,30.0,0.0
479,100.68998718261719,261.07568359375,28.94092559814453,0.24988549947738647,0.003697507083415985,0.01740063726902008,100.0,0.0,30.0,0.0
480,100.68994140625,261.0982666015625,28.94070053100586,0.2476658970117569,0.005455377511680126,0.019855668768286705,100.0,0.0,30.0,0.0
